<?xml version="1.0" encoding="UTF-8"?>
<manifest identifier="g70a9a35a31c18a916b90e0e39ef7935b" xmlns="http://www.imsglobal.org/xsd/imsccv1p1/imscp_v1p1" xmlns:lom="http://ltsc.ieee.org/xsd/imsccv1p1/LOM/resource" xmlns:imsmd="http://www.imsglobal.org/xsd/imsmd_v1p2" xmlns:xsi="http://www.w3.org/2001/XMLSchema-instance" xsi:schemaLocation="http://www.imsglobal.org/xsd/imsccv1p1/imscp_v1p1 http://www.imsglobal.org/xsd/imscp_v1p1.xsd http://ltsc.ieee.org/xsd/imsccv1p1/LOM/resource http://www.imsglobal.org/profile/cc/ccv1p1/LOM/ccv1p1_lomresource_v1p0.xsd http://www.imsglobal.org/xsd/imsmd_v1p2 http://www.imsglobal.org/xsd/imsmd_v1p2p2.xsd">
  <metadata>
    <schema>IMS Content</schema>
    <schemaversion>1.1.3</schemaversion>
    <imsmd:lom>
      <imsmd:general>
        <imsmd:title>
          <imsmd:string>QTI Quiz Export for course "Spring-2212-COP2073C Intro to Statistic Prog w/ R-4240"</imsmd:string>
        </imsmd:title>
      </imsmd:general>
      <imsmd:lifeCycle>
        <imsmd:contribute>
          <imsmd:date>
            <imsmd:dateTime>2022-12-14</imsmd:dateTime>
          </imsmd:date>
        </imsmd:contribute>
      </imsmd:lifeCycle>
      <imsmd:rights>
        <imsmd:copyrightAndOtherRestrictions>
          <imsmd:value>yes</imsmd:value>
        </imsmd:copyrightAndOtherRestrictions>
        <imsmd:description>
          <imsmd:string>Private (Copyrighted) - http://en.wikipedia.org/wiki/Copyright</imsmd:string>
        </imsmd:description>
      </imsmd:rights>
    </imsmd:lom>
  </metadata>
  <organizations/>
  <resources>
    <resource identifier="gbd03c1289da2bb6748423aa43c2e1313" type="imsqti_xmlv1p2">
      <file href="gbd03c1289da2bb6748423aa43c2e1313/gbd03c1289da2bb6748423aa43c2e1313.xml"/>
      <dependency identifierref="g070ac628a051c1f1c4607af0c693c056"/>
    </resource>
    <resource identifier="g070ac628a051c1f1c4607af0c693c056" type="associatedcontent/imscc_xmlv1p1/learning-application-resource" href="gbd03c1289da2bb6748423aa43c2e1313/assessment_meta.xml">
      <file href="gbd03c1289da2bb6748423aa43c2e1313/assessment_meta.xml"/>
    </resource>
    <resource identifier="g76b90820ae73a5df5e4d979db006e034" type="imsqti_xmlv1p2">
      <file href="g76b90820ae73a5df5e4d979db006e034/g76b90820ae73a5df5e4d979db006e034.xml"/>
      <dependency identifierref="g1e0b247fd0f38d9aaba116602d34369c"/>
    </resource>
    <resource identifier="g1e0b247fd0f38d9aaba116602d34369c" type="associatedcontent/imscc_xmlv1p1/learning-application-resource" href="g76b90820ae73a5df5e4d979db006e034/assessment_meta.xml">
      <file href="g76b90820ae73a5df5e4d979db006e034/assessment_meta.xml"/>
    </resource>
    <resource identifier="g3998d70fdcff973c02b7b4d510cb9ab3" type="imsqti_xmlv1p2">
      <file href="g3998d70fdcff973c02b7b4d510cb9ab3/g3998d70fdcff973c02b7b4d510cb9ab3.xml"/>
      <dependency identifierref="g1c32e4d441009a8ab09d5632f8f3d07a"/>
    </resource>
    <resource identifier="g1c32e4d441009a8ab09d5632f8f3d07a" type="associatedcontent/imscc_xmlv1p1/learning-application-resource" href="g3998d70fdcff973c02b7b4d510cb9ab3/assessment_meta.xml">
      <file href="g3998d70fdcff973c02b7b4d510cb9ab3/assessment_meta.xml"/>
    </resource>
    <resource identifier="gc3ab89440688d19dbc7e5871dc8a6c82" type="imsqti_xmlv1p2">
      <file href="gc3ab89440688d19dbc7e5871dc8a6c82/gc3ab89440688d19dbc7e5871dc8a6c82.xml"/>
      <dependency identifierref="g45fd0f2d45ced2f000a7bd433be5f97a"/>
    </resource>
    <resource identifier="g45fd0f2d45ced2f000a7bd433be5f97a" type="associatedcontent/imscc_xmlv1p1/learning-application-resource" href="gc3ab89440688d19dbc7e5871dc8a6c82/assessment_meta.xml">
      <file href="gc3ab89440688d19dbc7e5871dc8a6c82/assessment_meta.xml"/>
    </resource>
    <resource identifier="g09fa3ce5d64f5c34234a9df27b81cada" type="imsqti_xmlv1p2">
      <file href="g09fa3ce5d64f5c34234a9df27b81cada/g09fa3ce5d64f5c34234a9df27b81cada.xml"/>
      <dependency identifierref="g41212f5f74c4b0e5d8128a48a722523a"/>
    </resource>
    <resource identifier="g41212f5f74c4b0e5d8128a48a722523a" type="associatedcontent/imscc_xmlv1p1/learning-application-resource" href="g09fa3ce5d64f5c34234a9df27b81cada/assessment_meta.xml">
      <file href="g09fa3ce5d64f5c34234a9df27b81cada/assessment_meta.xml"/>
    </resource>
    <resource identifier="gd693cb5c91b25bfbb267d579b8ea471d" type="imsqti_xmlv1p2">
      <file href="gd693cb5c91b25bfbb267d579b8ea471d/gd693cb5c91b25bfbb267d579b8ea471d.xml"/>
      <dependency identifierref="g594f8f6ac8ecd90fa0e95a31d57f5742"/>
    </resource>
    <resource identifier="g594f8f6ac8ecd90fa0e95a31d57f5742" type="associatedcontent/imscc_xmlv1p1/learning-application-resource" href="gd693cb5c91b25bfbb267d579b8ea471d/assessment_meta.xml">
      <file href="gd693cb5c91b25bfbb267d579b8ea471d/assessment_meta.xml"/>
    </resource>
    <resource identifier="g3c6c3381f593af3afe6d8f8cfaa1d3f5" type="imsqti_xmlv1p2">
      <file href="g3c6c3381f593af3afe6d8f8cfaa1d3f5/g3c6c3381f593af3afe6d8f8cfaa1d3f5.xml"/>
      <dependency identifierref="g8e2f1dba6e6a00dd141b5bd2f5dfb31a"/>
    </resource>
    <resource identifier="g8e2f1dba6e6a00dd141b5bd2f5dfb31a" type="associatedcontent/imscc_xmlv1p1/learning-application-resource" href="g3c6c3381f593af3afe6d8f8cfaa1d3f5/assessment_meta.xml">
      <file href="g3c6c3381f593af3afe6d8f8cfaa1d3f5/assessment_meta.xml"/>
    </resource>
    <resource identifier="gcc2b7da18d2343e8b3b9d058d650f31e" type="imsqti_xmlv1p2">
      <file href="gcc2b7da18d2343e8b3b9d058d650f31e/gcc2b7da18d2343e8b3b9d058d650f31e.xml"/>
      <dependency identifierref="g9fa809d640218f3ad687efe9cbd6e198"/>
    </resource>
    <resource identifier="g9fa809d640218f3ad687efe9cbd6e198" type="associatedcontent/imscc_xmlv1p1/learning-application-resource" href="gcc2b7da18d2343e8b3b9d058d650f31e/assessment_meta.xml">
      <file href="gcc2b7da18d2343e8b3b9d058d650f31e/assessment_meta.xml"/>
    </resource>
    <resource identifier="g5b619a32a6110d5ad8e4bd3e9ab52c14" type="imsqti_xmlv1p2">
      <file href="g5b619a32a6110d5ad8e4bd3e9ab52c14/g5b619a32a6110d5ad8e4bd3e9ab52c14.xml"/>
      <dependency identifierref="g753ca902fd78c25c75151bbe96792caf"/>
    </resource>
    <resource identifier="g753ca902fd78c25c75151bbe96792caf" type="associatedcontent/imscc_xmlv1p1/learning-application-resource" href="g5b619a32a6110d5ad8e4bd3e9ab52c14/assessment_meta.xml">
      <file href="g5b619a32a6110d5ad8e4bd3e9ab52c14/assessment_meta.xml"/>
    </resource>
    <resource identifier="g9f888cebe307598a6f20e72d6636d7a8" type="imsqti_xmlv1p2">
      <file href="g9f888cebe307598a6f20e72d6636d7a8/g9f888cebe307598a6f20e72d6636d7a8.xml"/>
      <dependency identifierref="g27ccde03cfa0dc913fc5eef1fd824234"/>
    </resource>
    <resource identifier="g27ccde03cfa0dc913fc5eef1fd824234" type="associatedcontent/imscc_xmlv1p1/learning-application-resource" href="g9f888cebe307598a6f20e72d6636d7a8/assessment_meta.xml">
      <file href="g9f888cebe307598a6f20e72d6636d7a8/assessment_meta.xml"/>
    </resource>
    <resource identifier="gb8c6c7efe8bf36b53dc0e740af5056d9" type="imsqti_xmlv1p2">
      <file href="gb8c6c7efe8bf36b53dc0e740af5056d9/gb8c6c7efe8bf36b53dc0e740af5056d9.xml"/>
      <dependency identifierref="g94e239e0e9993ecbfada22502069a4e1"/>
    </resource>
    <resource identifier="g94e239e0e9993ecbfada22502069a4e1" type="associatedcontent/imscc_xmlv1p1/learning-application-resource" href="gb8c6c7efe8bf36b53dc0e740af5056d9/assessment_meta.xml">
      <file href="gb8c6c7efe8bf36b53dc0e740af5056d9/assessment_meta.xml"/>
    </resource>
    <resource identifier="g2bdfe6871a7dfea334741cb0620f6ee1" type="imsqti_xmlv1p2">
      <file href="g2bdfe6871a7dfea334741cb0620f6ee1/g2bdfe6871a7dfea334741cb0620f6ee1.xml"/>
      <dependency identifierref="gfb2abdb6bfcb51d63326ffd8df6b2b6d"/>
    </resource>
    <resource identifier="gfb2abdb6bfcb51d63326ffd8df6b2b6d" type="associatedcontent/imscc_xmlv1p1/learning-application-resource" href="g2bdfe6871a7dfea334741cb0620f6ee1/assessment_meta.xml">
      <file href="g2bdfe6871a7dfea334741cb0620f6ee1/assessment_meta.xml"/>
    </resource>
    <resource identifier="gcfd425ac40a9317e2ebdca5da38591b7" type="imsqti_xmlv1p2">
      <file href="gcfd425ac40a9317e2ebdca5da38591b7/gcfd425ac40a9317e2ebdca5da38591b7.xml"/>
      <dependency identifierref="g64a20f51cbd0c3719b901ed572cad9ec"/>
    </resource>
    <resource identifier="g64a20f51cbd0c3719b901ed572cad9ec" type="associatedcontent/imscc_xmlv1p1/learning-application-resource" href="gcfd425ac40a9317e2ebdca5da38591b7/assessment_meta.xml">
      <file href="gcfd425ac40a9317e2ebdca5da38591b7/assessment_meta.xml"/>
    </resource>
    <resource identifier="g4d6d415b255300f32d44024654d54fb2" type="imsqti_xmlv1p2">
      <file href="g4d6d415b255300f32d44024654d54fb2/g4d6d415b255300f32d44024654d54fb2.xml"/>
      <dependency identifierref="gfa2c934b9ca892c7bf43ab06f858c513"/>
    </resource>
    <resource identifier="gfa2c934b9ca892c7bf43ab06f858c513" type="associatedcontent/imscc_xmlv1p1/learning-application-resource" href="g4d6d415b255300f32d44024654d54fb2/assessment_meta.xml">
      <file href="g4d6d415b255300f32d44024654d54fb2/assessment_meta.xml"/>
    </resource>
    <resource identifier="g7f22f97d8e9d6c8ee7a30e6de8c26840" type="imsqti_xmlv1p2">
      <file href="g7f22f97d8e9d6c8ee7a30e6de8c26840/g7f22f97d8e9d6c8ee7a30e6de8c26840.xml"/>
      <dependency identifierref="gfe3862f881e854afd3a9f11b6f26f31a"/>
    </resource>
    <resource identifier="gfe3862f881e854afd3a9f11b6f26f31a" type="associatedcontent/imscc_xmlv1p1/learning-application-resource" href="g7f22f97d8e9d6c8ee7a30e6de8c26840/assessment_meta.xml">
      <file href="g7f22f97d8e9d6c8ee7a30e6de8c26840/assessment_meta.xml"/>
    </resource>
    <resource identifier="g864c90fdd8f8086e43009cf8a370b3fb" type="webcontent" href="Quiz Files/plot-m4.JPG">
      <file href="Quiz Files/plot-m4.JPG"/>
    </resource>
    <resource identifier="gb3faa965d22289902c031d8864d23a43" type="webcontent" href="Quiz Files/COP2073C-Midterm-Spring2020-PlotImage.JPG">
      <file href="Quiz Files/COP2073C-Midterm-Spring2020-PlotImage.JPG"/>
    </resource>
    <resource identifier="gba2acea56323c83e9a8a513893741388" type="webcontent" href="Quiz Files/bx.JPG">
      <file href="Quiz Files/bx.JPG"/>
    </resource>
    <resource identifier="g6858e7ec26f885947edf5076be789db8" type="webcontent" href="Quiz Files/out.JPG">
      <file href="Quiz Files/out.JPG"/>
    </resource>
    <resource identifier="gbfbbdb7608f74d67bf91aa8a867fb49d" type="webcontent" href="UPE Files/mod11-upe.JPG">
      <file href="UPE Files/mod11-upe.JPG"/>
    </resource>
  </resources>
</manifest>
