<?xml version="1.0" encoding="UTF-8"?>
<questestinterop xmlns="http://www.imsglobal.org/xsd/ims_qtiasiv1p2" xmlns:xsi="http://www.w3.org/2001/XMLSchema-instance" xsi:schemaLocation="http://www.imsglobal.org/xsd/ims_qtiasiv1p2 http://www.imsglobal.org/xsd/ims_qtiasiv1p2p1.xsd">
  <assessment ident="gc3ab89440688d19dbc7e5871dc8a6c82" title="Review Quiz 4">
    <qtimetadata>
      <qtimetadatafield>
        <fieldlabel>cc_maxattempts</fieldlabel>
        <fieldentry>unlimited</fieldentry>
      </qtimetadatafield>
    </qtimetadata>
    <section ident="root_section">
      <item ident="gf549cae971ce8a18a89ea3053f078e2d" title="Question">
        <itemmetadata>
          <qtimetadata>
            <qtimetadatafield>
              <fieldlabel>question_type</fieldlabel>
              <fieldentry>matching_question</fieldentry>
            </qtimetadatafield>
            <qtimetadatafield>
              <fieldlabel>points_possible</fieldlabel>
              <fieldentry>2.0</fieldentry>
            </qtimetadatafield>
            <qtimetadatafield>
              <fieldlabel>original_answer_ids</fieldlabel>
              <fieldentry>1144,6018,3081,8919</fieldentry>
            </qtimetadatafield>
            <qtimetadatafield>
              <fieldlabel>assessment_question_identifierref</fieldlabel>
              <fieldentry>gf47b767d37e06559ff801f2d253307ba</fieldentry>
            </qtimetadatafield>
          </qtimetadata>
        </itemmetadata>
        <presentation>
          <material>
            <mattext texttype="text/html">&lt;div&gt;Match the special R value with its description.&lt;/div&gt;</mattext>
          </material>
          <response_lid ident="response_1144">
            <material>
              <mattext texttype="text/plain">Inf</mattext>
            </material>
            <render_choice>
              <response_label ident="1852">
                <material>
                  <mattext>numbers too large to represent in R</mattext>
                </material>
              </response_label>
              <response_label ident="9662">
                <material>
                  <mattext>invalid numerical values</mattext>
                </material>
              </response_label>
              <response_label ident="7468">
                <material>
                  <mattext>missing or invalid values (all types)</mattext>
                </material>
              </response_label>
              <response_label ident="7496">
                <material>
                  <mattext>an empty entity</mattext>
                </material>
              </response_label>
            </render_choice>
          </response_lid>
          <response_lid ident="response_6018">
            <material>
              <mattext texttype="text/plain">NaN</mattext>
            </material>
            <render_choice>
              <response_label ident="1852">
                <material>
                  <mattext>numbers too large to represent in R</mattext>
                </material>
              </response_label>
              <response_label ident="9662">
                <material>
                  <mattext>invalid numerical values</mattext>
                </material>
              </response_label>
              <response_label ident="7468">
                <material>
                  <mattext>missing or invalid values (all types)</mattext>
                </material>
              </response_label>
              <response_label ident="7496">
                <material>
                  <mattext>an empty entity</mattext>
                </material>
              </response_label>
            </render_choice>
          </response_lid>
          <response_lid ident="response_3081">
            <material>
              <mattext texttype="text/plain">NA</mattext>
            </material>
            <render_choice>
              <response_label ident="1852">
                <material>
                  <mattext>numbers too large to represent in R</mattext>
                </material>
              </response_label>
              <response_label ident="9662">
                <material>
                  <mattext>invalid numerical values</mattext>
                </material>
              </response_label>
              <response_label ident="7468">
                <material>
                  <mattext>missing or invalid values (all types)</mattext>
                </material>
              </response_label>
              <response_label ident="7496">
                <material>
                  <mattext>an empty entity</mattext>
                </material>
              </response_label>
            </render_choice>
          </response_lid>
          <response_lid ident="response_8919">
            <material>
              <mattext texttype="text/plain">NULL</mattext>
            </material>
            <render_choice>
              <response_label ident="1852">
                <material>
                  <mattext>numbers too large to represent in R</mattext>
                </material>
              </response_label>
              <response_label ident="9662">
                <material>
                  <mattext>invalid numerical values</mattext>
                </material>
              </response_label>
              <response_label ident="7468">
                <material>
                  <mattext>missing or invalid values (all types)</mattext>
                </material>
              </response_label>
              <response_label ident="7496">
                <material>
                  <mattext>an empty entity</mattext>
                </material>
              </response_label>
            </render_choice>
          </response_lid>
        </presentation>
        <resprocessing>
          <outcomes>
            <decvar maxvalue="100" minvalue="0" varname="SCORE" vartype="Decimal"/>
          </outcomes>
          <respcondition>
            <conditionvar>
              <varequal respident="response_1144">1852</varequal>
            </conditionvar>
            <setvar varname="SCORE" action="Add">25.00</setvar>
          </respcondition>
          <respcondition>
            <conditionvar>
              <varequal respident="response_6018">9662</varequal>
            </conditionvar>
            <setvar varname="SCORE" action="Add">25.00</setvar>
          </respcondition>
          <respcondition>
            <conditionvar>
              <varequal respident="response_3081">7468</varequal>
            </conditionvar>
            <setvar varname="SCORE" action="Add">25.00</setvar>
          </respcondition>
          <respcondition>
            <conditionvar>
              <varequal respident="response_8919">7496</varequal>
            </conditionvar>
            <setvar varname="SCORE" action="Add">25.00</setvar>
          </respcondition>
        </resprocessing>
      </item>
      <item ident="g608a3288c689dfcf2f7ec5d9cd832de3" title="Question">
        <itemmetadata>
          <qtimetadata>
            <qtimetadatafield>
              <fieldlabel>question_type</fieldlabel>
              <fieldentry>multiple_choice_question</fieldentry>
            </qtimetadatafield>
            <qtimetadatafield>
              <fieldlabel>points_possible</fieldlabel>
              <fieldentry>2.0</fieldentry>
            </qtimetadatafield>
            <qtimetadatafield>
              <fieldlabel>original_answer_ids</fieldlabel>
              <fieldentry>9429,433,2323,8345</fieldentry>
            </qtimetadatafield>
            <qtimetadatafield>
              <fieldlabel>assessment_question_identifierref</fieldlabel>
              <fieldentry>g98ff57e47669dbe88096959956ec6953</fieldentry>
            </qtimetadatafield>
          </qtimetadata>
        </itemmetadata>
        <presentation>
          <material>
            <mattext texttype="text/html">&lt;div&gt;Which one of the following expressions does not result in a value of Infinity (Inf) in R?&lt;/div&gt;</mattext>
          </material>
          <response_lid ident="response1" rcardinality="Single">
            <render_choice>
              <response_label ident="9429">
                <material>
                  <mattext texttype="text/plain">0 / Inf</mattext>
                </material>
              </response_label>
              <response_label ident="433">
                <material>
                  <mattext texttype="text/plain">Inf / 0</mattext>
                </material>
              </response_label>
              <response_label ident="2323">
                <material>
                  <mattext texttype="text/plain">Inf - 1</mattext>
                </material>
              </response_label>
              <response_label ident="8345">
                <material>
                  <mattext texttype="text/plain">Inf + 1</mattext>
                </material>
              </response_label>
            </render_choice>
          </response_lid>
        </presentation>
        <resprocessing>
          <outcomes>
            <decvar maxvalue="100" minvalue="0" varname="SCORE" vartype="Decimal"/>
          </outcomes>
          <respcondition continue="No">
            <conditionvar>
              <varequal respident="response1">9429</varequal>
            </conditionvar>
            <setvar action="Set" varname="SCORE">100</setvar>
          </respcondition>
        </resprocessing>
      </item>
      <item ident="g322a5d90e37ca6d0fcbc90b18e22d094" title="Question">
        <itemmetadata>
          <qtimetadata>
            <qtimetadatafield>
              <fieldlabel>question_type</fieldlabel>
              <fieldentry>multiple_choice_question</fieldentry>
            </qtimetadatafield>
            <qtimetadatafield>
              <fieldlabel>points_possible</fieldlabel>
              <fieldentry>2.0</fieldentry>
            </qtimetadatafield>
            <qtimetadatafield>
              <fieldlabel>original_answer_ids</fieldlabel>
              <fieldentry>6333,9358,9891,556</fieldentry>
            </qtimetadatafield>
            <qtimetadatafield>
              <fieldlabel>assessment_question_identifierref</fieldlabel>
              <fieldentry>g682b156b4234ccbe408e6dfaa18df4d2</fieldentry>
            </qtimetadatafield>
          </qtimetadata>
        </itemmetadata>
        <presentation>
          <material>
            <mattext texttype="text/html">&lt;div&gt;
&lt;p&gt;Given the following vector f:&lt;/p&gt;
&lt;p&gt;&amp;nbsp; &amp;nbsp; &amp;nbsp; &amp;nbsp; &lt;strong&gt;f &amp;lt;- c(13563,-14156,-14319,16981,12921,11979,9568,8833,-12968,8133)&lt;/strong&gt;&lt;/p&gt;
&lt;p&gt;Which one of the choices shown below will display the values in the vector that are &lt;strong&gt;not&lt;/strong&gt; infinite when raised to the 75th power?&lt;/p&gt;
&lt;/div&gt;</mattext>
          </material>
          <response_lid ident="response1" rcardinality="Single">
            <render_choice>
              <response_label ident="6333">
                <material>
                  <mattext texttype="text/plain">f[is.finite(f^75)]</mattext>
                </material>
              </response_label>
              <response_label ident="9358">
                <material>
                  <mattext texttype="text/plain">!f[is.infinite(f^75)]</mattext>
                </material>
              </response_label>
              <response_label ident="9891">
                <material>
                  <mattext texttype="text/plain">f[as.finite(f^75)]</mattext>
                </material>
              </response_label>
              <response_label ident="556">
                <material>
                  <mattext texttype="text/plain">f[is.nan(f^75)]</mattext>
                </material>
              </response_label>
            </render_choice>
          </response_lid>
        </presentation>
        <resprocessing>
          <outcomes>
            <decvar maxvalue="100" minvalue="0" varname="SCORE" vartype="Decimal"/>
          </outcomes>
          <respcondition continue="No">
            <conditionvar>
              <varequal respident="response1">6333</varequal>
            </conditionvar>
            <setvar action="Set" varname="SCORE">100</setvar>
          </respcondition>
        </resprocessing>
      </item>
      <item ident="g112c6eef3e4aa0417ea12d6574b9e836" title="Question">
        <itemmetadata>
          <qtimetadata>
            <qtimetadatafield>
              <fieldlabel>question_type</fieldlabel>
              <fieldentry>multiple_choice_question</fieldentry>
            </qtimetadatafield>
            <qtimetadatafield>
              <fieldlabel>points_possible</fieldlabel>
              <fieldentry>2.0</fieldentry>
            </qtimetadatafield>
            <qtimetadatafield>
              <fieldlabel>original_answer_ids</fieldlabel>
              <fieldentry>8565,5635,8006,5410</fieldentry>
            </qtimetadatafield>
            <qtimetadatafield>
              <fieldlabel>assessment_question_identifierref</fieldlabel>
              <fieldentry>gf47b767d37e06559ff801f2d253307ba</fieldentry>
            </qtimetadatafield>
          </qtimetadata>
        </itemmetadata>
        <presentation>
          <material>
            <mattext texttype="text/html">&lt;div&gt;
&lt;p&gt;Given the following matrix b&lt;/p&gt;
&lt;p style="padding-left: 40px;"&gt;&lt;strong&gt;&amp;nbsp; &amp;nbsp; &amp;nbsp; &amp;nbsp; &amp;nbsp; &amp;nbsp;[,1]&amp;nbsp; &amp;nbsp; &amp;nbsp; &amp;nbsp; &amp;nbsp; &amp;nbsp; &amp;nbsp; &amp;nbsp; &amp;nbsp; &amp;nbsp; &amp;nbsp;[,2]&amp;nbsp; &amp;nbsp; &amp;nbsp; &amp;nbsp; &amp;nbsp; &amp;nbsp; &amp;nbsp; &amp;nbsp; &amp;nbsp; &amp;nbsp; [,3]&amp;nbsp; &amp;nbsp; &amp;nbsp; &amp;nbsp; &amp;nbsp; &amp;nbsp; &amp;nbsp; &amp;nbsp; &amp;nbsp; &amp;nbsp; &amp;nbsp;[,4]&lt;/strong&gt;&lt;br&gt;&lt;strong&gt;[1,]&amp;nbsp; &amp;nbsp; 77875.40&amp;nbsp; &amp;nbsp; &amp;nbsp; 27551.45&amp;nbsp; &amp;nbsp; &amp;nbsp;23764.30&amp;nbsp; &amp;nbsp; &amp;nbsp;-36478.88&lt;/strong&gt;&lt;br&gt;&lt;strong&gt;[2,]&amp;nbsp; -35466.25&amp;nbsp; &amp;nbsp; &amp;nbsp;-73333.85&amp;nbsp; &amp;nbsp; 36599.69&amp;nbsp; &amp;nbsp; &amp;nbsp;-70585.69&lt;/strong&gt;&lt;br&gt;&lt;strong&gt;[3,]&amp;nbsp; -39803.81&amp;nbsp; &amp;nbsp; &amp;nbsp; 55976.34&amp;nbsp; &amp;nbsp; &amp;nbsp;76694.82&amp;nbsp; &amp;nbsp; &amp;nbsp; 47032.00&lt;/strong&gt;&lt;/p&gt;
&lt;p&gt;Which one of the choices shown below will identify values in the matrix that are either negative infinity or finite when the matrix values are raised to the 67th power?&lt;/p&gt;
&lt;/div&gt;</mattext>
          </material>
          <response_lid ident="response1" rcardinality="Single">
            <render_choice>
              <response_label ident="8565">
                <material>
                  <mattext texttype="text/plain">b[b^67== -Inf | is.finite(b^67)]</mattext>
                </material>
              </response_label>
              <response_label ident="5635">
                <material>
                  <mattext texttype="text/plain">b[b^67==-Inf | b^67 is.finite()]</mattext>
                </material>
              </response_label>
              <response_label ident="8006">
                <material>
                  <mattext texttype="text/plain">b[b^67== -NaN | is.finite(b^67)]</mattext>
                </material>
              </response_label>
              <response_label ident="5410">
                <material>
                  <mattext texttype="text/plain">b[b^67 == -is.infinite(b^67)]</mattext>
                </material>
              </response_label>
            </render_choice>
          </response_lid>
        </presentation>
        <resprocessing>
          <outcomes>
            <decvar maxvalue="100" minvalue="0" varname="SCORE" vartype="Decimal"/>
          </outcomes>
          <respcondition continue="No">
            <conditionvar>
              <varequal respident="response1">8565</varequal>
            </conditionvar>
            <setvar action="Set" varname="SCORE">100</setvar>
          </respcondition>
        </resprocessing>
      </item>
      <item ident="gdb83b7ca22aa3b72b7df49a12aafb200" title="Question">
        <itemmetadata>
          <qtimetadata>
            <qtimetadatafield>
              <fieldlabel>question_type</fieldlabel>
              <fieldentry>multiple_choice_question</fieldentry>
            </qtimetadatafield>
            <qtimetadatafield>
              <fieldlabel>points_possible</fieldlabel>
              <fieldentry>1.0</fieldentry>
            </qtimetadatafield>
            <qtimetadatafield>
              <fieldlabel>original_answer_ids</fieldlabel>
              <fieldentry>6089,4728,762,4903</fieldentry>
            </qtimetadatafield>
            <qtimetadatafield>
              <fieldlabel>assessment_question_identifierref</fieldlabel>
              <fieldentry>gbd051b1f315a82e65af61a41b2a5e6fc</fieldentry>
            </qtimetadatafield>
          </qtimetadata>
        </itemmetadata>
        <presentation>
          <material>
            <mattext texttype="text/html">&lt;div&gt;Matrix dimensions are examples of ________.&lt;/div&gt;</mattext>
          </material>
          <response_lid ident="response1" rcardinality="Single">
            <render_choice>
              <response_label ident="6089">
                <material>
                  <mattext texttype="text/plain">attributes</mattext>
                </material>
              </response_label>
              <response_label ident="4728">
                <material>
                  <mattext texttype="text/plain">columns</mattext>
                </material>
              </response_label>
              <response_label ident="762">
                <material>
                  <mattext texttype="text/plain">descriptors</mattext>
                </material>
              </response_label>
              <response_label ident="4903">
                <material>
                  <mattext texttype="text/plain">sizes</mattext>
                </material>
              </response_label>
            </render_choice>
          </response_lid>
        </presentation>
        <resprocessing>
          <outcomes>
            <decvar maxvalue="100" minvalue="0" varname="SCORE" vartype="Decimal"/>
          </outcomes>
          <respcondition continue="No">
            <conditionvar>
              <varequal respident="response1">6089</varequal>
            </conditionvar>
            <setvar action="Set" varname="SCORE">100</setvar>
          </respcondition>
        </resprocessing>
      </item>
      <item ident="g45dc144a62b66f91975b3af0c42369ab" title="Question">
        <itemmetadata>
          <qtimetadata>
            <qtimetadatafield>
              <fieldlabel>question_type</fieldlabel>
              <fieldentry>multiple_choice_question</fieldentry>
            </qtimetadatafield>
            <qtimetadatafield>
              <fieldlabel>points_possible</fieldlabel>
              <fieldentry>2.0</fieldentry>
            </qtimetadatafield>
            <qtimetadatafield>
              <fieldlabel>original_answer_ids</fieldlabel>
              <fieldentry>2462,6532,4837,8675</fieldentry>
            </qtimetadatafield>
            <qtimetadatafield>
              <fieldlabel>assessment_question_identifierref</fieldlabel>
              <fieldentry>gf47b767d37e06559ff801f2d253307ba</fieldentry>
            </qtimetadatafield>
          </qtimetadata>
        </itemmetadata>
        <presentation>
          <material>
            <mattext texttype="text/html">&lt;div&gt;
&lt;p&gt;Given the matrix m shown below, select the correct list of resulting values after applying the following is-dot functions to m in the order that they occur:&lt;/p&gt;
&lt;p&gt;&lt;strong&gt;&amp;gt; m&lt;/strong&gt;&lt;br&gt;&lt;strong&gt;&amp;nbsp; &amp;nbsp; &amp;nbsp; &amp;nbsp; &amp;nbsp; x&amp;nbsp; &amp;nbsp; &amp;nbsp; &amp;nbsp;y&lt;/strong&gt;&lt;br&gt;&lt;strong&gt;[1,]&amp;nbsp; &amp;nbsp; 1&amp;nbsp; &amp;nbsp; &amp;nbsp; 2.7&lt;/strong&gt;&lt;br&gt;&lt;strong&gt;[2,]&amp;nbsp; &amp;nbsp;2&amp;nbsp; &amp;nbsp; &amp;nbsp; 3.9&lt;/strong&gt;&lt;br&gt;&lt;strong&gt;[3,]&amp;nbsp; &amp;nbsp;3&amp;nbsp; &amp;nbsp; &amp;nbsp; 3.1&lt;/strong&gt;&lt;br&gt;&lt;strong&gt;[4,]&amp;nbsp; &amp;nbsp;4&amp;nbsp; &amp;nbsp; &amp;nbsp; 4.5&lt;/strong&gt;&lt;br&gt;&lt;strong&gt;[5,]&amp;nbsp; &amp;nbsp;5&amp;nbsp; &amp;nbsp; &amp;nbsp; 4.1&lt;/strong&gt;&lt;/p&gt;
&lt;p&gt;&lt;br&gt;&lt;strong&gt;&amp;gt; is.integer(m)&lt;/strong&gt;&lt;br&gt;&lt;strong&gt;________&lt;/strong&gt;&lt;br&gt;&lt;strong&gt;&amp;gt; is.numeric(m)&lt;/strong&gt;&lt;br&gt;&lt;strong&gt;________&lt;/strong&gt;&lt;br&gt;&lt;strong&gt;&amp;gt; is.data.frame(m)&lt;/strong&gt;&lt;br&gt;&lt;strong&gt;________&lt;/strong&gt;&lt;br&gt;&lt;strong&gt;&amp;gt; is.matrix(m)&lt;/strong&gt;&lt;br&gt;&lt;strong&gt;________&lt;/strong&gt;&lt;/p&gt;
&lt;/div&gt;</mattext>
          </material>
          <response_lid ident="response1" rcardinality="Single">
            <render_choice>
              <response_label ident="2462">
                <material>
                  <mattext texttype="text/plain">FALSE, TRUE, FALSE, TRUE</mattext>
                </material>
              </response_label>
              <response_label ident="6532">
                <material>
                  <mattext texttype="text/plain">TRUE, TRUE, FALSE, TRUE</mattext>
                </material>
              </response_label>
              <response_label ident="4837">
                <material>
                  <mattext texttype="text/plain">TRUE, FALSE, FALSE, TRUE</mattext>
                </material>
              </response_label>
              <response_label ident="8675">
                <material>
                  <mattext texttype="text/plain">FALSE, TRUE, TRUE, TRUE</mattext>
                </material>
              </response_label>
            </render_choice>
          </response_lid>
        </presentation>
        <resprocessing>
          <outcomes>
            <decvar maxvalue="100" minvalue="0" varname="SCORE" vartype="Decimal"/>
          </outcomes>
          <respcondition continue="No">
            <conditionvar>
              <varequal respident="response1">2462</varequal>
            </conditionvar>
            <setvar action="Set" varname="SCORE">100</setvar>
          </respcondition>
        </resprocessing>
      </item>
      <item ident="g7d27705c4dd30e1159e492a5f8a5e293" title="Question">
        <itemmetadata>
          <qtimetadata>
            <qtimetadatafield>
              <fieldlabel>question_type</fieldlabel>
              <fieldentry>multiple_choice_question</fieldentry>
            </qtimetadatafield>
            <qtimetadatafield>
              <fieldlabel>points_possible</fieldlabel>
              <fieldentry>1.0</fieldentry>
            </qtimetadatafield>
            <qtimetadatafield>
              <fieldlabel>original_answer_ids</fieldlabel>
              <fieldentry>4109,3689,7021,2279</fieldentry>
            </qtimetadatafield>
            <qtimetadatafield>
              <fieldlabel>assessment_question_identifierref</fieldlabel>
              <fieldentry>gd01652fcc52070c66e686af06ca51375</fieldentry>
            </qtimetadatafield>
          </qtimetadata>
        </itemmetadata>
        <presentation>
          <material>
            <mattext texttype="text/html">&lt;div&gt;The class() function returns the type of data stored for ________ objects.&lt;/div&gt;</mattext>
          </material>
          <response_lid ident="response1" rcardinality="Single">
            <render_choice>
              <response_label ident="4109">
                <material>
                  <mattext texttype="text/plain">vector</mattext>
                </material>
              </response_label>
              <response_label ident="3689">
                <material>
                  <mattext texttype="text/plain">matrix</mattext>
                </material>
              </response_label>
              <response_label ident="7021">
                <material>
                  <mattext texttype="text/plain">factor</mattext>
                </material>
              </response_label>
              <response_label ident="2279">
                <material>
                  <mattext texttype="text/plain">data frame</mattext>
                </material>
              </response_label>
            </render_choice>
          </response_lid>
        </presentation>
        <resprocessing>
          <outcomes>
            <decvar maxvalue="100" minvalue="0" varname="SCORE" vartype="Decimal"/>
          </outcomes>
          <respcondition continue="No">
            <conditionvar>
              <varequal respident="response1">4109</varequal>
            </conditionvar>
            <setvar action="Set" varname="SCORE">100</setvar>
          </respcondition>
        </resprocessing>
      </item>
      <item ident="gcc41ffa1ad66c5ffa3e5af0128673ad6" title="Question">
        <itemmetadata>
          <qtimetadata>
            <qtimetadatafield>
              <fieldlabel>question_type</fieldlabel>
              <fieldentry>multiple_choice_question</fieldentry>
            </qtimetadatafield>
            <qtimetadatafield>
              <fieldlabel>points_possible</fieldlabel>
              <fieldentry>1.0</fieldentry>
            </qtimetadatafield>
            <qtimetadatafield>
              <fieldlabel>original_answer_ids</fieldlabel>
              <fieldentry>3105,3074,2861,3568</fieldentry>
            </qtimetadatafield>
            <qtimetadatafield>
              <fieldlabel>assessment_question_identifierref</fieldlabel>
              <fieldentry>gafdc53232a5dbd5a64a2f093bf277354</fieldentry>
            </qtimetadatafield>
          </qtimetadata>
        </itemmetadata>
        <presentation>
          <material>
            <mattext texttype="text/html">&lt;div&gt;Implicit coercion is performed&amp;nbsp; ________.&lt;/div&gt;</mattext>
          </material>
          <response_lid ident="response1" rcardinality="Single">
            <render_choice>
              <response_label ident="3105">
                <material>
                  <mattext texttype="text/plain">automatically</mattext>
                </material>
              </response_label>
              <response_label ident="3074">
                <material>
                  <mattext texttype="text/plain">by as-dot functions</mattext>
                </material>
              </response_label>
              <response_label ident="2861">
                <material>
                  <mattext texttype="text/plain">by is-dot functions</mattext>
                </material>
              </response_label>
              <response_label ident="3568">
                <material>
                  <mattext texttype="text/plain">by static casting</mattext>
                </material>
              </response_label>
            </render_choice>
          </response_lid>
        </presentation>
        <resprocessing>
          <outcomes>
            <decvar maxvalue="100" minvalue="0" varname="SCORE" vartype="Decimal"/>
          </outcomes>
          <respcondition continue="No">
            <conditionvar>
              <varequal respident="response1">3105</varequal>
            </conditionvar>
            <setvar action="Set" varname="SCORE">100</setvar>
          </respcondition>
        </resprocessing>
      </item>
      <item ident="g1e6b18d87820e3d1310d16f5b6bf6b0c" title="Question">
        <itemmetadata>
          <qtimetadata>
            <qtimetadatafield>
              <fieldlabel>question_type</fieldlabel>
              <fieldentry>multiple_choice_question</fieldentry>
            </qtimetadatafield>
            <qtimetadatafield>
              <fieldlabel>points_possible</fieldlabel>
              <fieldentry>1.0</fieldentry>
            </qtimetadatafield>
            <qtimetadatafield>
              <fieldlabel>original_answer_ids</fieldlabel>
              <fieldentry>22537,28413,32702,56574</fieldentry>
            </qtimetadatafield>
            <qtimetadatafield>
              <fieldlabel>assessment_question_identifierref</fieldlabel>
              <fieldentry>gf47b767d37e06559ff801f2d253307ba</fieldentry>
            </qtimetadatafield>
          </qtimetadata>
        </itemmetadata>
        <presentation>
          <material>
            <mattext texttype="text/html">&lt;div&gt;S3 refers to a ________ system in R.&lt;/div&gt;</mattext>
          </material>
          <response_lid ident="response1" rcardinality="Single">
            <render_choice>
              <response_label ident="22537">
                <material>
                  <mattext texttype="text/plain">class</mattext>
                </material>
              </response_label>
              <response_label ident="28413">
                <material>
                  <mattext texttype="text/plain">notation</mattext>
                </material>
              </response_label>
              <response_label ident="32702">
                <material>
                  <mattext texttype="text/plain">documentation</mattext>
                </material>
              </response_label>
              <response_label ident="56574">
                <material>
                  <mattext texttype="text/plain">statistical measurement</mattext>
                </material>
              </response_label>
            </render_choice>
          </response_lid>
        </presentation>
        <resprocessing>
          <outcomes>
            <decvar maxvalue="100" minvalue="0" varname="SCORE" vartype="Decimal"/>
          </outcomes>
          <respcondition continue="No">
            <conditionvar>
              <varequal respident="response1">22537</varequal>
            </conditionvar>
            <setvar action="Set" varname="SCORE">100</setvar>
          </respcondition>
        </resprocessing>
      </item>
      <item ident="g087737a7610fdbf8ee294d4080edb78d" title="Question">
        <itemmetadata>
          <qtimetadata>
            <qtimetadatafield>
              <fieldlabel>question_type</fieldlabel>
              <fieldentry>multiple_choice_question</fieldentry>
            </qtimetadatafield>
            <qtimetadatafield>
              <fieldlabel>points_possible</fieldlabel>
              <fieldentry>2.0</fieldentry>
            </qtimetadatafield>
            <qtimetadatafield>
              <fieldlabel>original_answer_ids</fieldlabel>
              <fieldentry>92387,71162,94343,86003</fieldentry>
            </qtimetadatafield>
            <qtimetadatafield>
              <fieldlabel>assessment_question_identifierref</fieldlabel>
              <fieldentry>gf47b767d37e06559ff801f2d253307ba</fieldentry>
            </qtimetadatafield>
          </qtimetadata>
        </itemmetadata>
        <presentation>
          <material>
            <mattext texttype="text/html">&lt;div&gt;Given an object "one_play", which one of the choices shown below is the correct way to add a "descriptions" attribute with the values "TwoBar", "OneBar", "Zero"?&lt;/div&gt;</mattext>
          </material>
          <response_lid ident="response1" rcardinality="Single">
            <render_choice>
              <response_label ident="92387">
                <material>
                  <mattext texttype="text/html">attr(one_play, "descriptions") &amp;lt;- c("TwoBar", "OneBar", "Zero")</mattext>
                </material>
              </response_label>
              <response_label ident="71162">
                <material>
                  <mattext texttype="text/html">attributes(one_play, "descriptions") &amp;lt;- c("TwoBar", "OneBar", "Zero")</mattext>
                </material>
              </response_label>
              <response_label ident="94343">
                <material>
                  <mattext texttype="text/html">levels(one_play, "descriptions") &amp;lt;- c("TwoBar", "OneBar", "Zero")</mattext>
                </material>
              </response_label>
              <response_label ident="86003">
                <material>
                  <mattext texttype="text/html">row.names(one_play, "descriptions") &amp;lt;- c("TwoBar", "OneBar", "Zero")</mattext>
                </material>
              </response_label>
            </render_choice>
          </response_lid>
        </presentation>
        <resprocessing>
          <outcomes>
            <decvar maxvalue="100" minvalue="0" varname="SCORE" vartype="Decimal"/>
          </outcomes>
          <respcondition continue="No">
            <conditionvar>
              <varequal respident="response1">92387</varequal>
            </conditionvar>
            <setvar action="Set" varname="SCORE">100</setvar>
          </respcondition>
        </resprocessing>
      </item>
      <item ident="g89c9871f84c01852820bfac9d1a6875e" title="Question">
        <itemmetadata>
          <qtimetadata>
            <qtimetadatafield>
              <fieldlabel>question_type</fieldlabel>
              <fieldentry>matching_question</fieldentry>
            </qtimetadatafield>
            <qtimetadatafield>
              <fieldlabel>points_possible</fieldlabel>
              <fieldentry>2.0</fieldentry>
            </qtimetadatafield>
            <qtimetadatafield>
              <fieldlabel>original_answer_ids</fieldlabel>
              <fieldentry>2962,4605,3072,8087,5510</fieldentry>
            </qtimetadatafield>
            <qtimetadatafield>
              <fieldlabel>assessment_question_identifierref</fieldlabel>
              <fieldentry>gf47b767d37e06559ff801f2d253307ba</fieldentry>
            </qtimetadatafield>
          </qtimetadata>
        </itemmetadata>
        <presentation>
          <material>
            <mattext texttype="text/html">&lt;div&gt;Match the graphical plot parameter with its (partial) description or example values.&lt;/div&gt;</mattext>
          </material>
          <response_lid ident="response_2962">
            <material>
              <mattext texttype="text/plain">type</mattext>
            </material>
            <render_choice>
              <response_label ident="4651">
                <material>
                  <mattext>lines only, points only, lines and points</mattext>
                </material>
              </response_label>
              <response_label ident="5603">
                <material>
                  <mattext>axis label</mattext>
                </material>
              </response_label>
              <response_label ident="5912">
                <material>
                  <mattext>square, circle, plus</mattext>
                </material>
              </response_label>
              <response_label ident="7376">
                <material>
                  <mattext>scaling of text and symbols</mattext>
                </material>
              </response_label>
              <response_label ident="9847">
                <material>
                  <mattext>dotdash, longdash, solid</mattext>
                </material>
              </response_label>
            </render_choice>
          </response_lid>
          <response_lid ident="response_4605">
            <material>
              <mattext texttype="text/plain">xlab</mattext>
            </material>
            <render_choice>
              <response_label ident="4651">
                <material>
                  <mattext>lines only, points only, lines and points</mattext>
                </material>
              </response_label>
              <response_label ident="5603">
                <material>
                  <mattext>axis label</mattext>
                </material>
              </response_label>
              <response_label ident="5912">
                <material>
                  <mattext>square, circle, plus</mattext>
                </material>
              </response_label>
              <response_label ident="7376">
                <material>
                  <mattext>scaling of text and symbols</mattext>
                </material>
              </response_label>
              <response_label ident="9847">
                <material>
                  <mattext>dotdash, longdash, solid</mattext>
                </material>
              </response_label>
            </render_choice>
          </response_lid>
          <response_lid ident="response_3072">
            <material>
              <mattext texttype="text/plain">pch</mattext>
            </material>
            <render_choice>
              <response_label ident="4651">
                <material>
                  <mattext>lines only, points only, lines and points</mattext>
                </material>
              </response_label>
              <response_label ident="5603">
                <material>
                  <mattext>axis label</mattext>
                </material>
              </response_label>
              <response_label ident="5912">
                <material>
                  <mattext>square, circle, plus</mattext>
                </material>
              </response_label>
              <response_label ident="7376">
                <material>
                  <mattext>scaling of text and symbols</mattext>
                </material>
              </response_label>
              <response_label ident="9847">
                <material>
                  <mattext>dotdash, longdash, solid</mattext>
                </material>
              </response_label>
            </render_choice>
          </response_lid>
          <response_lid ident="response_8087">
            <material>
              <mattext texttype="text/plain">cex</mattext>
            </material>
            <render_choice>
              <response_label ident="4651">
                <material>
                  <mattext>lines only, points only, lines and points</mattext>
                </material>
              </response_label>
              <response_label ident="5603">
                <material>
                  <mattext>axis label</mattext>
                </material>
              </response_label>
              <response_label ident="5912">
                <material>
                  <mattext>square, circle, plus</mattext>
                </material>
              </response_label>
              <response_label ident="7376">
                <material>
                  <mattext>scaling of text and symbols</mattext>
                </material>
              </response_label>
              <response_label ident="9847">
                <material>
                  <mattext>dotdash, longdash, solid</mattext>
                </material>
              </response_label>
            </render_choice>
          </response_lid>
          <response_lid ident="response_5510">
            <material>
              <mattext texttype="text/plain">lty</mattext>
            </material>
            <render_choice>
              <response_label ident="4651">
                <material>
                  <mattext>lines only, points only, lines and points</mattext>
                </material>
              </response_label>
              <response_label ident="5603">
                <material>
                  <mattext>axis label</mattext>
                </material>
              </response_label>
              <response_label ident="5912">
                <material>
                  <mattext>square, circle, plus</mattext>
                </material>
              </response_label>
              <response_label ident="7376">
                <material>
                  <mattext>scaling of text and symbols</mattext>
                </material>
              </response_label>
              <response_label ident="9847">
                <material>
                  <mattext>dotdash, longdash, solid</mattext>
                </material>
              </response_label>
            </render_choice>
          </response_lid>
        </presentation>
        <resprocessing>
          <outcomes>
            <decvar maxvalue="100" minvalue="0" varname="SCORE" vartype="Decimal"/>
          </outcomes>
          <respcondition>
            <conditionvar>
              <varequal respident="response_2962">4651</varequal>
            </conditionvar>
            <setvar varname="SCORE" action="Add">20.00</setvar>
          </respcondition>
          <respcondition>
            <conditionvar>
              <varequal respident="response_4605">5603</varequal>
            </conditionvar>
            <setvar varname="SCORE" action="Add">20.00</setvar>
          </respcondition>
          <respcondition>
            <conditionvar>
              <varequal respident="response_3072">5912</varequal>
            </conditionvar>
            <setvar varname="SCORE" action="Add">20.00</setvar>
          </respcondition>
          <respcondition>
            <conditionvar>
              <varequal respident="response_8087">7376</varequal>
            </conditionvar>
            <setvar varname="SCORE" action="Add">20.00</setvar>
          </respcondition>
          <respcondition>
            <conditionvar>
              <varequal respident="response_5510">9847</varequal>
            </conditionvar>
            <setvar varname="SCORE" action="Add">20.00</setvar>
          </respcondition>
        </resprocessing>
      </item>
      <item ident="g565322d3ffff88e7278e60a57d184792" title="Question">
        <itemmetadata>
          <qtimetadata>
            <qtimetadatafield>
              <fieldlabel>question_type</fieldlabel>
              <fieldentry>multiple_choice_question</fieldentry>
            </qtimetadatafield>
            <qtimetadatafield>
              <fieldlabel>points_possible</fieldlabel>
              <fieldentry>2.0</fieldentry>
            </qtimetadatafield>
            <qtimetadatafield>
              <fieldlabel>original_answer_ids</fieldlabel>
              <fieldentry>443,9380,2250,1146</fieldentry>
            </qtimetadatafield>
            <qtimetadatafield>
              <fieldlabel>assessment_question_identifierref</fieldlabel>
              <fieldentry>gf47b767d37e06559ff801f2d253307ba</fieldentry>
            </qtimetadatafield>
          </qtimetadata>
        </itemmetadata>
        <presentation>
          <material>
            <mattext texttype="text/html">&lt;div&gt;
&lt;p&gt;Which one of the plot commands shown below generated the plot shown here:&lt;/p&gt;
&lt;p&gt;&lt;img src="$IMS-CC-FILEBASE$/Quiz%20Files/plot-m4.JPG" alt="Point and line plot of matrix m containing black solid triangles and black dashed lines." width="479" height="257"&gt;&lt;/p&gt;
&lt;/div&gt;</mattext>
          </material>
          <response_lid ident="response1" rcardinality="Single">
            <render_choice>
              <response_label ident="443">
                <material>
                  <mattext texttype="text/plain">plot(m,type='o',lty='dashed', pch=17, main="XY Coordinates", xlab="X Axis", ylab="Y Axis")</mattext>
                </material>
              </response_label>
              <response_label ident="9380">
                <material>
                  <mattext texttype="text/plain">plot(m,type='p',lty='dashed', pch=17, main="XY Coordinates", xlab="X Axis", ylab="Y Axis")</mattext>
                </material>
              </response_label>
              <response_label ident="2250">
                <material>
                  <mattext texttype="text/plain">plot(m,type='l',lty='dashed', pch=17, main="XY Coordinates", xlab="X Axis", ylab="Y Axis")</mattext>
                </material>
              </response_label>
              <response_label ident="1146">
                <material>
                  <mattext texttype="text/plain">plot(m,type='o',lty='dashed', pch=2, main="XY Coordinates", xlab="X Axis", ylab="Y Axis")</mattext>
                </material>
              </response_label>
            </render_choice>
          </response_lid>
        </presentation>
        <resprocessing>
          <outcomes>
            <decvar maxvalue="100" minvalue="0" varname="SCORE" vartype="Decimal"/>
          </outcomes>
          <respcondition continue="No">
            <conditionvar>
              <varequal respident="response1">443</varequal>
            </conditionvar>
            <setvar action="Set" varname="SCORE">100</setvar>
          </respcondition>
        </resprocessing>
      </item>
    </section>
  </assessment>
</questestinterop>
