<?xml version="1.0" encoding="UTF-8"?>
<questestinterop xmlns="http://www.imsglobal.org/xsd/ims_qtiasiv1p2" xmlns:xsi="http://www.w3.org/2001/XMLSchema-instance" xsi:schemaLocation="http://www.imsglobal.org/xsd/ims_qtiasiv1p2 http://www.imsglobal.org/xsd/ims_qtiasiv1p2p1.xsd">
  <assessment ident="g3998d70fdcff973c02b7b4d510cb9ab3" title="Review Quiz 3">
    <qtimetadata>
      <qtimetadatafield>
        <fieldlabel>cc_maxattempts</fieldlabel>
        <fieldentry>unlimited</fieldentry>
      </qtimetadatafield>
    </qtimetadata>
    <section ident="root_section">
      <item ident="g904debffc8fe558aacc76d8eacae47c3" title="Question">
        <itemmetadata>
          <qtimetadata>
            <qtimetadatafield>
              <fieldlabel>question_type</fieldlabel>
              <fieldentry>multiple_choice_question</fieldentry>
            </qtimetadatafield>
            <qtimetadatafield>
              <fieldlabel>points_possible</fieldlabel>
              <fieldentry>1.0</fieldentry>
            </qtimetadatafield>
            <qtimetadatafield>
              <fieldlabel>original_answer_ids</fieldlabel>
              <fieldentry>17041,54473,79254,13021</fieldentry>
            </qtimetadatafield>
            <qtimetadatafield>
              <fieldlabel>assessment_question_identifierref</fieldlabel>
              <fieldentry>gf47b767d37e06559ff801f2d253307ba</fieldentry>
            </qtimetadatafield>
          </qtimetadata>
        </itemmetadata>
        <presentation>
          <material>
            <mattext texttype="text/html">&lt;div&gt;
&lt;p&gt;Given&lt;/p&gt;
&lt;p&gt;&lt;strong&gt;&amp;nbsp; &amp;nbsp; &amp;nbsp; &amp;nbsp; vec&amp;nbsp;&amp;lt;- c(1,2,3,4,5,6,7,8,9,10)&lt;/strong&gt;&lt;/p&gt;
&lt;p&gt;What is the output of the following statement?&lt;/p&gt;
&lt;p&gt;&lt;strong&gt;&amp;nbsp; &amp;nbsp; &amp;nbsp; &amp;nbsp; vec[vec^2 &amp;lt; 50]&lt;/strong&gt;&lt;/p&gt;
&lt;/div&gt;</mattext>
          </material>
          <response_lid ident="response1" rcardinality="Single">
            <render_choice>
              <response_label ident="17041">
                <material>
                  <mattext texttype="text/plain">[1] 1 2 3 4 5 6 7</mattext>
                </material>
              </response_label>
              <response_label ident="54473">
                <material>
                  <mattext texttype="text/plain">[1] 1 4 16 25 36 49 64 81 100</mattext>
                </material>
              </response_label>
              <response_label ident="79254">
                <material>
                  <mattext texttype="text/plain">[1] 1 2 3 4 5</mattext>
                </material>
              </response_label>
              <response_label ident="13021">
                <material>
                  <mattext texttype="text/plain">[1] 1 2 3 4 5 6 7 8</mattext>
                </material>
              </response_label>
            </render_choice>
          </response_lid>
        </presentation>
        <resprocessing>
          <outcomes>
            <decvar maxvalue="100" minvalue="0" varname="SCORE" vartype="Decimal"/>
          </outcomes>
          <respcondition continue="No">
            <conditionvar>
              <varequal respident="response1">17041</varequal>
            </conditionvar>
            <setvar action="Set" varname="SCORE">100</setvar>
          </respcondition>
        </resprocessing>
      </item>
      <item ident="g0ecacf4d50b5a3d835d7c775f5c6fbed" title="Question">
        <itemmetadata>
          <qtimetadata>
            <qtimetadatafield>
              <fieldlabel>question_type</fieldlabel>
              <fieldentry>multiple_choice_question</fieldentry>
            </qtimetadatafield>
            <qtimetadatafield>
              <fieldlabel>points_possible</fieldlabel>
              <fieldentry>1.0</fieldentry>
            </qtimetadatafield>
            <qtimetadatafield>
              <fieldlabel>original_answer_ids</fieldlabel>
              <fieldentry>5981,4599,6623,1314</fieldentry>
            </qtimetadatafield>
            <qtimetadatafield>
              <fieldlabel>assessment_question_identifierref</fieldlabel>
              <fieldentry>gaf1daec9cd3661c099f05aefe6ea568a</fieldentry>
            </qtimetadatafield>
          </qtimetadata>
        </itemmetadata>
        <presentation>
          <material>
            <mattext texttype="text/html">&lt;div&gt;
&lt;p&gt;Given two logical vectors&lt;/p&gt;
&lt;p&gt;&lt;strong&gt;&amp;nbsp; &amp;nbsp; v1 &amp;lt;- c(T, T, F, F, F, T)&lt;/strong&gt;&lt;br&gt;&lt;strong&gt;&amp;nbsp; &amp;nbsp; v2 &amp;lt;- c(F, T, F, T, F, T)&lt;/strong&gt;&lt;/p&gt;
&lt;p&gt;What is the result of the following operation?&amp;nbsp;&lt;/p&gt;
&lt;p&gt;&lt;strong&gt;&amp;nbsp; &amp;nbsp; v1 - v2&lt;/strong&gt;&lt;/p&gt;
&lt;/div&gt;</mattext>
          </material>
          <response_lid ident="response1" rcardinality="Single">
            <render_choice>
              <response_label ident="5981">
                <material>
                  <mattext texttype="text/html">&lt;strong&gt;1&amp;nbsp; 0&amp;nbsp; 0&amp;nbsp; -1&amp;nbsp; 0&amp;nbsp; 0&lt;/strong&gt;</mattext>
                </material>
              </response_label>
              <response_label ident="4599">
                <material>
                  <mattext texttype="text/html">&lt;strong&gt;1&amp;nbsp; 2&amp;nbsp; 0&amp;nbsp; 1&amp;nbsp; 0&amp;nbsp; 2&lt;/strong&gt;</mattext>
                </material>
              </response_label>
              <response_label ident="6623">
                <material>
                  <mattext texttype="text/html">&lt;strong&gt;0&amp;nbsp; 1&amp;nbsp; 0&amp;nbsp; 0&amp;nbsp; 0&amp;nbsp; 1&lt;/strong&gt;</mattext>
                </material>
              </response_label>
              <response_label ident="1314">
                <material>
                  <mattext texttype="text/html">&lt;strong&gt;Inf&amp;nbsp; 1&amp;nbsp; NaN&amp;nbsp; 0&amp;nbsp; NaN&amp;nbsp; 1&lt;/strong&gt;</mattext>
                </material>
              </response_label>
            </render_choice>
          </response_lid>
        </presentation>
        <resprocessing>
          <outcomes>
            <decvar maxvalue="100" minvalue="0" varname="SCORE" vartype="Decimal"/>
          </outcomes>
          <respcondition continue="No">
            <conditionvar>
              <varequal respident="response1">5981</varequal>
            </conditionvar>
            <setvar action="Set" varname="SCORE">100</setvar>
          </respcondition>
        </resprocessing>
      </item>
      <item ident="g4287b060ec522e2970f83b28730fdf77" title="Question">
        <itemmetadata>
          <qtimetadata>
            <qtimetadatafield>
              <fieldlabel>question_type</fieldlabel>
              <fieldentry>multiple_choice_question</fieldentry>
            </qtimetadatafield>
            <qtimetadatafield>
              <fieldlabel>points_possible</fieldlabel>
              <fieldentry>1.0</fieldentry>
            </qtimetadatafield>
            <qtimetadatafield>
              <fieldlabel>original_answer_ids</fieldlabel>
              <fieldentry>2632,5137,1955,2807</fieldentry>
            </qtimetadatafield>
            <qtimetadatafield>
              <fieldlabel>assessment_question_identifierref</fieldlabel>
              <fieldentry>g5577a12f08bbfb02a2dab37dc60fd476</fieldentry>
            </qtimetadatafield>
          </qtimetadata>
        </itemmetadata>
        <presentation>
          <material>
            <mattext texttype="text/html">&lt;div&gt;
&lt;p&gt;Given two vectors&lt;/p&gt;
&lt;p&gt;&lt;strong&gt;&amp;nbsp; &amp;nbsp; v1 &amp;lt;- c(5,6,7,8)&lt;/strong&gt;&lt;br&gt;&lt;strong&gt;&amp;nbsp; &amp;nbsp; v2 &amp;lt;- c(10,9,8,7)&lt;/strong&gt;&lt;/p&gt;
&lt;p&gt;What is the value of the vector v which results from the following expression:&lt;/p&gt;
&lt;p&gt;&lt;strong&gt;&amp;nbsp; &amp;nbsp; v &amp;lt;- v1[v2 &amp;gt;= 6]&lt;/strong&gt;&lt;/p&gt;
&lt;/div&gt;</mattext>
          </material>
          <response_lid ident="response1" rcardinality="Single">
            <render_choice>
              <response_label ident="2632">
                <material>
                  <mattext texttype="text/html">&lt;strong&gt;5&amp;nbsp; 6&amp;nbsp; 7&amp;nbsp; 8&lt;/strong&gt;</mattext>
                </material>
              </response_label>
              <response_label ident="5137">
                <material>
                  <mattext texttype="text/html">&lt;strong&gt;numeric(0)&lt;/strong&gt;</mattext>
                </material>
              </response_label>
              <response_label ident="1955">
                <material>
                  <mattext texttype="text/html">&lt;strong&gt;5&lt;/strong&gt;</mattext>
                </material>
              </response_label>
              <response_label ident="2807">
                <material>
                  <mattext texttype="text/html">&lt;strong&gt;7&amp;nbsp; 8&lt;/strong&gt;</mattext>
                </material>
              </response_label>
            </render_choice>
          </response_lid>
        </presentation>
        <resprocessing>
          <outcomes>
            <decvar maxvalue="100" minvalue="0" varname="SCORE" vartype="Decimal"/>
          </outcomes>
          <respcondition continue="No">
            <conditionvar>
              <varequal respident="response1">2632</varequal>
            </conditionvar>
            <setvar action="Set" varname="SCORE">100</setvar>
          </respcondition>
        </resprocessing>
      </item>
      <item ident="g658743360275fa8f678c46694c9443f2" title="Question">
        <itemmetadata>
          <qtimetadata>
            <qtimetadatafield>
              <fieldlabel>question_type</fieldlabel>
              <fieldentry>multiple_choice_question</fieldentry>
            </qtimetadatafield>
            <qtimetadatafield>
              <fieldlabel>points_possible</fieldlabel>
              <fieldentry>1.0</fieldentry>
            </qtimetadatafield>
            <qtimetadatafield>
              <fieldlabel>original_answer_ids</fieldlabel>
              <fieldentry>1910,8207,2656,8872</fieldentry>
            </qtimetadatafield>
            <qtimetadatafield>
              <fieldlabel>assessment_question_identifierref</fieldlabel>
              <fieldentry>gf47b767d37e06559ff801f2d253307ba</fieldentry>
            </qtimetadatafield>
          </qtimetadata>
        </itemmetadata>
        <presentation>
          <material>
            <mattext texttype="text/html">&lt;div&gt;
&lt;p&gt;The rev() function reverses elements of a vector. Given two vectors&lt;/p&gt;
&lt;p&gt;&lt;strong&gt;&amp;nbsp; &amp;nbsp; v1 &amp;lt;- 5 6 7 8&lt;/strong&gt;&lt;br&gt;&lt;strong&gt;&amp;nbsp; &amp;nbsp; v2 &amp;lt;- 10 9 8 7&lt;/strong&gt;&lt;/p&gt;
&lt;p&gt;What is the value of the logical vector produced by the following expression:&lt;/p&gt;
&lt;p&gt;&lt;strong&gt;&amp;nbsp; &amp;nbsp; (rev(v1)+v2) &amp;gt; 15&lt;/strong&gt;&lt;/p&gt;
&lt;/div&gt;</mattext>
          </material>
          <response_lid ident="response1" rcardinality="Single">
            <render_choice>
              <response_label ident="1910">
                <material>
                  <mattext texttype="text/plain">TRUE  TRUE FALSE FALSE</mattext>
                </material>
              </response_label>
              <response_label ident="8207">
                <material>
                  <mattext texttype="text/plain">FALSE  FALSE FALSE FALSE</mattext>
                </material>
              </response_label>
              <response_label ident="2656">
                <material>
                  <mattext texttype="text/plain">TRUE  TRUE TRUE TRUE</mattext>
                </material>
              </response_label>
              <response_label ident="8872">
                <material>
                  <mattext texttype="text/plain">FALSE FALSE TRUE  TRUE</mattext>
                </material>
              </response_label>
            </render_choice>
          </response_lid>
        </presentation>
        <resprocessing>
          <outcomes>
            <decvar maxvalue="100" minvalue="0" varname="SCORE" vartype="Decimal"/>
          </outcomes>
          <respcondition continue="No">
            <conditionvar>
              <varequal respident="response1">1910</varequal>
            </conditionvar>
            <setvar action="Set" varname="SCORE">100</setvar>
          </respcondition>
        </resprocessing>
      </item>
      <item ident="g4c372ae87ddc5ccae867f3de795e95cd" title="Question">
        <itemmetadata>
          <qtimetadata>
            <qtimetadatafield>
              <fieldlabel>question_type</fieldlabel>
              <fieldentry>multiple_choice_question</fieldentry>
            </qtimetadatafield>
            <qtimetadatafield>
              <fieldlabel>points_possible</fieldlabel>
              <fieldentry>1.0</fieldentry>
            </qtimetadatafield>
            <qtimetadatafield>
              <fieldlabel>original_answer_ids</fieldlabel>
              <fieldentry>4582,5688,9786,3739</fieldentry>
            </qtimetadatafield>
            <qtimetadatafield>
              <fieldlabel>assessment_question_identifierref</fieldlabel>
              <fieldentry>g942572977103b2dfa5ecb78ea8e185fb</fieldentry>
            </qtimetadatafield>
          </qtimetadata>
        </itemmetadata>
        <presentation>
          <material>
            <mattext texttype="text/html">&lt;div&gt;________ represent the possible values factors can take.&lt;/div&gt;</mattext>
          </material>
          <response_lid ident="response1" rcardinality="Single">
            <render_choice>
              <response_label ident="4582">
                <material>
                  <mattext texttype="text/plain">Levels</mattext>
                </material>
              </response_label>
              <response_label ident="5688">
                <material>
                  <mattext texttype="text/plain">Variables</mattext>
                </material>
              </response_label>
              <response_label ident="9786">
                <material>
                  <mattext texttype="text/plain">Logicals</mattext>
                </material>
              </response_label>
              <response_label ident="3739">
                <material>
                  <mattext texttype="text/plain">Characters</mattext>
                </material>
              </response_label>
            </render_choice>
          </response_lid>
        </presentation>
        <resprocessing>
          <outcomes>
            <decvar maxvalue="100" minvalue="0" varname="SCORE" vartype="Decimal"/>
          </outcomes>
          <respcondition continue="No">
            <conditionvar>
              <varequal respident="response1">4582</varequal>
            </conditionvar>
            <setvar action="Set" varname="SCORE">100</setvar>
          </respcondition>
        </resprocessing>
      </item>
      <item ident="g5c5b325d54643a2c97efa212c0362ca2" title="Question">
        <itemmetadata>
          <qtimetadata>
            <qtimetadatafield>
              <fieldlabel>question_type</fieldlabel>
              <fieldentry>multiple_choice_question</fieldentry>
            </qtimetadatafield>
            <qtimetadatafield>
              <fieldlabel>points_possible</fieldlabel>
              <fieldentry>1.0</fieldentry>
            </qtimetadatafield>
            <qtimetadatafield>
              <fieldlabel>original_answer_ids</fieldlabel>
              <fieldentry>8972,2032,5086,6504</fieldentry>
            </qtimetadatafield>
            <qtimetadatafield>
              <fieldlabel>assessment_question_identifierref</fieldlabel>
              <fieldentry>gf47b767d37e06559ff801f2d253307ba</fieldentry>
            </qtimetadatafield>
          </qtimetadata>
        </itemmetadata>
        <presentation>
          <material>
            <mattext texttype="text/html">&lt;div&gt;
&lt;p&gt;What is the result of evaluating the following expression:?&lt;/p&gt;
&lt;p&gt;&lt;strong&gt;!((v3 * v1 * 3) &amp;gt; (v3 * v2 * 2))&lt;/strong&gt;&lt;/p&gt;
&lt;/div&gt;</mattext>
          </material>
          <response_lid ident="response1" rcardinality="Single">
            <render_choice>
              <response_label ident="8972">
                <material>
                  <mattext texttype="text/plain">TRUE  TRUE FALSE FALSE</mattext>
                </material>
              </response_label>
              <response_label ident="2032">
                <material>
                  <mattext texttype="text/plain">FALSE FALSE  TRUE  TRUE</mattext>
                </material>
              </response_label>
              <response_label ident="5086">
                <material>
                  <mattext texttype="text/plain">FALSE FALSE  FALSE FALSE</mattext>
                </material>
              </response_label>
              <response_label ident="6504">
                <material>
                  <mattext texttype="text/plain">TRUE TRUE TRUE TRUE</mattext>
                </material>
              </response_label>
            </render_choice>
          </response_lid>
        </presentation>
        <resprocessing>
          <outcomes>
            <decvar maxvalue="100" minvalue="0" varname="SCORE" vartype="Decimal"/>
          </outcomes>
          <respcondition continue="No">
            <conditionvar>
              <varequal respident="response1">8972</varequal>
            </conditionvar>
            <setvar action="Set" varname="SCORE">100</setvar>
          </respcondition>
        </resprocessing>
      </item>
      <item ident="ga5df4fbf41d53ea0acb517c6b829cd91" title="Question">
        <itemmetadata>
          <qtimetadata>
            <qtimetadatafield>
              <fieldlabel>question_type</fieldlabel>
              <fieldentry>matching_question</fieldentry>
            </qtimetadatafield>
            <qtimetadatafield>
              <fieldlabel>points_possible</fieldlabel>
              <fieldentry>1.0</fieldentry>
            </qtimetadatafield>
            <qtimetadatafield>
              <fieldlabel>original_answer_ids</fieldlabel>
              <fieldentry>6270,1967,4050,2092,8499</fieldentry>
            </qtimetadatafield>
            <qtimetadatafield>
              <fieldlabel>assessment_question_identifierref</fieldlabel>
              <fieldentry>gf47b767d37e06559ff801f2d253307ba</fieldentry>
            </qtimetadatafield>
          </qtimetadata>
        </itemmetadata>
        <presentation>
          <material>
            <mattext texttype="text/html">&lt;div&gt;Match the operator with the description.&lt;/div&gt;</mattext>
          </material>
          <response_lid ident="response_6270">
            <material>
              <mattext texttype="text/plain">&amp;</mattext>
            </material>
            <render_choice>
              <response_label ident="984">
                <material>
                  <mattext>Element-by-element AND</mattext>
                </material>
              </response_label>
              <response_label ident="4183">
                <material>
                  <mattext>Single comparison AND</mattext>
                </material>
              </response_label>
              <response_label ident="7153">
                <material>
                  <mattext>Element-by-element OR</mattext>
                </material>
              </response_label>
              <response_label ident="3625">
                <material>
                  <mattext>Single comparison OR</mattext>
                </material>
              </response_label>
              <response_label ident="9169">
                <material>
                  <mattext>Not</mattext>
                </material>
              </response_label>
            </render_choice>
          </response_lid>
          <response_lid ident="response_1967">
            <material>
              <mattext texttype="text/plain">&amp;&amp;</mattext>
            </material>
            <render_choice>
              <response_label ident="984">
                <material>
                  <mattext>Element-by-element AND</mattext>
                </material>
              </response_label>
              <response_label ident="4183">
                <material>
                  <mattext>Single comparison AND</mattext>
                </material>
              </response_label>
              <response_label ident="7153">
                <material>
                  <mattext>Element-by-element OR</mattext>
                </material>
              </response_label>
              <response_label ident="3625">
                <material>
                  <mattext>Single comparison OR</mattext>
                </material>
              </response_label>
              <response_label ident="9169">
                <material>
                  <mattext>Not</mattext>
                </material>
              </response_label>
            </render_choice>
          </response_lid>
          <response_lid ident="response_4050">
            <material>
              <mattext texttype="text/plain">|</mattext>
            </material>
            <render_choice>
              <response_label ident="984">
                <material>
                  <mattext>Element-by-element AND</mattext>
                </material>
              </response_label>
              <response_label ident="4183">
                <material>
                  <mattext>Single comparison AND</mattext>
                </material>
              </response_label>
              <response_label ident="7153">
                <material>
                  <mattext>Element-by-element OR</mattext>
                </material>
              </response_label>
              <response_label ident="3625">
                <material>
                  <mattext>Single comparison OR</mattext>
                </material>
              </response_label>
              <response_label ident="9169">
                <material>
                  <mattext>Not</mattext>
                </material>
              </response_label>
            </render_choice>
          </response_lid>
          <response_lid ident="response_2092">
            <material>
              <mattext texttype="text/plain">||</mattext>
            </material>
            <render_choice>
              <response_label ident="984">
                <material>
                  <mattext>Element-by-element AND</mattext>
                </material>
              </response_label>
              <response_label ident="4183">
                <material>
                  <mattext>Single comparison AND</mattext>
                </material>
              </response_label>
              <response_label ident="7153">
                <material>
                  <mattext>Element-by-element OR</mattext>
                </material>
              </response_label>
              <response_label ident="3625">
                <material>
                  <mattext>Single comparison OR</mattext>
                </material>
              </response_label>
              <response_label ident="9169">
                <material>
                  <mattext>Not</mattext>
                </material>
              </response_label>
            </render_choice>
          </response_lid>
          <response_lid ident="response_8499">
            <material>
              <mattext texttype="text/plain">!</mattext>
            </material>
            <render_choice>
              <response_label ident="984">
                <material>
                  <mattext>Element-by-element AND</mattext>
                </material>
              </response_label>
              <response_label ident="4183">
                <material>
                  <mattext>Single comparison AND</mattext>
                </material>
              </response_label>
              <response_label ident="7153">
                <material>
                  <mattext>Element-by-element OR</mattext>
                </material>
              </response_label>
              <response_label ident="3625">
                <material>
                  <mattext>Single comparison OR</mattext>
                </material>
              </response_label>
              <response_label ident="9169">
                <material>
                  <mattext>Not</mattext>
                </material>
              </response_label>
            </render_choice>
          </response_lid>
        </presentation>
        <resprocessing>
          <outcomes>
            <decvar maxvalue="100" minvalue="0" varname="SCORE" vartype="Decimal"/>
          </outcomes>
          <respcondition>
            <conditionvar>
              <varequal respident="response_6270">984</varequal>
            </conditionvar>
            <setvar varname="SCORE" action="Add">20.00</setvar>
          </respcondition>
          <respcondition>
            <conditionvar>
              <varequal respident="response_1967">4183</varequal>
            </conditionvar>
            <setvar varname="SCORE" action="Add">20.00</setvar>
          </respcondition>
          <respcondition>
            <conditionvar>
              <varequal respident="response_4050">7153</varequal>
            </conditionvar>
            <setvar varname="SCORE" action="Add">20.00</setvar>
          </respcondition>
          <respcondition>
            <conditionvar>
              <varequal respident="response_2092">3625</varequal>
            </conditionvar>
            <setvar varname="SCORE" action="Add">20.00</setvar>
          </respcondition>
          <respcondition>
            <conditionvar>
              <varequal respident="response_8499">9169</varequal>
            </conditionvar>
            <setvar varname="SCORE" action="Add">20.00</setvar>
          </respcondition>
        </resprocessing>
      </item>
      <item ident="ge80ce83a77966d849d70332c903ce48b" title="Question">
        <itemmetadata>
          <qtimetadata>
            <qtimetadatafield>
              <fieldlabel>question_type</fieldlabel>
              <fieldentry>multiple_choice_question</fieldentry>
            </qtimetadatafield>
            <qtimetadatafield>
              <fieldlabel>points_possible</fieldlabel>
              <fieldentry>1.0</fieldentry>
            </qtimetadatafield>
            <qtimetadatafield>
              <fieldlabel>original_answer_ids</fieldlabel>
              <fieldentry>7639,9562,2216,4541</fieldentry>
            </qtimetadatafield>
            <qtimetadatafield>
              <fieldlabel>assessment_question_identifierref</fieldlabel>
              <fieldentry>g1ab28924426bfac55e9814aaeb00b0e7</fieldentry>
            </qtimetadatafield>
          </qtimetadata>
        </itemmetadata>
        <presentation>
          <material>
            <mattext texttype="text/html">&lt;div&gt;The _____ and _____ functions can be used in R to bin data into discrete groups.&lt;/div&gt;</mattext>
          </material>
          <response_lid ident="response1" rcardinality="Single">
            <render_choice>
              <response_label ident="7639">
                <material>
                  <mattext texttype="text/plain">by, cut</mattext>
                </material>
              </response_label>
              <response_label ident="9562">
                <material>
                  <mattext texttype="text/plain">group, bin</mattext>
                </material>
              </response_label>
              <response_label ident="2216">
                <material>
                  <mattext texttype="text/plain">group, concat</mattext>
                </material>
              </response_label>
              <response_label ident="4541">
                <material>
                  <mattext texttype="text/plain">substr, grep</mattext>
                </material>
              </response_label>
            </render_choice>
          </response_lid>
        </presentation>
        <resprocessing>
          <outcomes>
            <decvar maxvalue="100" minvalue="0" varname="SCORE" vartype="Decimal"/>
          </outcomes>
          <respcondition continue="No">
            <conditionvar>
              <varequal respident="response1">7639</varequal>
            </conditionvar>
            <setvar action="Set" varname="SCORE">100</setvar>
          </respcondition>
        </resprocessing>
      </item>
      <item ident="g7883e8cd9f39514cea887d69be425568" title="Question">
        <itemmetadata>
          <qtimetadata>
            <qtimetadatafield>
              <fieldlabel>question_type</fieldlabel>
              <fieldentry>multiple_choice_question</fieldentry>
            </qtimetadatafield>
            <qtimetadatafield>
              <fieldlabel>points_possible</fieldlabel>
              <fieldentry>1.0</fieldentry>
            </qtimetadatafield>
            <qtimetadatafield>
              <fieldlabel>original_answer_ids</fieldlabel>
              <fieldentry>4492,5938,9807,7251</fieldentry>
            </qtimetadatafield>
            <qtimetadatafield>
              <fieldlabel>assessment_question_identifierref</fieldlabel>
              <fieldentry>g8f28c05f58b67c53c7ed55cd1149bfa4</fieldentry>
            </qtimetadatafield>
          </qtimetadata>
        </itemmetadata>
        <presentation>
          <material>
            <mattext texttype="text/html">&lt;div&gt;In R bins, a ________ refers to inclusion of its nearest value, and a ________ indicates exclusion.&lt;/div&gt;</mattext>
          </material>
          <response_lid ident="response1" rcardinality="Single">
            <render_choice>
              <response_label ident="4492">
                <material>
                  <mattext texttype="text/plain">square bracket, parenthesis</mattext>
                </material>
              </response_label>
              <response_label ident="5938">
                <material>
                  <mattext texttype="text/plain">parenthesis, square bracket</mattext>
                </material>
              </response_label>
              <response_label ident="9807">
                <material>
                  <mattext texttype="text/plain">left bracket, right bracket</mattext>
                </material>
              </response_label>
              <response_label ident="7251">
                <material>
                  <mattext texttype="text/plain">left parenthesis, right parenthesis</mattext>
                </material>
              </response_label>
            </render_choice>
          </response_lid>
        </presentation>
        <resprocessing>
          <outcomes>
            <decvar maxvalue="100" minvalue="0" varname="SCORE" vartype="Decimal"/>
          </outcomes>
          <respcondition continue="No">
            <conditionvar>
              <varequal respident="response1">4492</varequal>
            </conditionvar>
            <setvar action="Set" varname="SCORE">100</setvar>
          </respcondition>
        </resprocessing>
      </item>
      <item ident="g8e9adf35477de158f3449ac149792787" title="Question">
        <itemmetadata>
          <qtimetadata>
            <qtimetadatafield>
              <fieldlabel>question_type</fieldlabel>
              <fieldentry>multiple_choice_question</fieldentry>
            </qtimetadatafield>
            <qtimetadatafield>
              <fieldlabel>points_possible</fieldlabel>
              <fieldentry>1.0</fieldentry>
            </qtimetadatafield>
            <qtimetadatafield>
              <fieldlabel>original_answer_ids</fieldlabel>
              <fieldentry>2931,3518,2461,2892</fieldentry>
            </qtimetadatafield>
            <qtimetadatafield>
              <fieldlabel>assessment_question_identifierref</fieldlabel>
              <fieldentry>g673cad9d9bef475bdbbc19a92eda040b</fieldentry>
            </qtimetadatafield>
          </qtimetadata>
        </itemmetadata>
        <presentation>
          <material>
            <mattext texttype="text/html">&lt;div&gt;
&lt;p&gt;Given the following two vectors:&lt;/p&gt;
&lt;p style="padding-left: 40px;"&gt;&lt;strong&gt;vA &amp;lt;- c(5,6,7,8)&lt;/strong&gt;&lt;br&gt;&lt;strong&gt;vB &amp;lt;- c(5,10,11,12)&lt;/strong&gt;&lt;/p&gt;
&lt;p&gt;What is the result of evaluating the following expression?&lt;/p&gt;
&lt;p style="padding-left: 40px;"&gt;&lt;strong&gt;(vA == 5 &amp;amp;&amp;amp; vB == 5)&lt;/strong&gt;&lt;/p&gt;
&lt;/div&gt;</mattext>
          </material>
          <response_lid ident="response1" rcardinality="Single">
            <render_choice>
              <response_label ident="2931">
                <material>
                  <mattext texttype="text/plain">TRUE</mattext>
                </material>
              </response_label>
              <response_label ident="3518">
                <material>
                  <mattext texttype="text/plain">FALSE</mattext>
                </material>
              </response_label>
              <response_label ident="2461">
                <material>
                  <mattext texttype="text/plain">TRUE FALSE FALSE FALSE</mattext>
                </material>
              </response_label>
              <response_label ident="2892">
                <material>
                  <mattext texttype="text/plain">FALSE TRUE TRUE TRUE</mattext>
                </material>
              </response_label>
            </render_choice>
          </response_lid>
        </presentation>
        <resprocessing>
          <outcomes>
            <decvar maxvalue="100" minvalue="0" varname="SCORE" vartype="Decimal"/>
          </outcomes>
          <respcondition continue="No">
            <conditionvar>
              <varequal respident="response1">2931</varequal>
            </conditionvar>
            <setvar action="Set" varname="SCORE">100</setvar>
          </respcondition>
        </resprocessing>
      </item>
      <item ident="ga04c10cb2df6d964060508efb77d340e" title="Question">
        <itemmetadata>
          <qtimetadata>
            <qtimetadatafield>
              <fieldlabel>question_type</fieldlabel>
              <fieldentry>multiple_choice_question</fieldentry>
            </qtimetadatafield>
            <qtimetadatafield>
              <fieldlabel>points_possible</fieldlabel>
              <fieldentry>1.0</fieldentry>
            </qtimetadatafield>
            <qtimetadatafield>
              <fieldlabel>original_answer_ids</fieldlabel>
              <fieldentry>1741,3955,7953,2030</fieldentry>
            </qtimetadatafield>
            <qtimetadatafield>
              <fieldlabel>assessment_question_identifierref</fieldlabel>
              <fieldentry>gcb8e92f836e2c1a4cd0b71c53f58a2c0</fieldentry>
            </qtimetadatafield>
          </qtimetadata>
        </itemmetadata>
        <presentation>
          <material>
            <mattext texttype="text/html">&lt;div&gt;
&lt;p&gt;Given the following two vectors:&lt;/p&gt;
&lt;p style="padding-left: 40px;"&gt;&lt;strong&gt;vA &amp;lt;- c(5,6,7,8)&lt;/strong&gt;&lt;br&gt;&lt;strong&gt;vB &amp;lt;- c(5,10,11,12)&lt;/strong&gt;&lt;/p&gt;
&lt;p&gt;What is the result of evaluating the following expression?&lt;/p&gt;
&lt;p style="padding-left: 40px;"&gt;&lt;strong&gt;(vA == 5 &amp;amp; vB == 5)&lt;/strong&gt;&lt;/p&gt;
&lt;/div&gt;</mattext>
          </material>
          <response_lid ident="response1" rcardinality="Single">
            <render_choice>
              <response_label ident="1741">
                <material>
                  <mattext texttype="text/plain">TRUE FALSE FALSE FALSE</mattext>
                </material>
              </response_label>
              <response_label ident="3955">
                <material>
                  <mattext texttype="text/plain">TRUE</mattext>
                </material>
              </response_label>
              <response_label ident="7953">
                <material>
                  <mattext texttype="text/plain">FALSE</mattext>
                </material>
              </response_label>
              <response_label ident="2030">
                <material>
                  <mattext texttype="text/plain">FALSE FALSE FALSE TRUE</mattext>
                </material>
              </response_label>
            </render_choice>
          </response_lid>
        </presentation>
        <resprocessing>
          <outcomes>
            <decvar maxvalue="100" minvalue="0" varname="SCORE" vartype="Decimal"/>
          </outcomes>
          <respcondition continue="No">
            <conditionvar>
              <varequal respident="response1">1741</varequal>
            </conditionvar>
            <setvar action="Set" varname="SCORE">100</setvar>
          </respcondition>
        </resprocessing>
      </item>
      <item ident="gd18ff47391abf2d01b8ef94d33510caf" title="Question">
        <itemmetadata>
          <qtimetadata>
            <qtimetadatafield>
              <fieldlabel>question_type</fieldlabel>
              <fieldentry>multiple_choice_question</fieldentry>
            </qtimetadatafield>
            <qtimetadatafield>
              <fieldlabel>points_possible</fieldlabel>
              <fieldentry>1.0</fieldentry>
            </qtimetadatafield>
            <qtimetadatafield>
              <fieldlabel>original_answer_ids</fieldlabel>
              <fieldentry>5742,4824,2527,6956</fieldentry>
            </qtimetadatafield>
            <qtimetadatafield>
              <fieldlabel>assessment_question_identifierref</fieldlabel>
              <fieldentry>ga6e2ca1575c4d2f663b70b2fe63252ed</fieldentry>
            </qtimetadatafield>
          </qtimetadata>
        </itemmetadata>
        <presentation>
          <material>
            <mattext texttype="text/html">&lt;div&gt;The ________ function identifies the index values of elements which correspond to TRUE.&lt;/div&gt;</mattext>
          </material>
          <response_lid ident="response1" rcardinality="Single">
            <render_choice>
              <response_label ident="5742">
                <material>
                  <mattext texttype="text/plain">which</mattext>
                </material>
              </response_label>
              <response_label ident="4824">
                <material>
                  <mattext texttype="text/plain">index</mattext>
                </material>
              </response_label>
              <response_label ident="2527">
                <material>
                  <mattext texttype="text/plain">isTrue</mattext>
                </material>
              </response_label>
              <response_label ident="6956">
                <material>
                  <mattext texttype="text/plain">select</mattext>
                </material>
              </response_label>
            </render_choice>
          </response_lid>
        </presentation>
        <resprocessing>
          <outcomes>
            <decvar maxvalue="100" minvalue="0" varname="SCORE" vartype="Decimal"/>
          </outcomes>
          <respcondition continue="No">
            <conditionvar>
              <varequal respident="response1">5742</varequal>
            </conditionvar>
            <setvar action="Set" varname="SCORE">100</setvar>
          </respcondition>
        </resprocessing>
      </item>
      <item ident="gd8bea915603be534914269b4ea505e97" title="Question">
        <itemmetadata>
          <qtimetadata>
            <qtimetadatafield>
              <fieldlabel>question_type</fieldlabel>
              <fieldentry>multiple_choice_question</fieldentry>
            </qtimetadatafield>
            <qtimetadatafield>
              <fieldlabel>points_possible</fieldlabel>
              <fieldentry>1.0</fieldentry>
            </qtimetadatafield>
            <qtimetadatafield>
              <fieldlabel>original_answer_ids</fieldlabel>
              <fieldentry>6931,6629,8084,8706</fieldentry>
            </qtimetadatafield>
            <qtimetadatafield>
              <fieldlabel>assessment_question_identifierref</fieldlabel>
              <fieldentry>gbdc377f7e31d5b6104d69913ea2a0d03</fieldentry>
            </qtimetadatafield>
          </qtimetadata>
        </itemmetadata>
        <presentation>
          <material>
            <mattext texttype="text/html">&lt;div&gt;Pattern matching and substring manipulation can be performed in R using&amp;nbsp; ________.&lt;/div&gt;</mattext>
          </material>
          <response_lid ident="response1" rcardinality="Single">
            <render_choice>
              <response_label ident="6931">
                <material>
                  <mattext texttype="text/plain">regular expressions</mattext>
                </material>
              </response_label>
              <response_label ident="6629">
                <material>
                  <mattext texttype="text/plain">wild cards</mattext>
                </material>
              </response_label>
              <response_label ident="8084">
                <material>
                  <mattext texttype="text/plain">pointers</mattext>
                </material>
              </response_label>
              <response_label ident="8706">
                <material>
                  <mattext texttype="text/plain">ASCII character tools</mattext>
                </material>
              </response_label>
            </render_choice>
          </response_lid>
        </presentation>
        <resprocessing>
          <outcomes>
            <decvar maxvalue="100" minvalue="0" varname="SCORE" vartype="Decimal"/>
          </outcomes>
          <respcondition continue="No">
            <conditionvar>
              <varequal respident="response1">6931</varequal>
            </conditionvar>
            <setvar action="Set" varname="SCORE">100</setvar>
          </respcondition>
        </resprocessing>
      </item>
      <item ident="gd3b2f253bee65dd8154e31bdfd6b8b96" title="Question">
        <itemmetadata>
          <qtimetadata>
            <qtimetadatafield>
              <fieldlabel>question_type</fieldlabel>
              <fieldentry>multiple_answers_question</fieldentry>
            </qtimetadatafield>
            <qtimetadatafield>
              <fieldlabel>points_possible</fieldlabel>
              <fieldentry>1.0</fieldentry>
            </qtimetadatafield>
            <qtimetadatafield>
              <fieldlabel>original_answer_ids</fieldlabel>
              <fieldentry>4508,9112,9571,1713</fieldentry>
            </qtimetadatafield>
            <qtimetadatafield>
              <fieldlabel>assessment_question_identifierref</fieldlabel>
              <fieldentry>ga46b8b1d48c1a33948ec1fb9ff364c99</fieldentry>
            </qtimetadatafield>
          </qtimetadata>
        </itemmetadata>
        <presentation>
          <material>
            <mattext texttype="text/html">&lt;div&gt;Which of the following expressions are TRUE? Select the three correct answers.&lt;/div&gt;</mattext>
          </material>
          <response_lid ident="response1" rcardinality="Multiple">
            <render_choice>
              <response_label ident="4508">
                <material>
                  <mattext texttype="text/plain">"R" &lt; "r"</mattext>
                </material>
              </response_label>
              <response_label ident="9112">
                <material>
                  <mattext texttype="text/plain">"this one" &gt; "That one"</mattext>
                </material>
              </response_label>
              <response_label ident="9571">
                <material>
                  <mattext texttype="text/plain">"R" &gt; "r"</mattext>
                </material>
              </response_label>
              <response_label ident="1713">
                <material>
                  <mattext texttype="text/plain">"This one" &gt; "this one"</mattext>
                </material>
              </response_label>
            </render_choice>
          </response_lid>
        </presentation>
        <resprocessing>
          <outcomes>
            <decvar maxvalue="100" minvalue="0" varname="SCORE" vartype="Decimal"/>
          </outcomes>
          <respcondition continue="No">
            <conditionvar>
              <and>
                <not>
                  <varequal respident="response1">4508</varequal>
                </not>
                <varequal respident="response1">9112</varequal>
                <varequal respident="response1">9571</varequal>
                <varequal respident="response1">1713</varequal>
              </and>
            </conditionvar>
            <setvar action="Set" varname="SCORE">100</setvar>
          </respcondition>
        </resprocessing>
      </item>
      <item ident="gbcb72f867bc73df4ad5fc797180fecfe" title="Question">
        <itemmetadata>
          <qtimetadata>
            <qtimetadatafield>
              <fieldlabel>question_type</fieldlabel>
              <fieldentry>multiple_choice_question</fieldentry>
            </qtimetadatafield>
            <qtimetadatafield>
              <fieldlabel>points_possible</fieldlabel>
              <fieldentry>1.0</fieldentry>
            </qtimetadatafield>
            <qtimetadatafield>
              <fieldlabel>original_answer_ids</fieldlabel>
              <fieldentry>5002,4814,4019,2254</fieldentry>
            </qtimetadatafield>
            <qtimetadatafield>
              <fieldlabel>assessment_question_identifierref</fieldlabel>
              <fieldentry>g6c9570b92f67f384dda7079944811ef6</fieldentry>
            </qtimetadatafield>
          </qtimetadata>
        </itemmetadata>
        <presentation>
          <material>
            <mattext texttype="text/html">&lt;div&gt;Select the valid string expression from the choices shown below.&lt;/div&gt;</mattext>
          </material>
          <response_lid ident="response1" rcardinality="Single">
            <render_choice>
              <response_label ident="5002">
                <material>
                  <mattext texttype="text/plain">"John's computer"</mattext>
                </material>
              </response_label>
              <response_label ident="4814">
                <material>
                  <mattext texttype="text/plain">'John's computer"</mattext>
                </material>
              </response_label>
              <response_label ident="4019">
                <material>
                  <mattext texttype="text/plain">'John's computer'</mattext>
                </material>
              </response_label>
              <response_label ident="2254">
                <material>
                  <mattext texttype="text/plain">'John''s computer'</mattext>
                </material>
              </response_label>
            </render_choice>
          </response_lid>
        </presentation>
        <resprocessing>
          <outcomes>
            <decvar maxvalue="100" minvalue="0" varname="SCORE" vartype="Decimal"/>
          </outcomes>
          <respcondition continue="No">
            <conditionvar>
              <varequal respident="response1">5002</varequal>
            </conditionvar>
            <setvar action="Set" varname="SCORE">100</setvar>
          </respcondition>
        </resprocessing>
      </item>
      <item ident="ga066ce836004fdeedcd020aebc8fb4fd" title="Question">
        <itemmetadata>
          <qtimetadata>
            <qtimetadatafield>
              <fieldlabel>question_type</fieldlabel>
              <fieldentry>multiple_choice_question</fieldentry>
            </qtimetadatafield>
            <qtimetadatafield>
              <fieldlabel>points_possible</fieldlabel>
              <fieldentry>1.0</fieldentry>
            </qtimetadatafield>
            <qtimetadatafield>
              <fieldlabel>original_answer_ids</fieldlabel>
              <fieldentry>5153,5100,9743,8795</fieldentry>
            </qtimetadatafield>
            <qtimetadatafield>
              <fieldlabel>assessment_question_identifierref</fieldlabel>
              <fieldentry>gb85df34b76656c8ed4b5433f2fa53a01</fieldentry>
            </qtimetadatafield>
          </qtimetadata>
        </itemmetadata>
        <presentation>
          <material>
            <mattext texttype="text/html">&lt;div&gt;When using the names() function, the component names are always provided and returned as __________.&lt;/div&gt;</mattext>
          </material>
          <response_lid ident="response1" rcardinality="Single">
            <render_choice>
              <response_label ident="5153">
                <material>
                  <mattext texttype="text/plain">character strings</mattext>
                </material>
              </response_label>
              <response_label ident="5100">
                <material>
                  <mattext texttype="text/plain">vectors</mattext>
                </material>
              </response_label>
              <response_label ident="9743">
                <material>
                  <mattext texttype="text/plain">lists</mattext>
                </material>
              </response_label>
              <response_label ident="8795">
                <material>
                  <mattext texttype="text/plain">matrices</mattext>
                </material>
              </response_label>
            </render_choice>
          </response_lid>
        </presentation>
        <resprocessing>
          <outcomes>
            <decvar maxvalue="100" minvalue="0" varname="SCORE" vartype="Decimal"/>
          </outcomes>
          <respcondition continue="No">
            <conditionvar>
              <varequal respident="response1">5153</varequal>
            </conditionvar>
            <setvar action="Set" varname="SCORE">100</setvar>
          </respcondition>
        </resprocessing>
      </item>
      <item ident="g47da2952638558bb61150501c3fa4929" title="Question">
        <itemmetadata>
          <qtimetadata>
            <qtimetadatafield>
              <fieldlabel>question_type</fieldlabel>
              <fieldentry>multiple_choice_question</fieldentry>
            </qtimetadatafield>
            <qtimetadatafield>
              <fieldlabel>points_possible</fieldlabel>
              <fieldentry>1.0</fieldentry>
            </qtimetadatafield>
            <qtimetadatafield>
              <fieldlabel>original_answer_ids</fieldlabel>
              <fieldentry>5077,2360,4947,2013</fieldentry>
            </qtimetadatafield>
            <qtimetadatafield>
              <fieldlabel>assessment_question_identifierref</fieldlabel>
              <fieldentry>g69b10f2a5b752557566ab47e5a19e5ab</fieldentry>
            </qtimetadatafield>
          </qtimetadata>
        </itemmetadata>
        <presentation>
          <material>
            <mattext texttype="text/html">&lt;div&gt;Which one of the following choices is the correct way to select the second element from a list name myList?&lt;/div&gt;</mattext>
          </material>
          <response_lid ident="response1" rcardinality="Single">
            <render_choice>
              <response_label ident="5077">
                <material>
                  <mattext texttype="text/plain">myList[[2]]</mattext>
                </material>
              </response_label>
              <response_label ident="2360">
                <material>
                  <mattext texttype="text/plain">myList[2]</mattext>
                </material>
              </response_label>
              <response_label ident="4947">
                <material>
                  <mattext texttype="text/plain">myList(2)</mattext>
                </material>
              </response_label>
              <response_label ident="2013">
                <material>
                  <mattext texttype="text/plain">myList[0,2]</mattext>
                </material>
              </response_label>
            </render_choice>
          </response_lid>
        </presentation>
        <resprocessing>
          <outcomes>
            <decvar maxvalue="100" minvalue="0" varname="SCORE" vartype="Decimal"/>
          </outcomes>
          <respcondition continue="No">
            <conditionvar>
              <varequal respident="response1">5077</varequal>
            </conditionvar>
            <setvar action="Set" varname="SCORE">100</setvar>
          </respcondition>
        </resprocessing>
      </item>
      <item ident="g0b8f45a7b98ae34f52b8ce4202193e4c" title="Question">
        <itemmetadata>
          <qtimetadata>
            <qtimetadatafield>
              <fieldlabel>question_type</fieldlabel>
              <fieldentry>multiple_answers_question</fieldentry>
            </qtimetadatafield>
            <qtimetadatafield>
              <fieldlabel>points_possible</fieldlabel>
              <fieldentry>1.0</fieldentry>
            </qtimetadatafield>
            <qtimetadatafield>
              <fieldlabel>original_answer_ids</fieldlabel>
              <fieldentry>5162,2751,6007,3913</fieldentry>
            </qtimetadatafield>
            <qtimetadatafield>
              <fieldlabel>assessment_question_identifierref</fieldlabel>
              <fieldentry>gc2897705914e3ab8ccda463cfb65aa96</fieldentry>
            </qtimetadatafield>
          </qtimetadata>
        </itemmetadata>
        <presentation>
          <material>
            <mattext texttype="text/html">&lt;div&gt;
&lt;p&gt;Given the invalid string expression&lt;/p&gt;
&lt;p&gt;&amp;nbsp; &amp;nbsp; &amp;nbsp; &amp;nbsp; 'John's computer'&lt;/p&gt;
&lt;p&gt;Which of the following choices would make it valid? Select the two correct answers.&lt;/p&gt;
&lt;/div&gt;</mattext>
          </material>
          <response_lid ident="response1" rcardinality="Multiple">
            <render_choice>
              <response_label ident="5162">
                <material>
                  <mattext texttype="text/plain">'John\'s computer'</mattext>
                </material>
              </response_label>
              <response_label ident="2751">
                <material>
                  <mattext texttype="text/plain">"John's computer"</mattext>
                </material>
              </response_label>
              <response_label ident="6007">
                <material>
                  <mattext texttype="text/plain">"John"s computer"</mattext>
                </material>
              </response_label>
              <response_label ident="3913">
                <material>
                  <mattext texttype="text/plain">"John" "'" "s Computer"</mattext>
                </material>
              </response_label>
            </render_choice>
          </response_lid>
        </presentation>
        <resprocessing>
          <outcomes>
            <decvar maxvalue="100" minvalue="0" varname="SCORE" vartype="Decimal"/>
          </outcomes>
          <respcondition continue="No">
            <conditionvar>
              <and>
                <varequal respident="response1">5162</varequal>
                <varequal respident="response1">2751</varequal>
                <not>
                  <varequal respident="response1">6007</varequal>
                </not>
                <not>
                  <varequal respident="response1">3913</varequal>
                </not>
              </and>
            </conditionvar>
            <setvar action="Set" varname="SCORE">100</setvar>
          </respcondition>
        </resprocessing>
      </item>
      <item ident="g7002363827007e871a748379dd2982a7" title="Question">
        <itemmetadata>
          <qtimetadata>
            <qtimetadatafield>
              <fieldlabel>question_type</fieldlabel>
              <fieldentry>multiple_answers_question</fieldentry>
            </qtimetadatafield>
            <qtimetadatafield>
              <fieldlabel>points_possible</fieldlabel>
              <fieldentry>1.0</fieldentry>
            </qtimetadatafield>
            <qtimetadatafield>
              <fieldlabel>original_answer_ids</fieldlabel>
              <fieldentry>8691,9794,985,6121</fieldentry>
            </qtimetadatafield>
            <qtimetadatafield>
              <fieldlabel>assessment_question_identifierref</fieldlabel>
              <fieldentry>g5091c632b14c331ae68c54abb888924f</fieldentry>
            </qtimetadatafield>
          </qtimetadata>
        </itemmetadata>
        <presentation>
          <material>
            <mattext texttype="text/html">&lt;div&gt;Given a data frame "df" and vector "v", which of the following is a valid way to add v as a column of df? The column name may or may not be set. Select the two correct answers.&lt;/div&gt;</mattext>
          </material>
          <response_lid ident="response1" rcardinality="Multiple">
            <render_choice>
              <response_label ident="8691">
                <material>
                  <mattext texttype="text/plain">cbind(df, v)</mattext>
                </material>
              </response_label>
              <response_label ident="9794">
                <material>
                  <mattext texttype="text/plain">rbind(df, v)</mattext>
                </material>
              </response_label>
              <response_label ident="985">
                <material>
                  <mattext texttype="text/plain">df$v &lt;- v</mattext>
                </material>
              </response_label>
              <response_label ident="6121">
                <material>
                  <mattext texttype="text/plain">df += v</mattext>
                </material>
              </response_label>
            </render_choice>
          </response_lid>
        </presentation>
        <resprocessing>
          <outcomes>
            <decvar maxvalue="100" minvalue="0" varname="SCORE" vartype="Decimal"/>
          </outcomes>
          <respcondition continue="No">
            <conditionvar>
              <and>
                <varequal respident="response1">8691</varequal>
                <not>
                  <varequal respident="response1">9794</varequal>
                </not>
                <varequal respident="response1">985</varequal>
                <not>
                  <varequal respident="response1">6121</varequal>
                </not>
              </and>
            </conditionvar>
            <setvar action="Set" varname="SCORE">100</setvar>
          </respcondition>
        </resprocessing>
      </item>
      <item ident="g778b31a241c76a2e5e9a1a10512cbc23" title="Question">
        <itemmetadata>
          <qtimetadata>
            <qtimetadatafield>
              <fieldlabel>question_type</fieldlabel>
              <fieldentry>multiple_choice_question</fieldentry>
            </qtimetadatafield>
            <qtimetadatafield>
              <fieldlabel>points_possible</fieldlabel>
              <fieldentry>1.0</fieldentry>
            </qtimetadatafield>
            <qtimetadatafield>
              <fieldlabel>original_answer_ids</fieldlabel>
              <fieldentry>2809,930,5086,8455</fieldentry>
            </qtimetadatafield>
            <qtimetadatafield>
              <fieldlabel>assessment_question_identifierref</fieldlabel>
              <fieldentry>g77f9e797eaf40e153fb82c384dc2ae94</fieldentry>
            </qtimetadatafield>
          </qtimetadata>
        </itemmetadata>
        <presentation>
          <material>
            <mattext texttype="text/html">&lt;div&gt;String data in a data&amp;nbsp; frame is interpreted as ________.&lt;/div&gt;</mattext>
          </material>
          <response_lid ident="response1" rcardinality="Single">
            <render_choice>
              <response_label ident="2809">
                <material>
                  <mattext texttype="text/plain">factors</mattext>
                </material>
              </response_label>
              <response_label ident="930">
                <material>
                  <mattext texttype="text/plain">levels</mattext>
                </material>
              </response_label>
              <response_label ident="5086">
                <material>
                  <mattext texttype="text/plain">integers</mattext>
                </material>
              </response_label>
              <response_label ident="8455">
                <material>
                  <mattext texttype="text/plain">character arrays</mattext>
                </material>
              </response_label>
            </render_choice>
          </response_lid>
        </presentation>
        <resprocessing>
          <outcomes>
            <decvar maxvalue="100" minvalue="0" varname="SCORE" vartype="Decimal"/>
          </outcomes>
          <respcondition continue="No">
            <conditionvar>
              <varequal respident="response1">2809</varequal>
            </conditionvar>
            <setvar action="Set" varname="SCORE">100</setvar>
          </respcondition>
        </resprocessing>
      </item>
    </section>
  </assessment>
</questestinterop>
