<?xml version="1.0" encoding="UTF-8"?>
<quiz identifier="g4d6d415b255300f32d44024654d54fb2" xmlns="http://canvas.instructure.com/xsd/cccv1p0" xmlns:xsi="http://www.w3.org/2001/XMLSchema-instance" xsi:schemaLocation="http://canvas.instructure.com/xsd/cccv1p0 https://canvas.instructure.com/xsd/cccv1p0.xsd">
  <title>COP2073C Final Exam</title>
  <description>&lt;p&gt;&lt;strong&gt;READ THESE&amp;nbsp;INSTRUCTIONS&amp;nbsp;VERY CAREFULLY!&amp;nbsp;Ask your instructor if you do not understand any of the points listed below.&lt;/strong&gt;&lt;/p&gt;
&lt;p&gt;The final exam is based on Modules 6-12 is a timed, open-book, open-note exam. You will have 3 hours to complete the exam, be sure to save your work and submit before time expires or the exam will be submitted automatically. You may use your textbook, notes, and Canvas resources (including lecture and review slides). You may not browse the Internet for answers or work with anyone else on this exam. Evidence&amp;nbsp; of either (for instance, duplicated essay responses or use of functions or code features not covered in the course materials) will result in receiving a 0 for the entire exam.&lt;/p&gt;
&lt;p&gt;You may use an R Studio to test and verify code, but it is your responsibility to complete and submit the exam responses with proper formatting (including indentation and alignment).&amp;nbsp; If I cannot read your submission or copy/paste it into R Studio to test, you will not receive credit for it,&lt;br&gt;&lt;br&gt;&lt;strong&gt;Instructions for Multiple Choice Questions:&lt;/strong&gt;&lt;/p&gt;
&lt;ul&gt;
&lt;li&gt;Select the&amp;nbsp;&lt;strong&gt;&lt;i&gt;best&lt;/i&gt;&lt;/strong&gt;&lt;i&gt;&amp;nbsp;&lt;/i&gt;answer from the choices provided,&amp;nbsp;using material as covered in your textbook and lectures.&lt;/li&gt;
&lt;/ul&gt;
&lt;p&gt;&lt;strong&gt;Instructions for Essay Questions:&lt;/strong&gt;&lt;/p&gt;
&lt;ul&gt;
&lt;li&gt;Code must conform to the programming assignment rubric for the course.&amp;nbsp;ID headers are not required in&amp;nbsp;your solutions for this exam.&lt;/li&gt;
&lt;li&gt;Type your answer directly into the text submission area provided for the problem. Do not attach files to your answers.&lt;/li&gt;
&lt;li&gt;All source code entered must be aligned (indented) properly and consistently.&lt;/li&gt;
&lt;li&gt;To preserve indentation when copying and pasting from a separate application, you should paste to Microsoft Word first, then copy the content from Word into the Canvas submission.&amp;nbsp;&lt;/li&gt;
&lt;li&gt;Read the problem descriptions carefully, your solution must conform exactly to any specifications provided.&lt;/li&gt;
&lt;li&gt;Points will be deducted for logic errors, syntax errors, inconsistent or missing alignment, and indentation.&lt;/li&gt;
&lt;li&gt;Points will be deducted for failure to demonstrate knowledge of the topic covered by the question.&lt;/li&gt;
&lt;li&gt;Partial credit will be awarded at the instructor's discretion for&amp;nbsp;&lt;strong&gt;non-trivial&amp;nbsp;&lt;/strong&gt;attempts at answering a problem.
&lt;ul&gt;
&lt;li&gt;code which simply produces correct output,&amp;nbsp;where specified,&amp;nbsp;without meeting all problem specifications will not earn points&lt;/li&gt;
&lt;/ul&gt;
&lt;/li&gt;
&lt;/ul&gt;</description>
  <lock_at>2021-05-03T03:59:00</lock_at>
  <unlock_at>2021-04-26T04:00:00</unlock_at>
  <due_at>2021-05-03T03:59:00</due_at>
  <shuffle_answers>true</shuffle_answers>
  <scoring_policy>keep_highest</scoring_policy>
  <hide_results></hide_results>
  <quiz_type>assignment</quiz_type>
  <points_possible>175.0</points_possible>
  <require_lockdown_browser>false</require_lockdown_browser>
  <require_lockdown_browser_for_results>false</require_lockdown_browser_for_results>
  <require_lockdown_browser_monitor>false</require_lockdown_browser_monitor>
  <lockdown_browser_monitor_data></lockdown_browser_monitor_data>
  <access_code>fi2073c</access_code>
  <show_correct_answers>false</show_correct_answers>
  <anonymous_submissions>false</anonymous_submissions>
  <could_be_locked>true</could_be_locked>
  <time_limit>180</time_limit>
  <disable_timer_autosubmission>false</disable_timer_autosubmission>
  <allowed_attempts>1</allowed_attempts>
  <one_question_at_a_time>false</one_question_at_a_time>
  <cant_go_back>false</cant_go_back>
  <available>true</available>
  <one_time_results>false</one_time_results>
  <show_correct_answers_last_attempt>false</show_correct_answers_last_attempt>
  <only_visible_to_overrides>false</only_visible_to_overrides>
  <module_locked>false</module_locked>
  <assignment identifier="g958285693f26fbfdcc5cee38b5ae4869">
    <title>COP2073C Final Exam</title>
    <due_at>2021-05-03T03:59:00</due_at>
    <lock_at>2021-05-03T03:59:00</lock_at>
    <unlock_at>2021-04-26T04:00:00</unlock_at>
    <module_locked>false</module_locked>
    <all_day_date>2021-05-03</all_day_date>
    <peer_reviews_due_at>2020-04-06T03:59:00</peer_reviews_due_at>
    <workflow_state>published</workflow_state>
    <assignment_overrides>
    </assignment_overrides>
    <quiz_identifierref>g4d6d415b255300f32d44024654d54fb2</quiz_identifierref>
    <allowed_extensions></allowed_extensions>
    <has_group_category>false</has_group_category>
    <points_possible>175.0</points_possible>
    <grading_type>points</grading_type>
    <all_day>false</all_day>
    <submission_types>online_quiz</submission_types>
    <position>2</position>
    <turnitin_enabled>false</turnitin_enabled>
    <vericite_enabled>false</vericite_enabled>
    <peer_review_count>0</peer_review_count>
    <peer_reviews>false</peer_reviews>
    <automatic_peer_reviews>false</automatic_peer_reviews>
    <anonymous_peer_reviews>false</anonymous_peer_reviews>
    <grade_group_students_individually>false</grade_group_students_individually>
    <freeze_on_copy>false</freeze_on_copy>
    <omit_from_final_grade>false</omit_from_final_grade>
    <intra_group_peer_reviews>false</intra_group_peer_reviews>
    <only_visible_to_overrides>false</only_visible_to_overrides>
    <post_to_sis>false</post_to_sis>
    <moderated_grading>false</moderated_grading>
    <grader_count>0</grader_count>
    <grader_comments_visible_to_graders>true</grader_comments_visible_to_graders>
    <anonymous_grading>false</anonymous_grading>
    <graders_anonymous_to_graders>false</graders_anonymous_to_graders>
    <grader_names_visible_to_final_grader>true</grader_names_visible_to_final_grader>
    <anonymous_instructor_annotations>false</anonymous_instructor_annotations>
    <allowed_attempts>-1</allowed_attempts>
    <post_policy>
      <post_manually>false</post_manually>
    </post_policy>
  </assignment>
  <assignment_group_identifierref>g50d8d6569cd10192ca7be0b2cf0af58d</assignment_group_identifierref>
  <assignment_overrides>
  </assignment_overrides>
</quiz>
