<?xml version="1.0" encoding="UTF-8"?>
<quiz identifier="g7f22f97d8e9d6c8ee7a30e6de8c26840" xmlns="http://canvas.instructure.com/xsd/cccv1p0" xmlns:xsi="http://www.w3.org/2001/XMLSchema-instance" xsi:schemaLocation="http://canvas.instructure.com/xsd/cccv1p0 https://canvas.instructure.com/xsd/cccv1p0.xsd">
  <title>[Practice] Final Exam</title>
  <description>&lt;p&gt;Practice final exam. Take this exam using the SmarterProctoring tool to verify your system meets the requirements and to experience the SmarterProctoring environment.&lt;/p&gt;
&lt;p&gt;This exam does not count for any points, it is intended for practice only. You may take it as many times as you like.&lt;/p&gt;</description>
  <lock_at>2021-05-03T03:59:00</lock_at>
  <unlock_at>2021-04-26T04:00:00</unlock_at>
  <due_at>2021-05-03T03:59:00</due_at>
  <shuffle_answers>false</shuffle_answers>
  <scoring_policy>keep_highest</scoring_policy>
  <hide_results></hide_results>
  <quiz_type>assignment</quiz_type>
  <points_possible>0.0</points_possible>
  <require_lockdown_browser>false</require_lockdown_browser>
  <require_lockdown_browser_for_results>false</require_lockdown_browser_for_results>
  <require_lockdown_browser_monitor>false</require_lockdown_browser_monitor>
  <lockdown_browser_monitor_data/>
  <access_code>pr2073c</access_code>
  <show_correct_answers>true</show_correct_answers>
  <anonymous_submissions>false</anonymous_submissions>
  <could_be_locked>true</could_be_locked>
  <time_limit>60</time_limit>
  <disable_timer_autosubmission>false</disable_timer_autosubmission>
  <allowed_attempts>10</allowed_attempts>
  <one_question_at_a_time>false</one_question_at_a_time>
  <cant_go_back>false</cant_go_back>
  <available>true</available>
  <one_time_results>false</one_time_results>
  <show_correct_answers_last_attempt>false</show_correct_answers_last_attempt>
  <only_visible_to_overrides>false</only_visible_to_overrides>
  <module_locked>false</module_locked>
  <assignment identifier="g5159693ec4f24e6a495ae86d30316df6">
    <title>[Practice] Final Exam</title>
    <due_at>2021-05-03T03:59:00</due_at>
    <lock_at>2021-05-03T03:59:00</lock_at>
    <unlock_at>2021-04-26T04:00:00</unlock_at>
    <module_locked>false</module_locked>
    <all_day_date>2021-05-02</all_day_date>
    <workflow_state>published</workflow_state>
    <assignment_overrides>
    </assignment_overrides>
    <quiz_identifierref>g7f22f97d8e9d6c8ee7a30e6de8c26840</quiz_identifierref>
    <allowed_extensions></allowed_extensions>
    <has_group_category>false</has_group_category>
    <points_possible>0.0</points_possible>
    <grading_type>points</grading_type>
    <all_day>true</all_day>
    <submission_types>online_quiz</submission_types>
    <position>15</position>
    <turnitin_enabled>false</turnitin_enabled>
    <vericite_enabled>false</vericite_enabled>
    <peer_review_count>0</peer_review_count>
    <peer_reviews>false</peer_reviews>
    <automatic_peer_reviews>false</automatic_peer_reviews>
    <anonymous_peer_reviews>false</anonymous_peer_reviews>
    <grade_group_students_individually>false</grade_group_students_individually>
    <freeze_on_copy>false</freeze_on_copy>
    <omit_from_final_grade>false</omit_from_final_grade>
    <intra_group_peer_reviews>false</intra_group_peer_reviews>
    <only_visible_to_overrides>false</only_visible_to_overrides>
    <post_to_sis>false</post_to_sis>
    <moderated_grading>false</moderated_grading>
    <grader_count>0</grader_count>
    <grader_comments_visible_to_graders>true</grader_comments_visible_to_graders>
    <anonymous_grading>false</anonymous_grading>
    <graders_anonymous_to_graders>false</graders_anonymous_to_graders>
    <grader_names_visible_to_final_grader>true</grader_names_visible_to_final_grader>
    <anonymous_instructor_annotations>false</anonymous_instructor_annotations>
    <post_policy>
      <post_manually>false</post_manually>
    </post_policy>
  </assignment>
  <assignment_group_identifierref>g0331e1ce018d3d3333b0ecc849486a3b</assignment_group_identifierref>
  <assignment_overrides>
  </assignment_overrides>
</quiz>
