<?xml version="1.0" encoding="UTF-8"?>
<questestinterop xmlns="http://www.imsglobal.org/xsd/ims_qtiasiv1p2" xmlns:xsi="http://www.w3.org/2001/XMLSchema-instance" xsi:schemaLocation="http://www.imsglobal.org/xsd/ims_qtiasiv1p2 http://www.imsglobal.org/xsd/ims_qtiasiv1p2p1.xsd">
  <assessment ident="g7f22f97d8e9d6c8ee7a30e6de8c26840" title="[Practice] Final Exam">
    <qtimetadata>
      <qtimetadatafield>
        <fieldlabel>qmd_timelimit</fieldlabel>
        <fieldentry>60</fieldentry>
      </qtimetadatafield>
      <qtimetadatafield>
        <fieldlabel>cc_maxattempts</fieldlabel>
        <fieldentry>10</fieldentry>
      </qtimetadatafield>
    </qtimetadata>
    <section ident="root_section">
      <item ident="g4aea014c6005d4fe6888eae4f8c58e69" title="Question">
        <itemmetadata>
          <qtimetadata>
            <qtimetadatafield>
              <fieldlabel>question_type</fieldlabel>
              <fieldentry>essay_question</fieldentry>
            </qtimetadatafield>
            <qtimetadatafield>
              <fieldlabel>points_possible</fieldlabel>
              <fieldentry>0.0</fieldentry>
            </qtimetadatafield>
            <qtimetadatafield>
              <fieldlabel>original_answer_ids</fieldlabel>
              <fieldentry></fieldentry>
            </qtimetadatafield>
            <qtimetadatafield>
              <fieldlabel>assessment_question_identifierref</fieldlabel>
              <fieldentry>g05bc11561f09ecdfc34a6206b491920c</fieldentry>
            </qtimetadatafield>
          </qtimetadata>
        </itemmetadata>
        <presentation>
          <material>
            <mattext texttype="text/html">&lt;div&gt;&lt;h2&gt;Instructions&lt;/h2&gt;
&lt;p&gt;Create a tibble&amp;nbsp;using the hp (horsepower) and mpg (miles per gallon) columns of the mtcars&amp;nbsp;dataset. Then use the lm&amp;nbsp;function to determine the coefficients of the linear relationship between the two variables (mpg ~ hp). Plot the points and the fitted line as shown below:&lt;/p&gt;
&lt;figure&gt;&lt;img src="$IMS-CC-FILEBASE$/UPE%20Files/mod11-upe.JPG" alt="Graph with 'hp' on the X-axis in increments of 100, ending halfway after 300 and 'mpg' on the Y-axis in increments of 5, ending at 10 and ending at 35. A diagonal line extends from 300 hp to halfway between 25 and 30 mpg with dots plotted on each side of the diagonal line" width="377" height="274"&gt;&lt;/figure&gt;
&lt;p&gt;After creating the plot, create a data grid from the tibble's horsepower (hp) column, then add predictions using the grid. Plot the resulting values and compare to the plot created from the lm function coefficients.&lt;/p&gt;
&lt;p&gt;Finally, calculate the residuals and plot a frequency polygon for the results.&lt;/p&gt;
&lt;p&gt;Enter your R code in the text submission area for this question.&lt;/p&gt;&lt;/div&gt;</mattext>
          </material>
          <response_str ident="response1" rcardinality="Single">
            <render_fib>
              <response_label ident="answer1" rshuffle="No"/>
            </render_fib>
          </response_str>
        </presentation>
        <resprocessing>
          <outcomes>
            <decvar maxvalue="100" minvalue="0" varname="SCORE" vartype="Decimal"/>
          </outcomes>
          <respcondition continue="No">
            <conditionvar>
              <other/>
            </conditionvar>
          </respcondition>
        </resprocessing>
      </item>
    </section>
  </assessment>
</questestinterop>
