<?xml version="1.0" encoding="UTF-8"?>
<questestinterop xmlns="http://www.imsglobal.org/xsd/ims_qtiasiv1p2" xmlns:xsi="http://www.w3.org/2001/XMLSchema-instance" xsi:schemaLocation="http://www.imsglobal.org/xsd/ims_qtiasiv1p2 http://www.imsglobal.org/xsd/ims_qtiasiv1p2p1.xsd">
  <assessment ident="g76b90820ae73a5df5e4d979db006e034" title="Review Quiz 2">
    <qtimetadata>
      <qtimetadatafield>
        <fieldlabel>cc_maxattempts</fieldlabel>
        <fieldentry>unlimited</fieldentry>
      </qtimetadatafield>
    </qtimetadata>
    <section ident="root_section">
      <item ident="g98fca120b4a1cb5f30e2bcb6b7240c9e" title="Question">
        <itemmetadata>
          <qtimetadata>
            <qtimetadatafield>
              <fieldlabel>question_type</fieldlabel>
              <fieldentry>multiple_choice_question</fieldentry>
            </qtimetadatafield>
            <qtimetadatafield>
              <fieldlabel>points_possible</fieldlabel>
              <fieldentry>1.0</fieldentry>
            </qtimetadatafield>
            <qtimetadatafield>
              <fieldlabel>original_answer_ids</fieldlabel>
              <fieldentry>33708,14281,98912,45541</fieldentry>
            </qtimetadatafield>
            <qtimetadatafield>
              <fieldlabel>assessment_question_identifierref</fieldlabel>
              <fieldentry>gf47b767d37e06559ff801f2d253307ba</fieldentry>
            </qtimetadatafield>
          </qtimetadata>
        </itemmetadata>
        <presentation>
          <material>
            <mattext texttype="text/html">&lt;div&gt;Which one of the following choices is &lt;em&gt;&lt;strong&gt;not&lt;/strong&gt;&lt;/em&gt;&amp;nbsp;a valid name for&amp;nbsp;numeric data types in R?&lt;/div&gt;</mattext>
          </material>
          <response_lid ident="response1" rcardinality="Single">
            <render_choice>
              <response_label ident="33708">
                <material>
                  <mattext texttype="text/plain">float</mattext>
                </material>
              </response_label>
              <response_label ident="14281">
                <material>
                  <mattext texttype="text/plain">double</mattext>
                </material>
              </response_label>
              <response_label ident="98912">
                <material>
                  <mattext texttype="text/plain">integer</mattext>
                </material>
              </response_label>
              <response_label ident="45541">
                <material>
                  <mattext texttype="text/plain">numeric</mattext>
                </material>
              </response_label>
            </render_choice>
          </response_lid>
        </presentation>
        <resprocessing>
          <outcomes>
            <decvar maxvalue="100" minvalue="0" varname="SCORE" vartype="Decimal"/>
          </outcomes>
          <respcondition continue="No">
            <conditionvar>
              <varequal respident="response1">33708</varequal>
            </conditionvar>
            <setvar action="Set" varname="SCORE">100</setvar>
            <displayfeedback feedbacktype="Response" linkrefid="correct_fb"/>
          </respcondition>
        </resprocessing>
        <itemfeedback ident="correct_fb">
          <flow_mat>
            <material>
              <mattext texttype="text/plain">numeric, double, and integer are all valid names for numeric types in R, although numeric actually encompasses both double and integer.</mattext>
            </material>
          </flow_mat>
        </itemfeedback>
      </item>
      <item ident="g83f826dcd936e5f63ef12dede14ce625" title="Question">
        <itemmetadata>
          <qtimetadata>
            <qtimetadatafield>
              <fieldlabel>question_type</fieldlabel>
              <fieldentry>multiple_choice_question</fieldentry>
            </qtimetadatafield>
            <qtimetadatafield>
              <fieldlabel>points_possible</fieldlabel>
              <fieldentry>1.0</fieldentry>
            </qtimetadatafield>
            <qtimetadatafield>
              <fieldlabel>original_answer_ids</fieldlabel>
              <fieldentry>84690,98837,94741,70714</fieldentry>
            </qtimetadatafield>
            <qtimetadatafield>
              <fieldlabel>assessment_question_identifierref</fieldlabel>
              <fieldentry>gf47b767d37e06559ff801f2d253307ba</fieldentry>
            </qtimetadatafield>
          </qtimetadata>
        </itemmetadata>
        <presentation>
          <material>
            <mattext texttype="text/html">&lt;div&gt;
&lt;p&gt;What is the output after executing the following two statements in R?&lt;/p&gt;
&lt;p style="margin-left: 30px;"&gt;&lt;strong&gt;numbers &amp;lt;- c("1", "2", "3")&lt;br&gt;typeof(numbers)&lt;/strong&gt;&lt;/p&gt;
&lt;/div&gt;</mattext>
          </material>
          <response_lid ident="response1" rcardinality="Single">
            <render_choice>
              <response_label ident="84690">
                <material>
                  <mattext texttype="text/html">[1] "character"</mattext>
                </material>
              </response_label>
              <response_label ident="98837">
                <material>
                  <mattext texttype="text/html">[1] "numeric"</mattext>
                </material>
              </response_label>
              <response_label ident="94741">
                <material>
                  <mattext texttype="text/html">[1] "double"</mattext>
                </material>
              </response_label>
              <response_label ident="70714">
                <material>
                  <mattext texttype="text/html">[1] "integer"</mattext>
                </material>
              </response_label>
            </render_choice>
          </response_lid>
        </presentation>
        <resprocessing>
          <outcomes>
            <decvar maxvalue="100" minvalue="0" varname="SCORE" vartype="Decimal"/>
          </outcomes>
          <respcondition continue="No">
            <conditionvar>
              <varequal respident="response1">84690</varequal>
            </conditionvar>
            <setvar action="Set" varname="SCORE">100</setvar>
            <displayfeedback feedbacktype="Response" linkrefid="correct_fb"/>
          </respcondition>
        </resprocessing>
        <itemfeedback ident="correct_fb">
          <flow_mat>
            <material>
              <mattext texttype="text/plain">The numbers are enclosed in quotation marks, which causes the data type to be character.</mattext>
            </material>
          </flow_mat>
        </itemfeedback>
      </item>
      <item ident="ga34d030b03e289373641b22de236501e" title="Question">
        <itemmetadata>
          <qtimetadata>
            <qtimetadatafield>
              <fieldlabel>question_type</fieldlabel>
              <fieldentry>multiple_choice_question</fieldentry>
            </qtimetadatafield>
            <qtimetadatafield>
              <fieldlabel>points_possible</fieldlabel>
              <fieldentry>1.0</fieldentry>
            </qtimetadatafield>
            <qtimetadatafield>
              <fieldlabel>original_answer_ids</fieldlabel>
              <fieldentry>3502,4590,349,5044</fieldentry>
            </qtimetadatafield>
            <qtimetadatafield>
              <fieldlabel>assessment_question_identifierref</fieldlabel>
              <fieldentry>g092c646d82fd59742a5a6989454e695d</fieldentry>
            </qtimetadatafield>
          </qtimetadata>
        </itemmetadata>
        <presentation>
          <material>
            <mattext texttype="text/html">&lt;div&gt;Which of the following choices creates an R object with the value 3&lt;sup&gt;2&lt;/sup&gt; * 4?&lt;/div&gt;</mattext>
          </material>
          <response_lid ident="response1" rcardinality="Single">
            <render_choice>
              <response_label ident="3502">
                <material>
                  <mattext texttype="text/plain">foo &lt;- 3^2*4</mattext>
                </material>
              </response_label>
              <response_label ident="4590">
                <material>
                  <mattext texttype="text/plain">foo &lt;- 3*2^4</mattext>
                </material>
              </response_label>
              <response_label ident="349">
                <material>
                  <mattext texttype="text/plain">foo &lt;- 3*2**4</mattext>
                </material>
              </response_label>
              <response_label ident="5044">
                <material>
                  <mattext texttype="text/plain">foo &lt;- 3(2)*4</mattext>
                </material>
              </response_label>
            </render_choice>
          </response_lid>
        </presentation>
        <resprocessing>
          <outcomes>
            <decvar maxvalue="100" minvalue="0" varname="SCORE" vartype="Decimal"/>
          </outcomes>
          <respcondition continue="No">
            <conditionvar>
              <varequal respident="response1">3502</varequal>
            </conditionvar>
            <setvar action="Set" varname="SCORE">100</setvar>
          </respcondition>
        </resprocessing>
      </item>
      <item ident="g11246226841d561f19f9f4df00c7c32b" title="Question">
        <itemmetadata>
          <qtimetadata>
            <qtimetadatafield>
              <fieldlabel>question_type</fieldlabel>
              <fieldentry>multiple_choice_question</fieldentry>
            </qtimetadatafield>
            <qtimetadatafield>
              <fieldlabel>points_possible</fieldlabel>
              <fieldentry>1.0</fieldentry>
            </qtimetadatafield>
            <qtimetadatafield>
              <fieldlabel>original_answer_ids</fieldlabel>
              <fieldentry>8114,4180,169,6687</fieldentry>
            </qtimetadatafield>
            <qtimetadatafield>
              <fieldlabel>assessment_question_identifierref</fieldlabel>
              <fieldentry>gf47b767d37e06559ff801f2d253307ba</fieldentry>
            </qtimetadatafield>
          </qtimetadata>
        </itemmetadata>
        <presentation>
          <material>
            <mattext texttype="text/html">&lt;div&gt;Which one of the following choices will create a vector with data ranging from 5 to -1 in increments of -0.3?&lt;/div&gt;</mattext>
          </material>
          <response_lid ident="response1" rcardinality="Single">
            <render_choice>
              <response_label ident="8114">
                <material>
                  <mattext texttype="text/plain">seq(5, -11, -0.3)</mattext>
                </material>
              </response_label>
              <response_label ident="4180">
                <material>
                  <mattext texttype="text/plain">seq(-11, 5, -0.3)</mattext>
                </material>
              </response_label>
              <response_label ident="169">
                <material>
                  <mattext texttype="text/plain">seq(-11, 5, 0.3)</mattext>
                </material>
              </response_label>
              <response_label ident="6687">
                <material>
                  <mattext texttype="text/plain">seq(-11:5, 0.3)</mattext>
                </material>
              </response_label>
            </render_choice>
          </response_lid>
        </presentation>
        <resprocessing>
          <outcomes>
            <decvar maxvalue="100" minvalue="0" varname="SCORE" vartype="Decimal"/>
          </outcomes>
          <respcondition continue="No">
            <conditionvar>
              <varequal respident="response1">8114</varequal>
            </conditionvar>
            <setvar action="Set" varname="SCORE">100</setvar>
            <displayfeedback feedbacktype="Response" linkrefid="correct_fb"/>
          </respcondition>
        </resprocessing>
        <itemfeedback ident="correct_fb">
          <flow_mat>
            <material>
              <mattext texttype="text/html">&lt;p&gt;seq(5, -11, -0.3) is correct.&lt;/p&gt;
&lt;p&gt;seq(-11, 5, -0.3) progresses from negative to positive, so the sign of the increment value cannot be negative.&lt;/p&gt;
&lt;p&gt;seq(-11,5,0.3)&amp;nbsp; is in the wrong order, goes from -11 to 5&lt;/p&gt;
&lt;p&gt;seq(-11:5,0.3) -11:5 is not a valid argument for the seq function&lt;/p&gt;</mattext>
            </material>
          </flow_mat>
        </itemfeedback>
      </item>
      <item ident="g53ce2294e304603b1f46d07c89ebe321" title="Question">
        <itemmetadata>
          <qtimetadata>
            <qtimetadatafield>
              <fieldlabel>question_type</fieldlabel>
              <fieldentry>multiple_choice_question</fieldentry>
            </qtimetadatafield>
            <qtimetadatafield>
              <fieldlabel>points_possible</fieldlabel>
              <fieldentry>1.0</fieldentry>
            </qtimetadatafield>
            <qtimetadatafield>
              <fieldlabel>original_answer_ids</fieldlabel>
              <fieldentry>9626,8605,1400,4294</fieldentry>
            </qtimetadatafield>
            <qtimetadatafield>
              <fieldlabel>assessment_question_identifierref</fieldlabel>
              <fieldentry>gfc0efed2964832518ca82e01f636184a</fieldentry>
            </qtimetadatafield>
          </qtimetadata>
        </itemmetadata>
        <presentation>
          <material>
            <mattext texttype="text/html">&lt;div&gt;Which one of the following choices &lt;span style="text-decoration: underline;"&gt;does&lt;/span&gt; &lt;span style="text-decoration: underline;"&gt;not&lt;/span&gt; generate a number sequence from 10 to 60 with an increment of 10?&lt;/div&gt;</mattext>
          </material>
          <response_lid ident="response1" rcardinality="Single">
            <render_choice>
              <response_label ident="9626">
                <material>
                  <mattext texttype="text/plain">c(10:60:10)</mattext>
                </material>
              </response_label>
              <response_label ident="8605">
                <material>
                  <mattext texttype="text/plain">seq(from = 10, to = 60, by = 10)</mattext>
                </material>
              </response_label>
              <response_label ident="1400">
                <material>
                  <mattext texttype="text/plain">seq(10, 60, 10)</mattext>
                </material>
              </response_label>
              <response_label ident="4294">
                <material>
                  <mattext texttype="text/plain">seq(10,60,length.out = 6)</mattext>
                </material>
              </response_label>
            </render_choice>
          </response_lid>
        </presentation>
        <resprocessing>
          <outcomes>
            <decvar maxvalue="100" minvalue="0" varname="SCORE" vartype="Decimal"/>
          </outcomes>
          <respcondition continue="No">
            <conditionvar>
              <varequal respident="response1">9626</varequal>
            </conditionvar>
            <setvar action="Set" varname="SCORE">100</setvar>
          </respcondition>
        </resprocessing>
      </item>
      <item ident="g892053715439bc406acd8406ecd66959" title="Question">
        <itemmetadata>
          <qtimetadata>
            <qtimetadatafield>
              <fieldlabel>question_type</fieldlabel>
              <fieldentry>multiple_choice_question</fieldentry>
            </qtimetadatafield>
            <qtimetadatafield>
              <fieldlabel>points_possible</fieldlabel>
              <fieldentry>1.0</fieldentry>
            </qtimetadatafield>
            <qtimetadatafield>
              <fieldlabel>original_answer_ids</fieldlabel>
              <fieldentry>8638,3747,1183,6986</fieldentry>
            </qtimetadatafield>
            <qtimetadatafield>
              <fieldlabel>assessment_question_identifierref</fieldlabel>
              <fieldentry>g149a6cdb5cca261c0977cb45af5269d7</fieldentry>
            </qtimetadatafield>
          </qtimetadata>
        </itemmetadata>
        <presentation>
          <material>
            <mattext texttype="text/html">&lt;div&gt;
&lt;p&gt;Identify the increment in the sequence generated by the following:&lt;/p&gt;
&lt;p style="padding-left: 40px;"&gt;&lt;strong&gt;seq(from = 15, to = 150, length.out = 5)&lt;/strong&gt;&lt;/p&gt;
&lt;/div&gt;</mattext>
          </material>
          <response_lid ident="response1" rcardinality="Single">
            <render_choice>
              <response_label ident="8638">
                <material>
                  <mattext texttype="text/plain">33.75</mattext>
                </material>
              </response_label>
              <response_label ident="3747">
                <material>
                  <mattext texttype="text/plain">37.25</mattext>
                </material>
              </response_label>
              <response_label ident="1183">
                <material>
                  <mattext texttype="text/plain">15</mattext>
                </material>
              </response_label>
              <response_label ident="6986">
                <material>
                  <mattext texttype="text/plain">30</mattext>
                </material>
              </response_label>
            </render_choice>
          </response_lid>
        </presentation>
        <resprocessing>
          <outcomes>
            <decvar maxvalue="100" minvalue="0" varname="SCORE" vartype="Decimal"/>
          </outcomes>
          <respcondition continue="No">
            <conditionvar>
              <varequal respident="response1">8638</varequal>
            </conditionvar>
            <setvar action="Set" varname="SCORE">100</setvar>
          </respcondition>
        </resprocessing>
      </item>
      <item ident="g0e4a596774b9afce16ed813a75d72923" title="Question">
        <itemmetadata>
          <qtimetadata>
            <qtimetadatafield>
              <fieldlabel>question_type</fieldlabel>
              <fieldentry>multiple_choice_question</fieldentry>
            </qtimetadatafield>
            <qtimetadatafield>
              <fieldlabel>points_possible</fieldlabel>
              <fieldentry>1.0</fieldentry>
            </qtimetadatafield>
            <qtimetadatafield>
              <fieldlabel>original_answer_ids</fieldlabel>
              <fieldentry>3921,3157,2073,7525</fieldentry>
            </qtimetadatafield>
            <qtimetadatafield>
              <fieldlabel>assessment_question_identifierref</fieldlabel>
              <fieldentry>g625f3980da759bbbace978d821e4382d</fieldentry>
            </qtimetadatafield>
          </qtimetadata>
        </itemmetadata>
        <presentation>
          <material>
            <mattext texttype="text/html">&lt;div&gt;Which one of the following choices &lt;span style="text-decoration: underline;"&gt;will&lt;/span&gt; &lt;span style="text-decoration: underline;"&gt;not&lt;/span&gt; sort the vector c(2.5,-1,-10,3.44) in decreasing order?&lt;/div&gt;</mattext>
          </material>
          <response_lid ident="response1" rcardinality="Single">
            <render_choice>
              <response_label ident="3921">
                <material>
                  <mattext texttype="text/plain">sort(c(2.5,-1,-10,3.44),True)</mattext>
                </material>
              </response_label>
              <response_label ident="3157">
                <material>
                  <mattext texttype="text/plain">sort(c(2.5,-1,-10,3.44),T)</mattext>
                </material>
              </response_label>
              <response_label ident="2073">
                <material>
                  <mattext texttype="text/plain">sort(c(2.5,-1,-10,3.44),TRUE)</mattext>
                </material>
              </response_label>
              <response_label ident="7525">
                <material>
                  <mattext texttype="text/plain">sort(c(2.5,-1,-10,3.44),decreasing=TRUE)</mattext>
                </material>
              </response_label>
            </render_choice>
          </response_lid>
        </presentation>
        <resprocessing>
          <outcomes>
            <decvar maxvalue="100" minvalue="0" varname="SCORE" vartype="Decimal"/>
          </outcomes>
          <respcondition continue="No">
            <conditionvar>
              <varequal respident="response1">3921</varequal>
            </conditionvar>
            <setvar action="Set" varname="SCORE">100</setvar>
          </respcondition>
        </resprocessing>
      </item>
      <item ident="gccb4822755b1bbd2bd858903e45924c3" title="Question">
        <itemmetadata>
          <qtimetadata>
            <qtimetadatafield>
              <fieldlabel>question_type</fieldlabel>
              <fieldentry>multiple_choice_question</fieldentry>
            </qtimetadatafield>
            <qtimetadatafield>
              <fieldlabel>points_possible</fieldlabel>
              <fieldentry>1.0</fieldentry>
            </qtimetadatafield>
            <qtimetadatafield>
              <fieldlabel>original_answer_ids</fieldlabel>
              <fieldentry>1444,8088,9280,4331</fieldentry>
            </qtimetadatafield>
            <qtimetadatafield>
              <fieldlabel>assessment_question_identifierref</fieldlabel>
              <fieldentry>g422aa33a89c70c68bf89e948f51869a1</fieldentry>
            </qtimetadatafield>
          </qtimetadata>
        </itemmetadata>
        <presentation>
          <material>
            <mattext texttype="text/html">&lt;div&gt;
&lt;p&gt;Identify v[5] from the following sequence:&lt;/p&gt;
&lt;p&gt;v &amp;lt;- seq(from = 2, to = 40, length.out = 10)&lt;/p&gt;
&lt;/div&gt;</mattext>
          </material>
          <response_lid ident="response1" rcardinality="Single">
            <render_choice>
              <response_label ident="1444">
                <material>
                  <mattext texttype="text/plain">18.888889</mattext>
                </material>
              </response_label>
              <response_label ident="8088">
                <material>
                  <mattext texttype="text/plain">14.666667</mattext>
                </material>
              </response_label>
              <response_label ident="9280">
                <material>
                  <mattext texttype="text/plain">23.111111</mattext>
                </material>
              </response_label>
              <response_label ident="4331">
                <material>
                  <mattext texttype="text/plain">27.333333</mattext>
                </material>
              </response_label>
            </render_choice>
          </response_lid>
        </presentation>
        <resprocessing>
          <outcomes>
            <decvar maxvalue="100" minvalue="0" varname="SCORE" vartype="Decimal"/>
          </outcomes>
          <respcondition continue="No">
            <conditionvar>
              <varequal respident="response1">1444</varequal>
            </conditionvar>
            <setvar action="Set" varname="SCORE">100</setvar>
          </respcondition>
        </resprocessing>
      </item>
      <item ident="g0997d7e309397a9dc747aa7223d9df1f" title="Question">
        <itemmetadata>
          <qtimetadata>
            <qtimetadatafield>
              <fieldlabel>question_type</fieldlabel>
              <fieldentry>multiple_choice_question</fieldentry>
            </qtimetadatafield>
            <qtimetadatafield>
              <fieldlabel>points_possible</fieldlabel>
              <fieldentry>1.0</fieldentry>
            </qtimetadatafield>
            <qtimetadatafield>
              <fieldlabel>original_answer_ids</fieldlabel>
              <fieldentry>9783,3236,8290,8253</fieldentry>
            </qtimetadatafield>
            <qtimetadatafield>
              <fieldlabel>assessment_question_identifierref</fieldlabel>
              <fieldentry>g8ee799b88c0e80a89daed368f70e48b4</fieldentry>
            </qtimetadatafield>
          </qtimetadata>
        </itemmetadata>
        <presentation>
          <material>
            <mattext texttype="text/html">&lt;div&gt;
&lt;p&gt;Given a vector named "weekdays" containing the days of the work week:&lt;/p&gt;
&lt;p style="padding-left: 40px;"&gt;"Monday", "Tuesday", "Wednesday", "Thursday", "Friday"&lt;/p&gt;
&lt;p&gt;Which one of the expressions shown below will produce this vector:&lt;/p&gt;
&lt;p style="padding-left: 40px;"&gt;"Tuesday" "Wednesday" "Thursday"&lt;/p&gt;
&lt;/div&gt;</mattext>
          </material>
          <response_lid ident="response1" rcardinality="Single">
            <render_choice>
              <response_label ident="9783">
                <material>
                  <mattext texttype="text/plain">weekdays[-c(1,5)]</mattext>
                </material>
              </response_label>
              <response_label ident="3236">
                <material>
                  <mattext texttype="text/plain">weekdays[c(1,5)]</mattext>
                </material>
              </response_label>
              <response_label ident="8290">
                <material>
                  <mattext texttype="text/plain">weekdays[-1,-5]</mattext>
                </material>
              </response_label>
              <response_label ident="8253">
                <material>
                  <mattext texttype="text/plain">weekdays[-c(0,4)]</mattext>
                </material>
              </response_label>
            </render_choice>
          </response_lid>
        </presentation>
        <resprocessing>
          <outcomes>
            <decvar maxvalue="100" minvalue="0" varname="SCORE" vartype="Decimal"/>
          </outcomes>
          <respcondition continue="No">
            <conditionvar>
              <varequal respident="response1">9783</varequal>
            </conditionvar>
            <setvar action="Set" varname="SCORE">100</setvar>
          </respcondition>
        </resprocessing>
      </item>
      <item ident="gbbbb794a438ddb92967d7b455e0a741e" title="Question">
        <itemmetadata>
          <qtimetadata>
            <qtimetadatafield>
              <fieldlabel>question_type</fieldlabel>
              <fieldentry>multiple_choice_question</fieldentry>
            </qtimetadatafield>
            <qtimetadatafield>
              <fieldlabel>points_possible</fieldlabel>
              <fieldentry>1.0</fieldentry>
            </qtimetadatafield>
            <qtimetadatafield>
              <fieldlabel>original_answer_ids</fieldlabel>
              <fieldentry>92637,41813,17424,72140</fieldentry>
            </qtimetadatafield>
            <qtimetadatafield>
              <fieldlabel>assessment_question_identifierref</fieldlabel>
              <fieldentry>gd6ddaf3b441c077c29a75d03ec8facbf</fieldentry>
            </qtimetadatafield>
          </qtimetadata>
        </itemmetadata>
        <presentation>
          <material>
            <mattext texttype="text/html">&lt;div&gt;________ refers to R's behavior of repeating a shorter vector to match the length of a longer one.&lt;/div&gt;</mattext>
          </material>
          <response_lid ident="response1" rcardinality="Single">
            <render_choice>
              <response_label ident="92637">
                <material>
                  <mattext texttype="text/plain">Recycling</mattext>
                </material>
              </response_label>
              <response_label ident="41813">
                <material>
                  <mattext texttype="text/plain">Repeating</mattext>
                </material>
              </response_label>
              <response_label ident="17424">
                <material>
                  <mattext texttype="text/plain">Extending</mattext>
                </material>
              </response_label>
              <response_label ident="72140">
                <material>
                  <mattext texttype="text/plain">Cycling</mattext>
                </material>
              </response_label>
            </render_choice>
          </response_lid>
        </presentation>
        <resprocessing>
          <outcomes>
            <decvar maxvalue="100" minvalue="0" varname="SCORE" vartype="Decimal"/>
          </outcomes>
          <respcondition continue="No">
            <conditionvar>
              <varequal respident="response1">92637</varequal>
            </conditionvar>
            <setvar action="Set" varname="SCORE">100</setvar>
            <displayfeedback feedbacktype="Response" linkrefid="correct_fb"/>
          </respcondition>
        </resprocessing>
        <itemfeedback ident="correct_fb">
          <flow_mat>
            <material>
              <mattext texttype="text/html">R &lt;em&gt;recycles&lt;/em&gt; values in a shorter vector to match the length of a longer vector.</mattext>
            </material>
          </flow_mat>
        </itemfeedback>
      </item>
      <item ident="g24dcb8326d025e77d9351183d8a15248" title="Question">
        <itemmetadata>
          <qtimetadata>
            <qtimetadatafield>
              <fieldlabel>question_type</fieldlabel>
              <fieldentry>multiple_choice_question</fieldentry>
            </qtimetadatafield>
            <qtimetadatafield>
              <fieldlabel>points_possible</fieldlabel>
              <fieldentry>1.0</fieldentry>
            </qtimetadatafield>
            <qtimetadatafield>
              <fieldlabel>original_answer_ids</fieldlabel>
              <fieldentry>9289,5892,8801,7371,5518</fieldentry>
            </qtimetadatafield>
            <qtimetadatafield>
              <fieldlabel>assessment_question_identifierref</fieldlabel>
              <fieldentry>gbc6e5f24e847b2c040e9282bb979fdd6</fieldentry>
            </qtimetadatafield>
          </qtimetadata>
        </itemmetadata>
        <presentation>
          <material>
            <mattext texttype="text/html">&lt;div&gt;
&lt;p&gt;Given&amp;nbsp;&lt;/p&gt;
&lt;p style="padding-left: 40px;"&gt;v &amp;lt;- c(2,4,6,8,10,12)&lt;/p&gt;
&lt;p&gt;which one of the following expressions will produce the vector&lt;/p&gt;
&lt;p style="padding-left: 40px;"&gt;4 12 12 24 20 36&lt;/p&gt;
&lt;/div&gt;</mattext>
          </material>
          <response_lid ident="response1" rcardinality="Single">
            <render_choice>
              <response_label ident="9289">
                <material>
                  <mattext texttype="text/plain">v * c(2,3)</mattext>
                </material>
              </response_label>
              <response_label ident="5892">
                <material>
                  <mattext texttype="text/plain">v * c(2,3,2,3,2,3,2,3)</mattext>
                </material>
              </response_label>
              <response_label ident="8801">
                <material>
                  <mattext texttype="text/plain">v * c(2)</mattext>
                </material>
              </response_label>
              <response_label ident="7371">
                <material>
                  <mattext texttype="text/plain">v * c(2) + v * c(3)</mattext>
                </material>
              </response_label>
              <response_label ident="5518">
                <material>
                  <mattext texttype="text/plain">v * (2,3)</mattext>
                </material>
              </response_label>
            </render_choice>
          </response_lid>
        </presentation>
        <resprocessing>
          <outcomes>
            <decvar maxvalue="100" minvalue="0" varname="SCORE" vartype="Decimal"/>
          </outcomes>
          <respcondition continue="No">
            <conditionvar>
              <varequal respident="response1">9289</varequal>
            </conditionvar>
            <setvar action="Set" varname="SCORE">100</setvar>
          </respcondition>
        </resprocessing>
      </item>
      <item ident="g5ec31ef9dc9b8a570f0f069c5c589904" title="Question">
        <itemmetadata>
          <qtimetadata>
            <qtimetadatafield>
              <fieldlabel>question_type</fieldlabel>
              <fieldentry>multiple_answers_question</fieldentry>
            </qtimetadatafield>
            <qtimetadatafield>
              <fieldlabel>points_possible</fieldlabel>
              <fieldentry>1.0</fieldentry>
            </qtimetadatafield>
            <qtimetadatafield>
              <fieldlabel>original_answer_ids</fieldlabel>
              <fieldentry>2026,9035,3749,5771</fieldentry>
            </qtimetadatafield>
            <qtimetadatafield>
              <fieldlabel>assessment_question_identifierref</fieldlabel>
              <fieldentry>gf47b767d37e06559ff801f2d253307ba</fieldentry>
            </qtimetadatafield>
          </qtimetadata>
        </itemmetadata>
        <presentation>
          <material>
            <mattext texttype="text/html">&lt;div&gt;
&lt;p&gt;Given the matrix m shown below, which of the R functions listed below will produce this matrix? Select the two correct answers.&lt;/p&gt;
&lt;p&gt;&lt;strong&gt;&amp;gt;m&lt;br&gt;[,1]&amp;nbsp; &amp;nbsp; &amp;nbsp; &amp;nbsp; &amp;nbsp; &amp;nbsp; &amp;nbsp; [,2]&lt;/strong&gt;&lt;br&gt;&lt;strong&gt;[1,] 40.5&amp;nbsp; &amp;nbsp; &amp;nbsp;19.8&lt;/strong&gt;&lt;br&gt;&lt;strong&gt;[2,] 12.7&amp;nbsp; &amp;nbsp; &amp;nbsp;56.0&lt;/strong&gt;&lt;br&gt;&lt;strong&gt;[3,] 13.3&amp;nbsp; &amp;nbsp; &amp;nbsp;98.9&lt;/strong&gt;&lt;br&gt;&lt;strong&gt;[4,] 20.1&amp;nbsp; &amp;nbsp; &amp;nbsp;78.5&lt;/strong&gt;&lt;/p&gt;
&lt;/div&gt;</mattext>
          </material>
          <response_lid ident="response1" rcardinality="Multiple">
            <render_choice>
              <response_label ident="2026">
                <material>
                  <mattext texttype="text/plain">m &lt;- matrix(data=c(40.5, 12.7, 13.3, 20.1, 19.8, 56.0, 98.9, 78.5), nrow=4, ncol=2)</mattext>
                </material>
              </response_label>
              <response_label ident="9035">
                <material>
                  <mattext texttype="text/plain">m &lt;- matrix(data=c(40.5, 12.7, 13.3, 20.1, 19.8, 56.0, 98.9, 78.5), nrow=4, ncol=2,byrow=F)</mattext>
                </material>
              </response_label>
              <response_label ident="3749">
                <material>
                  <mattext texttype="text/plain">m &lt;- matrix(data=c(40.5, 12.7, 13.3, 20.1, 19.8, 56.0, 98.9, 78.5), nrow=4, ncol=2, byrow=T)</mattext>
                </material>
              </response_label>
              <response_label ident="5771">
                <material>
                  <mattext texttype="text/plain">m &lt;- matrix(data=c(40.5, 12.7, 13.3, 20.1, 19.8, 56.0, 98.9, 78.5), nrow=4, ncol=2, byrow=TRUE)</mattext>
                </material>
              </response_label>
            </render_choice>
          </response_lid>
        </presentation>
        <resprocessing>
          <outcomes>
            <decvar maxvalue="100" minvalue="0" varname="SCORE" vartype="Decimal"/>
          </outcomes>
          <respcondition continue="No">
            <conditionvar>
              <and>
                <varequal respident="response1">2026</varequal>
                <varequal respident="response1">9035</varequal>
                <not>
                  <varequal respident="response1">3749</varequal>
                </not>
                <not>
                  <varequal respident="response1">5771</varequal>
                </not>
              </and>
            </conditionvar>
            <setvar action="Set" varname="SCORE">100</setvar>
          </respcondition>
        </resprocessing>
      </item>
      <item ident="gf74c31d8428e31308f76c9b63d618e2b" title="Question">
        <itemmetadata>
          <qtimetadata>
            <qtimetadatafield>
              <fieldlabel>question_type</fieldlabel>
              <fieldentry>multiple_choice_question</fieldentry>
            </qtimetadatafield>
            <qtimetadatafield>
              <fieldlabel>points_possible</fieldlabel>
              <fieldentry>1.0</fieldentry>
            </qtimetadatafield>
            <qtimetadatafield>
              <fieldlabel>original_answer_ids</fieldlabel>
              <fieldentry>3453,3154,4451,3188</fieldentry>
            </qtimetadatafield>
            <qtimetadatafield>
              <fieldlabel>assessment_question_identifierref</fieldlabel>
              <fieldentry>gf47b767d37e06559ff801f2d253307ba</fieldentry>
            </qtimetadatafield>
          </qtimetadata>
        </itemmetadata>
        <presentation>
          <material>
            <mattext texttype="text/html">&lt;div&gt;Which one of the R functions listed below will produce an error message due to an incorrect number of data elements?&lt;/div&gt;</mattext>
          </material>
          <response_lid ident="response1" rcardinality="Single">
            <render_choice>
              <response_label ident="3453">
                <material>
                  <mattext texttype="text/plain">m &lt;- matrix(data=c(40.5, 12.7, 13.3, 20.1, 19.8, 56.0, 98.9, 78.5), nrow=3,byrow=F)</mattext>
                </material>
              </response_label>
              <response_label ident="3154">
                <material>
                  <mattext texttype="text/plain">m &lt;- matrix(data=c(40.5, 12.7, 13.3, 20.1, 19.8, 56.0, 98.9, 78.5), nrow=4, ncol=2,byrow=F)</mattext>
                </material>
              </response_label>
              <response_label ident="4451">
                <material>
                  <mattext texttype="text/plain">m &lt;- matrix(data=c(40.5, 12.7, 13.3, 20.1, 19.8, 56.0, 98.9, 78.5))</mattext>
                </material>
              </response_label>
              <response_label ident="3188">
                <material>
                  <mattext texttype="text/plain">m &lt;- matrix(data=c(40.5, 12.7, 13.3, 20.1, 19.8, 56.0, 98.9, 78.5), nrow=4,byrow=F)</mattext>
                </material>
              </response_label>
            </render_choice>
          </response_lid>
        </presentation>
        <resprocessing>
          <outcomes>
            <decvar maxvalue="100" minvalue="0" varname="SCORE" vartype="Decimal"/>
          </outcomes>
          <respcondition continue="No">
            <conditionvar>
              <varequal respident="response1">3453</varequal>
            </conditionvar>
            <setvar action="Set" varname="SCORE">100</setvar>
          </respcondition>
        </resprocessing>
      </item>
      <item ident="g28644f7518c9e9419d74323abd995e2e" title="Question">
        <itemmetadata>
          <qtimetadata>
            <qtimetadatafield>
              <fieldlabel>question_type</fieldlabel>
              <fieldentry>multiple_choice_question</fieldentry>
            </qtimetadatafield>
            <qtimetadatafield>
              <fieldlabel>points_possible</fieldlabel>
              <fieldentry>1.0</fieldentry>
            </qtimetadatafield>
            <qtimetadatafield>
              <fieldlabel>original_answer_ids</fieldlabel>
              <fieldentry>3859,5244,9107,9010</fieldentry>
            </qtimetadatafield>
            <qtimetadatafield>
              <fieldlabel>assessment_question_identifierref</fieldlabel>
              <fieldentry>gf47b767d37e06559ff801f2d253307ba</fieldentry>
            </qtimetadatafield>
          </qtimetadata>
        </itemmetadata>
        <presentation>
          <material>
            <mattext texttype="text/html">&lt;div&gt;Given a 4 x 4 matrix (4 rows by 4 columns) named mv, which one of the expressions listed below will extract the element at the 2nd row, 3rd column?&lt;/div&gt;</mattext>
          </material>
          <response_lid ident="response1" rcardinality="Single">
            <render_choice>
              <response_label ident="3859">
                <material>
                  <mattext texttype="text/plain">mv[2,3]</mattext>
                </material>
              </response_label>
              <response_label ident="5244">
                <material>
                  <mattext texttype="text/plain">mv[2]</mattext>
                </material>
              </response_label>
              <response_label ident="9107">
                <material>
                  <mattext texttype="text/plain">mv[3,2]</mattext>
                </material>
              </response_label>
              <response_label ident="9010">
                <material>
                  <mattext texttype="text/plain">mv[1,2]</mattext>
                </material>
              </response_label>
            </render_choice>
          </response_lid>
        </presentation>
        <resprocessing>
          <outcomes>
            <decvar maxvalue="100" minvalue="0" varname="SCORE" vartype="Decimal"/>
          </outcomes>
          <respcondition continue="No">
            <conditionvar>
              <varequal respident="response1">3859</varequal>
            </conditionvar>
            <setvar action="Set" varname="SCORE">100</setvar>
          </respcondition>
        </resprocessing>
      </item>
      <item ident="g92a5781dbf0b8bd2ac0d224664c07b71" title="Question">
        <itemmetadata>
          <qtimetadata>
            <qtimetadatafield>
              <fieldlabel>question_type</fieldlabel>
              <fieldentry>multiple_answers_question</fieldentry>
            </qtimetadatafield>
            <qtimetadatafield>
              <fieldlabel>points_possible</fieldlabel>
              <fieldentry>1.0</fieldentry>
            </qtimetadatafield>
            <qtimetadatafield>
              <fieldlabel>original_answer_ids</fieldlabel>
              <fieldentry>2304,1489,7694,8924</fieldentry>
            </qtimetadatafield>
            <qtimetadatafield>
              <fieldlabel>assessment_question_identifierref</fieldlabel>
              <fieldentry>gf47b767d37e06559ff801f2d253307ba</fieldentry>
            </qtimetadatafield>
          </qtimetadata>
        </itemmetadata>
        <presentation>
          <material>
            <mattext texttype="text/html">&lt;div&gt;Given a 4 x 4 matrix (4 rows by 4 columns) named mv, which of the expressions listed below will extract the element at row 1, column 1? Select the two correct answers.&lt;/div&gt;</mattext>
          </material>
          <response_lid ident="response1" rcardinality="Multiple">
            <render_choice>
              <response_label ident="2304">
                <material>
                  <mattext texttype="text/plain">mv[1]</mattext>
                </material>
              </response_label>
              <response_label ident="1489">
                <material>
                  <mattext texttype="text/plain">mv[1,1]</mattext>
                </material>
              </response_label>
              <response_label ident="7694">
                <material>
                  <mattext texttype="text/plain">mv[,1]</mattext>
                </material>
              </response_label>
              <response_label ident="8924">
                <material>
                  <mattext texttype="text/plain">mv[1,]</mattext>
                </material>
              </response_label>
            </render_choice>
          </response_lid>
        </presentation>
        <resprocessing>
          <outcomes>
            <decvar maxvalue="100" minvalue="0" varname="SCORE" vartype="Decimal"/>
          </outcomes>
          <respcondition continue="No">
            <conditionvar>
              <and>
                <varequal respident="response1">2304</varequal>
                <varequal respident="response1">1489</varequal>
                <not>
                  <varequal respident="response1">7694</varequal>
                </not>
                <not>
                  <varequal respident="response1">8924</varequal>
                </not>
              </and>
            </conditionvar>
            <setvar action="Set" varname="SCORE">100</setvar>
          </respcondition>
        </resprocessing>
      </item>
      <item ident="g04263a6be0f914f2345808273389a101" title="Question">
        <itemmetadata>
          <qtimetadata>
            <qtimetadatafield>
              <fieldlabel>question_type</fieldlabel>
              <fieldentry>multiple_choice_question</fieldentry>
            </qtimetadatafield>
            <qtimetadatafield>
              <fieldlabel>points_possible</fieldlabel>
              <fieldentry>1.0</fieldentry>
            </qtimetadatafield>
            <qtimetadatafield>
              <fieldlabel>original_answer_ids</fieldlabel>
              <fieldentry>7836,3892,2995,5454</fieldentry>
            </qtimetadatafield>
            <qtimetadatafield>
              <fieldlabel>assessment_question_identifierref</fieldlabel>
              <fieldentry>gf47b767d37e06559ff801f2d253307ba</fieldentry>
            </qtimetadatafield>
          </qtimetadata>
        </itemmetadata>
        <presentation>
          <material>
            <mattext texttype="text/html">&lt;div&gt;
&lt;p&gt;Given the following matrix named &lt;strong&gt;mv&lt;/strong&gt;&lt;/p&gt;
&lt;p&gt;&lt;strong&gt;&amp;gt; mv&lt;/strong&gt;&lt;br&gt;&lt;strong&gt;&amp;nbsp; &amp;nbsp; &amp;nbsp; &amp;nbsp; &amp;nbsp; v1&amp;nbsp; &amp;nbsp; &amp;nbsp; &amp;nbsp; &amp;nbsp; &amp;nbsp; &amp;nbsp; &amp;nbsp; &amp;nbsp; &amp;nbsp; v2&amp;nbsp; &amp;nbsp; &amp;nbsp; &amp;nbsp; &amp;nbsp; &amp;nbsp; &amp;nbsp; &amp;nbsp; &amp;nbsp; v3&lt;/strong&gt;&lt;br&gt;&lt;strong&gt;[1,]&amp;nbsp; &amp;nbsp;0.23&amp;nbsp; &amp;nbsp; &amp;nbsp; &amp;nbsp; &amp;nbsp; &amp;nbsp; &amp;nbsp; 0.27&amp;nbsp; &amp;nbsp; &amp;nbsp; &amp;nbsp; &amp;nbsp; &amp;nbsp; &amp;nbsp; &amp;nbsp; 0.23&lt;/strong&gt;&lt;br&gt;&lt;strong&gt;[2,]&amp;nbsp; &amp;nbsp;0.85&amp;nbsp; &amp;nbsp; &amp;nbsp; &amp;nbsp; &amp;nbsp; &amp;nbsp; &amp;nbsp; 0.97&amp;nbsp; &amp;nbsp; &amp;nbsp; &amp;nbsp; &amp;nbsp; &amp;nbsp; &amp;nbsp; &amp;nbsp; 0.51&lt;/strong&gt;&lt;br&gt;&lt;strong&gt;[3,]&amp;nbsp; 0.73&amp;nbsp; &amp;nbsp; &amp;nbsp; &amp;nbsp; &amp;nbsp; &amp;nbsp; &amp;nbsp; &amp;nbsp;0.72&amp;nbsp; &amp;nbsp; &amp;nbsp; &amp;nbsp; &amp;nbsp; &amp;nbsp; &amp;nbsp; &amp;nbsp; 0.16&lt;/strong&gt;&lt;br&gt;&lt;strong&gt;[4,]&amp;nbsp; &amp;nbsp;0.10&amp;nbsp; &amp;nbsp; &amp;nbsp; &amp;nbsp; &amp;nbsp; &amp;nbsp; &amp;nbsp; 0.98&amp;nbsp; &amp;nbsp; &amp;nbsp; &amp;nbsp; &amp;nbsp; &amp;nbsp; &amp;nbsp; &amp;nbsp; 0.99&lt;/strong&gt;&lt;/p&gt;
&lt;p&gt;which of the expressions listed below will produce this matrix:&lt;/p&gt;
&lt;p&gt;&lt;strong&gt;&amp;nbsp; &amp;nbsp; &amp;nbsp; &amp;nbsp; &amp;nbsp; &amp;nbsp; v2&amp;nbsp; &amp;nbsp; &amp;nbsp; &amp;nbsp; &amp;nbsp; &amp;nbsp;v3&lt;/strong&gt;&lt;br&gt;&lt;strong&gt;[1,]&amp;nbsp; &amp;nbsp; 0.27&amp;nbsp; &amp;nbsp; &amp;nbsp; &amp;nbsp; &amp;nbsp;0.23&lt;/strong&gt;&lt;br&gt;&lt;strong&gt;[2,]&amp;nbsp; &amp;nbsp; 0.72&amp;nbsp; &amp;nbsp; &amp;nbsp; &amp;nbsp; &amp;nbsp;0.16&lt;/strong&gt;&lt;/p&gt;
&lt;/div&gt;</mattext>
          </material>
          <response_lid ident="response1" rcardinality="Single">
            <render_choice>
              <response_label ident="7836">
                <material>
                  <mattext texttype="text/plain">mv[c(1,3),2:3]</mattext>
                </material>
              </response_label>
              <response_label ident="3892">
                <material>
                  <mattext texttype="text/plain">mv[c(1),2:3]</mattext>
                </material>
              </response_label>
              <response_label ident="2995">
                <material>
                  <mattext texttype="text/plain">mv[1:3,2:3]</mattext>
                </material>
              </response_label>
              <response_label ident="5454">
                <material>
                  <mattext texttype="text/plain">mv[2:3,2:3]</mattext>
                </material>
              </response_label>
            </render_choice>
          </response_lid>
        </presentation>
        <resprocessing>
          <outcomes>
            <decvar maxvalue="100" minvalue="0" varname="SCORE" vartype="Decimal"/>
          </outcomes>
          <respcondition continue="No">
            <conditionvar>
              <varequal respident="response1">7836</varequal>
            </conditionvar>
            <setvar action="Set" varname="SCORE">100</setvar>
          </respcondition>
        </resprocessing>
      </item>
      <item ident="g4aa89568dfe1826aba43c25c6e3cec5a" title="Question">
        <itemmetadata>
          <qtimetadata>
            <qtimetadatafield>
              <fieldlabel>question_type</fieldlabel>
              <fieldentry>multiple_choice_question</fieldentry>
            </qtimetadatafield>
            <qtimetadatafield>
              <fieldlabel>points_possible</fieldlabel>
              <fieldentry>1.0</fieldentry>
            </qtimetadatafield>
            <qtimetadatafield>
              <fieldlabel>original_answer_ids</fieldlabel>
              <fieldentry>6343,4789,6622,9717</fieldentry>
            </qtimetadatafield>
            <qtimetadatafield>
              <fieldlabel>assessment_question_identifierref</fieldlabel>
              <fieldentry>g7a8e10749810af94602535fb788782c4</fieldentry>
            </qtimetadatafield>
          </qtimetadata>
        </itemmetadata>
        <presentation>
          <material>
            <mattext texttype="text/html">&lt;div&gt;
&lt;p&gt;Which one of the functions listed below will produce the following matrix?&lt;/p&gt;
&lt;p style="padding-left: 40px;"&gt;&lt;strong&gt;&amp;nbsp; &amp;nbsp; &amp;nbsp; &amp;nbsp; [,1]&amp;nbsp; &amp;nbsp; &amp;nbsp;[,2]&amp;nbsp; &amp;nbsp; &amp;nbsp;[,3]&lt;/strong&gt;&lt;br&gt;&lt;strong&gt;[1,]&amp;nbsp;&amp;nbsp;&amp;nbsp; 7&amp;nbsp; &amp;nbsp; &amp;nbsp; &amp;nbsp; 6&amp;nbsp; &amp;nbsp; &amp;nbsp; &amp;nbsp; 5&lt;/strong&gt;&lt;br&gt;&lt;strong&gt;[2,]&amp;nbsp;&amp;nbsp;&amp;nbsp; 8&amp;nbsp; &amp;nbsp; &amp;nbsp; &amp;nbsp; 7&amp;nbsp; &amp;nbsp; &amp;nbsp; &amp;nbsp; 6&lt;/strong&gt;&lt;br&gt;&lt;strong&gt;[3,]&amp;nbsp;&amp;nbsp;&amp;nbsp; 9&amp;nbsp; &amp;nbsp; &amp;nbsp; &amp;nbsp; 8&amp;nbsp; &amp;nbsp; &amp;nbsp; &amp;nbsp; 7&lt;/strong&gt;&lt;/p&gt;
&lt;/div&gt;</mattext>
          </material>
          <response_lid ident="response1" rcardinality="Single">
            <render_choice>
              <response_label ident="6343">
                <material>
                  <mattext texttype="text/plain">cbind(7:9,6:8,5:7)</mattext>
                </material>
              </response_label>
              <response_label ident="4789">
                <material>
                  <mattext texttype="text/plain">matrix(c(7,8,9,6,7,8,5,6,7))</mattext>
                </material>
              </response_label>
              <response_label ident="6622">
                <material>
                  <mattext texttype="text/plain">rbind(7:9,6:8,5:7)</mattext>
                </material>
              </response_label>
              <response_label ident="9717">
                <material>
                  <mattext texttype="text/plain">matrix(c(7,8,9),c(6,7,8),c(5,6,7))</mattext>
                </material>
              </response_label>
            </render_choice>
          </response_lid>
        </presentation>
        <resprocessing>
          <outcomes>
            <decvar maxvalue="100" minvalue="0" varname="SCORE" vartype="Decimal"/>
          </outcomes>
          <respcondition continue="No">
            <conditionvar>
              <varequal respident="response1">6343</varequal>
            </conditionvar>
            <setvar action="Set" varname="SCORE">100</setvar>
          </respcondition>
        </resprocessing>
      </item>
      <item ident="g149c14c7dc233ca60c82393a9b036564" title="Question">
        <itemmetadata>
          <qtimetadata>
            <qtimetadatafield>
              <fieldlabel>question_type</fieldlabel>
              <fieldentry>multiple_choice_question</fieldentry>
            </qtimetadatafield>
            <qtimetadatafield>
              <fieldlabel>points_possible</fieldlabel>
              <fieldentry>1.0</fieldentry>
            </qtimetadatafield>
            <qtimetadatafield>
              <fieldlabel>original_answer_ids</fieldlabel>
              <fieldentry>7727,3481,1635,1887</fieldentry>
            </qtimetadatafield>
            <qtimetadatafield>
              <fieldlabel>assessment_question_identifierref</fieldlabel>
              <fieldentry>g233e9e7eafc1ec57c010db6321907bea</fieldentry>
            </qtimetadatafield>
          </qtimetadata>
        </itemmetadata>
        <presentation>
          <material>
            <mattext texttype="text/html">&lt;div&gt;How many dimensions can an R array have?&lt;/div&gt;</mattext>
          </material>
          <response_lid ident="response1" rcardinality="Single">
            <render_choice>
              <response_label ident="7727">
                <material>
                  <mattext texttype="text/plain">one or more</mattext>
                </material>
              </response_label>
              <response_label ident="3481">
                <material>
                  <mattext texttype="text/plain">two or more</mattext>
                </material>
              </response_label>
              <response_label ident="1635">
                <material>
                  <mattext texttype="text/plain">three or more</mattext>
                </material>
              </response_label>
              <response_label ident="1887">
                <material>
                  <mattext texttype="text/plain">one, two, or three</mattext>
                </material>
              </response_label>
            </render_choice>
          </response_lid>
        </presentation>
        <resprocessing>
          <outcomes>
            <decvar maxvalue="100" minvalue="0" varname="SCORE" vartype="Decimal"/>
          </outcomes>
          <respcondition continue="No">
            <conditionvar>
              <varequal respident="response1">7727</varequal>
            </conditionvar>
            <setvar action="Set" varname="SCORE">100</setvar>
          </respcondition>
        </resprocessing>
      </item>
      <item ident="gb74e799dafa9762914fc25111663d9e3" title="Question">
        <itemmetadata>
          <qtimetadata>
            <qtimetadatafield>
              <fieldlabel>question_type</fieldlabel>
              <fieldentry>multiple_choice_question</fieldentry>
            </qtimetadatafield>
            <qtimetadatafield>
              <fieldlabel>points_possible</fieldlabel>
              <fieldentry>1.0</fieldentry>
            </qtimetadatafield>
            <qtimetadatafield>
              <fieldlabel>original_answer_ids</fieldlabel>
              <fieldentry>4294,590,7215,4750</fieldentry>
            </qtimetadatafield>
            <qtimetadatafield>
              <fieldlabel>assessment_question_identifierref</fieldlabel>
              <fieldentry>g2e72a4c959a0f01df13f4e7c2fab7899</fieldentry>
            </qtimetadatafield>
          </qtimetadata>
        </itemmetadata>
        <presentation>
          <material>
            <mattext texttype="text/html">&lt;div&gt;Which one of the functions listed below will create a 3-dimensional array of 3 columns, 4 rows, and 5 layers?&lt;/div&gt;</mattext>
          </material>
          <response_lid ident="response1" rcardinality="Single">
            <render_choice>
              <response_label ident="4294">
                <material>
                  <mattext texttype="text/plain">array(data=5:64,dim=c(4,3,5))</mattext>
                </material>
              </response_label>
              <response_label ident="590">
                <material>
                  <mattext texttype="text/plain">array(data=5:64,dim=c(3,4,5))</mattext>
                </material>
              </response_label>
              <response_label ident="7215">
                <material>
                  <mattext texttype="text/plain">array(data=5:64,dim=c(5,3,4))</mattext>
                </material>
              </response_label>
              <response_label ident="4750">
                <material>
                  <mattext texttype="text/plain">array(data=5:64,dim=c(5,4,3))</mattext>
                </material>
              </response_label>
            </render_choice>
          </response_lid>
        </presentation>
        <resprocessing>
          <outcomes>
            <decvar maxvalue="100" minvalue="0" varname="SCORE" vartype="Decimal"/>
          </outcomes>
          <respcondition continue="No">
            <conditionvar>
              <varequal respident="response1">4294</varequal>
            </conditionvar>
            <setvar action="Set" varname="SCORE">100</setvar>
          </respcondition>
        </resprocessing>
      </item>
      <item ident="g3c3d416dff0dfd74b2cfd82740b5bfac" title="Question">
        <itemmetadata>
          <qtimetadata>
            <qtimetadatafield>
              <fieldlabel>question_type</fieldlabel>
              <fieldentry>multiple_choice_question</fieldentry>
            </qtimetadatafield>
            <qtimetadatafield>
              <fieldlabel>points_possible</fieldlabel>
              <fieldentry>1.0</fieldentry>
            </qtimetadatafield>
            <qtimetadatafield>
              <fieldlabel>original_answer_ids</fieldlabel>
              <fieldentry>6488,1878,6937,4427</fieldentry>
            </qtimetadatafield>
            <qtimetadatafield>
              <fieldlabel>assessment_question_identifierref</fieldlabel>
              <fieldentry>gf47b767d37e06559ff801f2d253307ba</fieldentry>
            </qtimetadatafield>
          </qtimetadata>
        </itemmetadata>
        <presentation>
          <material>
            <mattext texttype="text/html">&lt;div&gt;
&lt;p&gt;Given the array a&amp;nbsp;&lt;/p&gt;
&lt;p style="padding-left: 40px;"&gt;&lt;strong&gt;&amp;gt; a&lt;/strong&gt;&lt;br&gt;&lt;strong&gt;, , 1&lt;/strong&gt;&lt;br&gt;&lt;strong&gt;&amp;nbsp; &amp;nbsp; &amp;nbsp; &amp;nbsp; &amp;nbsp; [,1]&amp;nbsp; &amp;nbsp; [,2]&amp;nbsp; &amp;nbsp;[,3]&amp;nbsp; &amp;nbsp;[,4]&lt;/strong&gt;&lt;br&gt;&lt;strong&gt;[1,]&amp;nbsp; &amp;nbsp; &amp;nbsp; 1&amp;nbsp; &amp;nbsp; &amp;nbsp; &amp;nbsp; 4&amp;nbsp; &amp;nbsp; &amp;nbsp; &amp;nbsp;7&amp;nbsp; &amp;nbsp; &amp;nbsp; &amp;nbsp;10&lt;/strong&gt;&lt;br&gt;&lt;strong&gt;[2,]&amp;nbsp; &amp;nbsp; &amp;nbsp;2&amp;nbsp; &amp;nbsp; &amp;nbsp; &amp;nbsp; 5&amp;nbsp; &amp;nbsp; &amp;nbsp; &amp;nbsp;8&amp;nbsp; &amp;nbsp; &amp;nbsp; &amp;nbsp;11&lt;/strong&gt;&lt;br&gt;&lt;strong&gt;[3,]&amp;nbsp; &amp;nbsp; &amp;nbsp;3&amp;nbsp; &amp;nbsp; &amp;nbsp; &amp;nbsp; 6&amp;nbsp; &amp;nbsp; &amp;nbsp; &amp;nbsp;9&amp;nbsp; &amp;nbsp; &amp;nbsp; &amp;nbsp;12&lt;/strong&gt;&lt;/p&gt;
&lt;p style="padding-left: 40px;"&gt;&lt;strong&gt;, , 2&lt;/strong&gt;&lt;br&gt;&lt;strong&gt;&amp;nbsp; &amp;nbsp; &amp;nbsp; &amp;nbsp; [,1]&amp;nbsp; &amp;nbsp; &amp;nbsp;[,2]&amp;nbsp; &amp;nbsp; &amp;nbsp;[,3]&amp;nbsp; &amp;nbsp; &amp;nbsp;[,4]&lt;/strong&gt;&lt;br&gt;&lt;strong&gt;[1,]&amp;nbsp; &amp;nbsp; 13&amp;nbsp; &amp;nbsp; &amp;nbsp; &amp;nbsp;16&amp;nbsp; &amp;nbsp; &amp;nbsp; 19&amp;nbsp; &amp;nbsp; &amp;nbsp; 22&lt;/strong&gt;&lt;br&gt;&lt;strong&gt;[2,]&amp;nbsp; &amp;nbsp;14&amp;nbsp; &amp;nbsp; &amp;nbsp; &amp;nbsp;17&amp;nbsp; &amp;nbsp; &amp;nbsp; 20&amp;nbsp; &amp;nbsp; &amp;nbsp; 23&lt;/strong&gt;&lt;br&gt;&lt;strong&gt;[3,]&amp;nbsp; &amp;nbsp;15&amp;nbsp; &amp;nbsp; &amp;nbsp; &amp;nbsp;18&amp;nbsp; &amp;nbsp; &amp;nbsp; 21&amp;nbsp; &amp;nbsp; &amp;nbsp; &amp;nbsp;24&lt;/strong&gt;&lt;/p&gt;
&lt;p&gt;the expression a[3 , ,&amp;nbsp; ] will return&amp;nbsp; ________.&lt;/p&gt;
&lt;/div&gt;</mattext>
          </material>
          <response_lid ident="response1" rcardinality="Single">
            <render_choice>
              <response_label ident="6488">
                <material>
                  <mattext texttype="text/plain">the third row of each layer as a column of a matrix</mattext>
                </material>
              </response_label>
              <response_label ident="1878">
                <material>
                  <mattext texttype="text/plain">the third column of each layer as a row of a matrix</mattext>
                </material>
              </response_label>
              <response_label ident="6937">
                <material>
                  <mattext texttype="text/plain">the third layer of the array as a matrix</mattext>
                </material>
              </response_label>
              <response_label ident="4427">
                <material>
                  <mattext texttype="text/plain">the third row of each layer as a row of a matrix</mattext>
                </material>
              </response_label>
            </render_choice>
          </response_lid>
        </presentation>
        <resprocessing>
          <outcomes>
            <decvar maxvalue="100" minvalue="0" varname="SCORE" vartype="Decimal"/>
          </outcomes>
          <respcondition continue="No">
            <conditionvar>
              <varequal respident="response1">6488</varequal>
            </conditionvar>
            <setvar action="Set" varname="SCORE">100</setvar>
          </respcondition>
        </resprocessing>
      </item>
    </section>
  </assessment>
</questestinterop>
