<?xml version="1.0" encoding="UTF-8"?>
<questestinterop xmlns="http://www.imsglobal.org/xsd/ims_qtiasiv1p2" xmlns:xsi="http://www.w3.org/2001/XMLSchema-instance" xsi:schemaLocation="http://www.imsglobal.org/xsd/ims_qtiasiv1p2 http://www.imsglobal.org/xsd/ims_qtiasiv1p2p1.xsd">
  <assessment ident="g09fa3ce5d64f5c34234a9df27b81cada" title="Review Quiz 5">
    <qtimetadata>
      <qtimetadatafield>
        <fieldlabel>cc_maxattempts</fieldlabel>
        <fieldentry>unlimited</fieldentry>
      </qtimetadatafield>
    </qtimetadata>
    <section ident="root_section">
      <item ident="g9e26851c3490a57bef9e96821322103e" title="Question">
        <itemmetadata>
          <qtimetadata>
            <qtimetadatafield>
              <fieldlabel>question_type</fieldlabel>
              <fieldentry>multiple_answers_question</fieldentry>
            </qtimetadatafield>
            <qtimetadatafield>
              <fieldlabel>points_possible</fieldlabel>
              <fieldentry>1.0</fieldentry>
            </qtimetadatafield>
            <qtimetadatafield>
              <fieldlabel>original_answer_ids</fieldlabel>
              <fieldentry>5952,2651,3798,5741</fieldentry>
            </qtimetadatafield>
            <qtimetadatafield>
              <fieldlabel>assessment_question_identifierref</fieldlabel>
              <fieldentry>gd890954fb611a71208d58c724cabd1d0</fieldentry>
            </qtimetadatafield>
          </qtimetadata>
        </itemmetadata>
        <presentation>
          <material>
            <mattext texttype="text/html">&lt;div&gt;Which of the following choices is a processing option required when processing table-formatted data? Select the three correct answers.&lt;/div&gt;</mattext>
          </material>
          <response_lid ident="response1" rcardinality="Multiple">
            <render_choice>
              <response_label ident="5952">
                <material>
                  <mattext texttype="text/plain">header row</mattext>
                </material>
              </response_label>
              <response_label ident="2651">
                <material>
                  <mattext texttype="text/plain">delimiter</mattext>
                </material>
              </response_label>
              <response_label ident="3798">
                <material>
                  <mattext texttype="text/plain">missing value characters</mattext>
                </material>
              </response_label>
              <response_label ident="5741">
                <material>
                  <mattext texttype="text/plain">file size</mattext>
                </material>
              </response_label>
            </render_choice>
          </response_lid>
        </presentation>
        <resprocessing>
          <outcomes>
            <decvar maxvalue="100" minvalue="0" varname="SCORE" vartype="Decimal"/>
          </outcomes>
          <respcondition continue="No">
            <conditionvar>
              <and>
                <varequal respident="response1">5952</varequal>
                <varequal respident="response1">2651</varequal>
                <varequal respident="response1">3798</varequal>
                <not>
                  <varequal respident="response1">5741</varequal>
                </not>
              </and>
            </conditionvar>
            <setvar action="Set" varname="SCORE">100</setvar>
          </respcondition>
        </resprocessing>
      </item>
      <item ident="g0d018eccb11948cd1179d3eab651cfd1" title="Question">
        <itemmetadata>
          <qtimetadata>
            <qtimetadatafield>
              <fieldlabel>question_type</fieldlabel>
              <fieldentry>multiple_choice_question</fieldentry>
            </qtimetadatafield>
            <qtimetadatafield>
              <fieldlabel>points_possible</fieldlabel>
              <fieldentry>1.0</fieldentry>
            </qtimetadatafield>
            <qtimetadatafield>
              <fieldlabel>original_answer_ids</fieldlabel>
              <fieldentry>8497,2080,4049,7529</fieldentry>
            </qtimetadatafield>
            <qtimetadatafield>
              <fieldlabel>assessment_question_identifierref</fieldlabel>
              <fieldentry>g455268f11aab4dd2b2961403dd4815bc</fieldentry>
            </qtimetadatafield>
          </qtimetadata>
        </itemmetadata>
        <presentation>
          <material>
            <mattext texttype="text/html">&lt;div&gt;________ reads a text file in as a data frame&lt;/div&gt;</mattext>
          </material>
          <response_lid ident="response1" rcardinality="Single">
            <render_choice>
              <response_label ident="8497">
                <material>
                  <mattext texttype="text/plain">read.table()</mattext>
                </material>
              </response_label>
              <response_label ident="2080">
                <material>
                  <mattext texttype="text/plain">read.frame()</mattext>
                </material>
              </response_label>
              <response_label ident="4049">
                <material>
                  <mattext texttype="text/plain">read.file()</mattext>
                </material>
              </response_label>
              <response_label ident="7529">
                <material>
                  <mattext texttype="text/plain">read.data()</mattext>
                </material>
              </response_label>
            </render_choice>
          </response_lid>
        </presentation>
        <resprocessing>
          <outcomes>
            <decvar maxvalue="100" minvalue="0" varname="SCORE" vartype="Decimal"/>
          </outcomes>
          <respcondition continue="No">
            <conditionvar>
              <varequal respident="response1">8497</varequal>
            </conditionvar>
            <setvar action="Set" varname="SCORE">100</setvar>
          </respcondition>
        </resprocessing>
      </item>
      <item ident="g2f287fb019af4995357350d3ab3eebf9" title="Question">
        <itemmetadata>
          <qtimetadata>
            <qtimetadatafield>
              <fieldlabel>question_type</fieldlabel>
              <fieldentry>multiple_choice_question</fieldentry>
            </qtimetadatafield>
            <qtimetadatafield>
              <fieldlabel>points_possible</fieldlabel>
              <fieldentry>1.0</fieldentry>
            </qtimetadatafield>
            <qtimetadatafield>
              <fieldlabel>original_answer_ids</fieldlabel>
              <fieldentry>8116,2099,1573,3488</fieldentry>
            </qtimetadatafield>
            <qtimetadatafield>
              <fieldlabel>assessment_question_identifierref</fieldlabel>
              <fieldentry>g6c3fabab26f817829c6486107fd1d7e3</fieldentry>
            </qtimetadatafield>
          </qtimetadata>
        </itemmetadata>
        <presentation>
          <material>
            <mattext texttype="text/html">&lt;div&gt;________ invokes an interactive file selection dialog.&lt;/div&gt;</mattext>
          </material>
          <response_lid ident="response1" rcardinality="Single">
            <render_choice>
              <response_label ident="8116">
                <material>
                  <mattext texttype="text/plain">file.choose()</mattext>
                </material>
              </response_label>
              <response_label ident="2099">
                <material>
                  <mattext texttype="text/plain">file.select()</mattext>
                </material>
              </response_label>
              <response_label ident="1573">
                <material>
                  <mattext texttype="text/plain">select.file()</mattext>
                </material>
              </response_label>
              <response_label ident="3488">
                <material>
                  <mattext texttype="text/plain">choose.file()</mattext>
                </material>
              </response_label>
            </render_choice>
          </response_lid>
        </presentation>
        <resprocessing>
          <outcomes>
            <decvar maxvalue="100" minvalue="0" varname="SCORE" vartype="Decimal"/>
          </outcomes>
          <respcondition continue="No">
            <conditionvar>
              <varequal respident="response1">8116</varequal>
            </conditionvar>
            <setvar action="Set" varname="SCORE">100</setvar>
          </respcondition>
        </resprocessing>
      </item>
      <item ident="g62e4cf2930c2f64bfc18ccf125086cbc" title="Question">
        <itemmetadata>
          <qtimetadata>
            <qtimetadatafield>
              <fieldlabel>question_type</fieldlabel>
              <fieldentry>multiple_choice_question</fieldentry>
            </qtimetadatafield>
            <qtimetadatafield>
              <fieldlabel>points_possible</fieldlabel>
              <fieldentry>1.0</fieldentry>
            </qtimetadatafield>
            <qtimetadatafield>
              <fieldlabel>original_answer_ids</fieldlabel>
              <fieldentry>8408,9170,3211,5587</fieldentry>
            </qtimetadatafield>
            <qtimetadatafield>
              <fieldlabel>assessment_question_identifierref</fieldlabel>
              <fieldentry>g6f3334a2ccaf84bccdb44633fed5b0fd</fieldentry>
            </qtimetadatafield>
          </qtimetadata>
        </itemmetadata>
        <presentation>
          <material>
            <mattext texttype="text/html">&lt;div&gt;Which of the following options can be specified to read.table() to start reading from the third line of a text file?&lt;/div&gt;</mattext>
          </material>
          <response_lid ident="response1" rcardinality="Single">
            <render_choice>
              <response_label ident="8408">
                <material>
                  <mattext texttype="text/plain">skip=2</mattext>
                </material>
              </response_label>
              <response_label ident="9170">
                <material>
                  <mattext texttype="text/plain">begin=3</mattext>
                </material>
              </response_label>
              <response_label ident="3211">
                <material>
                  <mattext texttype="text/plain">start=3</mattext>
                </material>
              </response_label>
              <response_label ident="5587">
                <material>
                  <mattext texttype="text/plain">ignore=2</mattext>
                </material>
              </response_label>
            </render_choice>
          </response_lid>
        </presentation>
        <resprocessing>
          <outcomes>
            <decvar maxvalue="100" minvalue="0" varname="SCORE" vartype="Decimal"/>
          </outcomes>
          <respcondition continue="No">
            <conditionvar>
              <varequal respident="response1">8408</varequal>
            </conditionvar>
            <setvar action="Set" varname="SCORE">100</setvar>
          </respcondition>
        </resprocessing>
      </item>
      <item ident="gf7377c94ef30437da4612a76b28fbf4c" title="Question">
        <itemmetadata>
          <qtimetadata>
            <qtimetadatafield>
              <fieldlabel>question_type</fieldlabel>
              <fieldentry>multiple_choice_question</fieldentry>
            </qtimetadatafield>
            <qtimetadatafield>
              <fieldlabel>points_possible</fieldlabel>
              <fieldentry>1.0</fieldentry>
            </qtimetadatafield>
            <qtimetadatafield>
              <fieldlabel>original_answer_ids</fieldlabel>
              <fieldentry>7885,8176,4210,7142</fieldentry>
            </qtimetadatafield>
            <qtimetadatafield>
              <fieldlabel>assessment_question_identifierref</fieldlabel>
              <fieldentry>g6c12221583685b9b773f863147870f69</fieldentry>
            </qtimetadatafield>
          </qtimetadata>
        </itemmetadata>
        <presentation>
          <material>
            <mattext texttype="text/html">&lt;div&gt;________ can be used to convert character strings to factors after reading a data frame from a text file.&lt;/div&gt;</mattext>
          </material>
          <response_lid ident="response1" rcardinality="Single">
            <render_choice>
              <response_label ident="7885">
                <material>
                  <mattext texttype="text/plain">as.factor()</mattext>
                </material>
              </response_label>
              <response_label ident="8176">
                <material>
                  <mattext texttype="text/plain">to.factor()</mattext>
                </material>
              </response_label>
              <response_label ident="4210">
                <material>
                  <mattext texttype="text/plain">convert.factor()</mattext>
                </material>
              </response_label>
              <response_label ident="7142">
                <material>
                  <mattext texttype="text/plain">(factor) string</mattext>
                </material>
              </response_label>
            </render_choice>
          </response_lid>
        </presentation>
        <resprocessing>
          <outcomes>
            <decvar maxvalue="100" minvalue="0" varname="SCORE" vartype="Decimal"/>
          </outcomes>
          <respcondition continue="No">
            <conditionvar>
              <varequal respident="response1">7885</varequal>
            </conditionvar>
            <setvar action="Set" varname="SCORE">100</setvar>
          </respcondition>
        </resprocessing>
      </item>
      <item ident="gc9b4654bb6d79aa51bb2d35b5dbd98ab" title="Question">
        <itemmetadata>
          <qtimetadata>
            <qtimetadatafield>
              <fieldlabel>question_type</fieldlabel>
              <fieldentry>multiple_choice_question</fieldentry>
            </qtimetadatafield>
            <qtimetadatafield>
              <fieldlabel>points_possible</fieldlabel>
              <fieldentry>1.0</fieldentry>
            </qtimetadatafield>
            <qtimetadatafield>
              <fieldlabel>original_answer_ids</fieldlabel>
              <fieldentry>554,1982,1166,6081</fieldentry>
            </qtimetadatafield>
            <qtimetadatafield>
              <fieldlabel>assessment_question_identifierref</fieldlabel>
              <fieldentry>g45f2f8e18f0fecfd51e8b5b7ed4e4157</fieldentry>
            </qtimetadatafield>
          </qtimetadata>
        </itemmetadata>
        <presentation>
          <material>
            <mattext texttype="text/html">&lt;div&gt;
&lt;p&gt;Given the following data frame named "mydataframe":&lt;/p&gt;
&lt;p style="padding-left: 40px;"&gt;&lt;strong&gt;&amp;nbsp; &amp;nbsp; person age sex funny age.mon&lt;/strong&gt;&lt;br&gt;&lt;strong&gt;1 Peter NA M High 504&lt;/strong&gt;&lt;br&gt;&lt;strong&gt;2 Lois 40 F &amp;lt;NA&amp;gt; 480&lt;/strong&gt;&lt;br&gt;&lt;strong&gt;3 Meg 17 F Low 204&lt;/strong&gt;&lt;br&gt;&lt;strong&gt;4 Chris 14 M Med 168&lt;/strong&gt;&lt;br&gt;&lt;strong&gt;5 Stewie 1 M High NA&lt;/strong&gt;&lt;br&gt;&lt;strong&gt;6 Brian NA M Med NA&lt;/strong&gt;&lt;/p&gt;
&lt;p&gt;What option would you specify to write.table() to remove the numbers 1 through 6 at the beginning of each row?&lt;/p&gt;
&lt;/div&gt;</mattext>
          </material>
          <response_lid ident="response1" rcardinality="Single">
            <render_choice>
              <response_label ident="554">
                <material>
                  <mattext texttype="text/plain">row.names=F</mattext>
                </material>
              </response_label>
              <response_label ident="1982">
                <material>
                  <mattext texttype="text/plain">rownames=F</mattext>
                </material>
              </response_label>
              <response_label ident="1166">
                <material>
                  <mattext texttype="text/plain">rows=F</mattext>
                </material>
              </response_label>
              <response_label ident="6081">
                <material>
                  <mattext texttype="text/plain">no.rownames=T</mattext>
                </material>
              </response_label>
            </render_choice>
          </response_lid>
        </presentation>
        <resprocessing>
          <outcomes>
            <decvar maxvalue="100" minvalue="0" varname="SCORE" vartype="Decimal"/>
          </outcomes>
          <respcondition continue="No">
            <conditionvar>
              <varequal respident="response1">554</varequal>
            </conditionvar>
            <setvar action="Set" varname="SCORE">100</setvar>
          </respcondition>
        </resprocessing>
      </item>
      <item ident="gf22447dc34ccb71796d0a2d021d17dc3" title="Question">
        <itemmetadata>
          <qtimetadata>
            <qtimetadatafield>
              <fieldlabel>question_type</fieldlabel>
              <fieldentry>multiple_choice_question</fieldentry>
            </qtimetadatafield>
            <qtimetadatafield>
              <fieldlabel>points_possible</fieldlabel>
              <fieldentry>1.0</fieldentry>
            </qtimetadatafield>
            <qtimetadatafield>
              <fieldlabel>original_answer_ids</fieldlabel>
              <fieldentry>9865,4915,9241,3430</fieldentry>
            </qtimetadatafield>
            <qtimetadatafield>
              <fieldlabel>assessment_question_identifierref</fieldlabel>
              <fieldentry>gf47b767d37e06559ff801f2d253307ba</fieldentry>
            </qtimetadatafield>
          </qtimetadata>
        </itemmetadata>
        <presentation>
          <material>
            <mattext texttype="text/html">&lt;div&gt;The filename option in the&amp;nbsp; _________ function specifies a file name to be used to save a plot in JPEG format.&lt;/div&gt;</mattext>
          </material>
          <response_lid ident="response1" rcardinality="Single">
            <render_choice>
              <response_label ident="9865">
                <material>
                  <mattext texttype="text/plain">jpeg()</mattext>
                </material>
              </response_label>
              <response_label ident="4915">
                <material>
                  <mattext texttype="text/plain">plot()</mattext>
                </material>
              </response_label>
              <response_label ident="9241">
                <material>
                  <mattext texttype="text/plain">plotfile()</mattext>
                </material>
              </response_label>
              <response_label ident="3430">
                <material>
                  <mattext texttype="text/plain">plot.jpeg()</mattext>
                </material>
              </response_label>
            </render_choice>
          </response_lid>
        </presentation>
        <resprocessing>
          <outcomes>
            <decvar maxvalue="100" minvalue="0" varname="SCORE" vartype="Decimal"/>
          </outcomes>
          <respcondition continue="No">
            <conditionvar>
              <varequal respident="response1">9865</varequal>
            </conditionvar>
            <setvar action="Set" varname="SCORE">100</setvar>
          </respcondition>
        </resprocessing>
      </item>
      <item ident="g91081473dd5db536dd1a958c9d25cc34" title="Question">
        <itemmetadata>
          <qtimetadata>
            <qtimetadatafield>
              <fieldlabel>question_type</fieldlabel>
              <fieldentry>multiple_choice_question</fieldentry>
            </qtimetadatafield>
            <qtimetadatafield>
              <fieldlabel>points_possible</fieldlabel>
              <fieldentry>1.0</fieldentry>
            </qtimetadatafield>
            <qtimetadatafield>
              <fieldlabel>original_answer_ids</fieldlabel>
              <fieldentry>1340,6865,5384,5965</fieldentry>
            </qtimetadatafield>
            <qtimetadatafield>
              <fieldlabel>assessment_question_identifierref</fieldlabel>
              <fieldentry>g84d903a5c4e52bbf28bef5e3c8fb9ca8</fieldentry>
            </qtimetadatafield>
          </qtimetadata>
        </itemmetadata>
        <presentation>
          <material>
            <mattext texttype="text/html">&lt;div&gt;The ________ function will close an active plot file.&lt;/div&gt;</mattext>
          </material>
          <response_lid ident="response1" rcardinality="Single">
            <render_choice>
              <response_label ident="1340">
                <material>
                  <mattext texttype="text/plain">dev.off()</mattext>
                </material>
              </response_label>
              <response_label ident="6865">
                <material>
                  <mattext texttype="text/plain">close()</mattext>
                </material>
              </response_label>
              <response_label ident="5384">
                <material>
                  <mattext texttype="text/plain">close.plot()</mattext>
                </material>
              </response_label>
              <response_label ident="5965">
                <material>
                  <mattext texttype="text/plain">plot.off()</mattext>
                </material>
              </response_label>
            </render_choice>
          </response_lid>
        </presentation>
        <resprocessing>
          <outcomes>
            <decvar maxvalue="100" minvalue="0" varname="SCORE" vartype="Decimal"/>
          </outcomes>
          <respcondition continue="No">
            <conditionvar>
              <varequal respident="response1">1340</varequal>
            </conditionvar>
            <setvar action="Set" varname="SCORE">100</setvar>
          </respcondition>
        </resprocessing>
      </item>
      <item ident="g9a1ade0c116a8aa7f1c50d56f456a4db" title="Question">
        <itemmetadata>
          <qtimetadata>
            <qtimetadatafield>
              <fieldlabel>question_type</fieldlabel>
              <fieldentry>multiple_choice_question</fieldentry>
            </qtimetadatafield>
            <qtimetadatafield>
              <fieldlabel>points_possible</fieldlabel>
              <fieldentry>1.0</fieldentry>
            </qtimetadatafield>
            <qtimetadatafield>
              <fieldlabel>original_answer_ids</fieldlabel>
              <fieldentry>4828,8971,2006,9907</fieldentry>
            </qtimetadatafield>
            <qtimetadatafield>
              <fieldlabel>assessment_question_identifierref</fieldlabel>
              <fieldentry>g2e1be16a869b6ebff2a7931ce5711d21</fieldentry>
            </qtimetadatafield>
          </qtimetadata>
        </itemmetadata>
        <presentation>
          <material>
            <mattext texttype="text/html">&lt;div&gt;Scoping rules determine the ________ of objects.&lt;/div&gt;</mattext>
          </material>
          <response_lid ident="response1" rcardinality="Single">
            <render_choice>
              <response_label ident="4828">
                <material>
                  <mattext texttype="text/plain">visibility</mattext>
                </material>
              </response_label>
              <response_label ident="8971">
                <material>
                  <mattext texttype="text/plain">existence</mattext>
                </material>
              </response_label>
              <response_label ident="2006">
                <material>
                  <mattext texttype="text/plain">behavior</mattext>
                </material>
              </response_label>
              <response_label ident="9907">
                <material>
                  <mattext texttype="text/plain">correctness</mattext>
                </material>
              </response_label>
            </render_choice>
          </response_lid>
        </presentation>
        <resprocessing>
          <outcomes>
            <decvar maxvalue="100" minvalue="0" varname="SCORE" vartype="Decimal"/>
          </outcomes>
          <respcondition continue="No">
            <conditionvar>
              <varequal respident="response1">4828</varequal>
            </conditionvar>
            <setvar action="Set" varname="SCORE">100</setvar>
          </respcondition>
        </resprocessing>
      </item>
      <item ident="g78cb850732bde79ac33709c198c322eb" title="Question">
        <itemmetadata>
          <qtimetadata>
            <qtimetadatafield>
              <fieldlabel>question_type</fieldlabel>
              <fieldentry>multiple_answers_question</fieldentry>
            </qtimetadatafield>
            <qtimetadatafield>
              <fieldlabel>points_possible</fieldlabel>
              <fieldentry>1.0</fieldentry>
            </qtimetadatafield>
            <qtimetadatafield>
              <fieldlabel>original_answer_ids</fieldlabel>
              <fieldentry>4904,8489,2133,2961,35</fieldentry>
            </qtimetadatafield>
            <qtimetadatafield>
              <fieldlabel>assessment_question_identifierref</fieldlabel>
              <fieldentry>gd6950d8378638ab90cb6b2ca527cccca</fieldentry>
            </qtimetadatafield>
          </qtimetadata>
        </itemmetadata>
        <presentation>
          <material>
            <mattext texttype="text/html">&lt;div&gt;Identify the R environment types from the choices shown below. Select the three correct answers.&lt;/div&gt;</mattext>
          </material>
          <response_lid ident="response1" rcardinality="Multiple">
            <render_choice>
              <response_label ident="4904">
                <material>
                  <mattext texttype="text/plain">global</mattext>
                </material>
              </response_label>
              <response_label ident="8489">
                <material>
                  <mattext texttype="text/plain">package/namespaces</mattext>
                </material>
              </response_label>
              <response_label ident="2133">
                <material>
                  <mattext texttype="text/plain">local/lexical</mattext>
                </material>
              </response_label>
              <response_label ident="2961">
                <material>
                  <mattext texttype="text/plain">internal/external</mattext>
                </material>
              </response_label>
              <response_label ident="35">
                <material>
                  <mattext texttype="text/plain">static/dynamic</mattext>
                </material>
              </response_label>
            </render_choice>
          </response_lid>
        </presentation>
        <resprocessing>
          <outcomes>
            <decvar maxvalue="100" minvalue="0" varname="SCORE" vartype="Decimal"/>
          </outcomes>
          <respcondition continue="No">
            <conditionvar>
              <and>
                <varequal respident="response1">4904</varequal>
                <varequal respident="response1">8489</varequal>
                <varequal respident="response1">2133</varequal>
                <not>
                  <varequal respident="response1">2961</varequal>
                </not>
                <not>
                  <varequal respident="response1">35</varequal>
                </not>
              </and>
            </conditionvar>
            <setvar action="Set" varname="SCORE">100</setvar>
          </respcondition>
        </resprocessing>
      </item>
      <item ident="g36a95c62b57f29d915fe7956d16c21df" title="Question">
        <itemmetadata>
          <qtimetadata>
            <qtimetadatafield>
              <fieldlabel>question_type</fieldlabel>
              <fieldentry>multiple_choice_question</fieldentry>
            </qtimetadatafield>
            <qtimetadatafield>
              <fieldlabel>points_possible</fieldlabel>
              <fieldentry>1.0</fieldentry>
            </qtimetadatafield>
            <qtimetadatafield>
              <fieldlabel>original_answer_ids</fieldlabel>
              <fieldentry>2247,7093,7522,3910</fieldentry>
            </qtimetadatafield>
            <qtimetadatafield>
              <fieldlabel>assessment_question_identifierref</fieldlabel>
              <fieldentry>g86e979f7db78378ff69a43ab881a62e5</fieldentry>
            </qtimetadatafield>
          </qtimetadata>
        </itemmetadata>
        <presentation>
          <material>
            <mattext texttype="text/html">&lt;div&gt;Every user-defined object resides in the ________ environment.&lt;/div&gt;</mattext>
          </material>
          <response_lid ident="response1" rcardinality="Single">
            <render_choice>
              <response_label ident="2247">
                <material>
                  <mattext texttype="text/plain">global</mattext>
                </material>
              </response_label>
              <response_label ident="7093">
                <material>
                  <mattext texttype="text/plain">local</mattext>
                </material>
              </response_label>
              <response_label ident="7522">
                <material>
                  <mattext texttype="text/plain">package</mattext>
                </material>
              </response_label>
              <response_label ident="3910">
                <material>
                  <mattext texttype="text/plain">internal</mattext>
                </material>
              </response_label>
            </render_choice>
          </response_lid>
        </presentation>
        <resprocessing>
          <outcomes>
            <decvar maxvalue="100" minvalue="0" varname="SCORE" vartype="Decimal"/>
          </outcomes>
          <respcondition continue="No">
            <conditionvar>
              <varequal respident="response1">2247</varequal>
            </conditionvar>
            <setvar action="Set" varname="SCORE">100</setvar>
          </respcondition>
        </resprocessing>
      </item>
      <item ident="ga774c0e8f0c751879c3bc83963eeb4e2" title="Question">
        <itemmetadata>
          <qtimetadata>
            <qtimetadatafield>
              <fieldlabel>question_type</fieldlabel>
              <fieldentry>multiple_choice_question</fieldentry>
            </qtimetadatafield>
            <qtimetadatafield>
              <fieldlabel>points_possible</fieldlabel>
              <fieldentry>1.0</fieldentry>
            </qtimetadatafield>
            <qtimetadatafield>
              <fieldlabel>original_answer_ids</fieldlabel>
              <fieldentry>5264,1301,3005,6259</fieldentry>
            </qtimetadatafield>
            <qtimetadatafield>
              <fieldlabel>assessment_question_identifierref</fieldlabel>
              <fieldentry>g2f1484a83511a4c7f0ce111a45fee802</fieldentry>
            </qtimetadatafield>
          </qtimetadata>
        </itemmetadata>
        <presentation>
          <material>
            <mattext texttype="text/html">&lt;div&gt;Each time a function is executed in R, a new ________ environment is created.&lt;/div&gt;</mattext>
          </material>
          <response_lid ident="response1" rcardinality="Single">
            <render_choice>
              <response_label ident="5264">
                <material>
                  <mattext texttype="text/plain">local</mattext>
                </material>
              </response_label>
              <response_label ident="1301">
                <material>
                  <mattext texttype="text/plain">global</mattext>
                </material>
              </response_label>
              <response_label ident="3005">
                <material>
                  <mattext texttype="text/plain">package</mattext>
                </material>
              </response_label>
              <response_label ident="6259">
                <material>
                  <mattext texttype="text/plain">internal</mattext>
                </material>
              </response_label>
            </render_choice>
          </response_lid>
        </presentation>
        <resprocessing>
          <outcomes>
            <decvar maxvalue="100" minvalue="0" varname="SCORE" vartype="Decimal"/>
          </outcomes>
          <respcondition continue="No">
            <conditionvar>
              <varequal respident="response1">5264</varequal>
            </conditionvar>
            <setvar action="Set" varname="SCORE">100</setvar>
          </respcondition>
        </resprocessing>
      </item>
      <item ident="gabdb6c11a1ba066366b6fdefed63ef2b" title="Question">
        <itemmetadata>
          <qtimetadata>
            <qtimetadatafield>
              <fieldlabel>question_type</fieldlabel>
              <fieldentry>multiple_choice_question</fieldentry>
            </qtimetadatafield>
            <qtimetadatafield>
              <fieldlabel>points_possible</fieldlabel>
              <fieldentry>1.0</fieldentry>
            </qtimetadatafield>
            <qtimetadatafield>
              <fieldlabel>original_answer_ids</fieldlabel>
              <fieldentry>8836,9910,4767,8266</fieldentry>
            </qtimetadatafield>
            <qtimetadatafield>
              <fieldlabel>assessment_question_identifierref</fieldlabel>
              <fieldentry>g1610434283bf9e0c4c3527f7a51d2fef</fieldentry>
            </qtimetadatafield>
          </qtimetadata>
        </itemmetadata>
        <presentation>
          <material>
            <mattext texttype="text/html">&lt;div&gt;Which one of the following search path elements is always the first to be searched ?&lt;/div&gt;</mattext>
          </material>
          <response_lid ident="response1" rcardinality="Single">
            <render_choice>
              <response_label ident="8836">
                <material>
                  <mattext texttype="text/plain">.GlobalEnv</mattext>
                </material>
              </response_label>
              <response_label ident="9910">
                <material>
                  <mattext texttype="text/plain">tools:rstudio</mattext>
                </material>
              </response_label>
              <response_label ident="4767">
                <material>
                  <mattext texttype="text/plain">Autoloads</mattext>
                </material>
              </response_label>
              <response_label ident="8266">
                <material>
                  <mattext texttype="text/plain">package:base</mattext>
                </material>
              </response_label>
            </render_choice>
          </response_lid>
        </presentation>
        <resprocessing>
          <outcomes>
            <decvar maxvalue="100" minvalue="0" varname="SCORE" vartype="Decimal"/>
          </outcomes>
          <respcondition continue="No">
            <conditionvar>
              <varequal respident="response1">8836</varequal>
            </conditionvar>
            <setvar action="Set" varname="SCORE">100</setvar>
          </respcondition>
        </resprocessing>
      </item>
      <item ident="gdcf0bbbca3c6cd7caa0eac7044e26187" title="Question">
        <itemmetadata>
          <qtimetadata>
            <qtimetadatafield>
              <fieldlabel>question_type</fieldlabel>
              <fieldentry>multiple_choice_question</fieldentry>
            </qtimetadatafield>
            <qtimetadatafield>
              <fieldlabel>points_possible</fieldlabel>
              <fieldentry>1.0</fieldentry>
            </qtimetadatafield>
            <qtimetadatafield>
              <fieldlabel>original_answer_ids</fieldlabel>
              <fieldentry>5816,1141,3915,2989</fieldentry>
            </qtimetadatafield>
            <qtimetadatafield>
              <fieldlabel>assessment_question_identifierref</fieldlabel>
              <fieldentry>g42283d9a6bb78070a0375cba66049469</fieldentry>
            </qtimetadatafield>
          </qtimetadata>
        </itemmetadata>
        <presentation>
          <material>
            <mattext texttype="text/html">&lt;div&gt;In which environment/namespace is the "flush.console" function found? (hint: use the environment function)&lt;/div&gt;</mattext>
          </material>
          <response_lid ident="response1" rcardinality="Single">
            <render_choice>
              <response_label ident="5816">
                <material>
                  <mattext texttype="text/plain">utils</mattext>
                </material>
              </response_label>
              <response_label ident="1141">
                <material>
                  <mattext texttype="text/plain">base</mattext>
                </material>
              </response_label>
              <response_label ident="3915">
                <material>
                  <mattext texttype="text/plain">rstudio</mattext>
                </material>
              </response_label>
              <response_label ident="2989">
                <material>
                  <mattext texttype="text/plain">tidyr</mattext>
                </material>
              </response_label>
            </render_choice>
          </response_lid>
        </presentation>
        <resprocessing>
          <outcomes>
            <decvar maxvalue="100" minvalue="0" varname="SCORE" vartype="Decimal"/>
          </outcomes>
          <respcondition continue="No">
            <conditionvar>
              <varequal respident="response1">5816</varequal>
            </conditionvar>
            <setvar action="Set" varname="SCORE">100</setvar>
          </respcondition>
        </resprocessing>
      </item>
      <item ident="g61f5bfb18ebdb0797aef2d46f4de0085" title="Question">
        <itemmetadata>
          <qtimetadata>
            <qtimetadatafield>
              <fieldlabel>question_type</fieldlabel>
              <fieldentry>multiple_choice_question</fieldentry>
            </qtimetadatafield>
            <qtimetadatafield>
              <fieldlabel>points_possible</fieldlabel>
              <fieldentry>1.0</fieldentry>
            </qtimetadatafield>
            <qtimetadatafield>
              <fieldlabel>original_answer_ids</fieldlabel>
              <fieldentry>625,2426,330,3178</fieldentry>
            </qtimetadatafield>
            <qtimetadatafield>
              <fieldlabel>assessment_question_identifierref</fieldlabel>
              <fieldentry>g7ae54da216a6ac04aae7e93dbd86627b</fieldentry>
            </qtimetadatafield>
          </qtimetadata>
        </itemmetadata>
        <presentation>
          <material>
            <mattext texttype="text/html">&lt;div&gt;
&lt;p&gt;Which one of the choices provided below will fix the error shown here:&lt;/p&gt;
&lt;p&gt;&lt;strong&gt;&amp;gt; m &amp;lt;- matrix(nr=3, di=list(c('A','B','C'),c('D','E','F')), nc=3, d=1:9)&lt;/strong&gt;&lt;br&gt;&lt;strong&gt;&lt;span style="color: #ff0000;"&gt;&amp;nbsp; &amp;nbsp; Error in matrix(nr = 3, di = list(c("A", "B", "C"), c("D", "E", "F")), &lt;/span&gt;&lt;/strong&gt;&lt;br&gt;&lt;strong&gt;&lt;span style="color: #ff0000;"&gt;&amp;nbsp; &amp;nbsp; :argument 4 matches multiple formal arguments&lt;/span&gt;&lt;/strong&gt;&lt;/p&gt;
&lt;/div&gt;</mattext>
          </material>
          <response_lid ident="response1" rcardinality="Single">
            <render_choice>
              <response_label ident="625">
                <material>
                  <mattext texttype="text/plain">m &lt;- matrix(nr=3, di=list(c('A','B','C'),c('D','E','F')), nc=3, da=1:9)</mattext>
                </material>
              </response_label>
              <response_label ident="2426">
                <material>
                  <mattext texttype="text/plain">m &lt;- matrix(nr=3, di=list(c('A','B','C'),c('D','E','F')), ncol=3, d=1:9)</mattext>
                </material>
              </response_label>
              <response_label ident="330">
                <material>
                  <mattext texttype="text/plain">m &lt;- matrix(nr=3, dimname=list(c('A','B','C'),c('D','E','F')), nc=3, d=1:9)</mattext>
                </material>
              </response_label>
              <response_label ident="3178">
                <material>
                  <mattext texttype="text/plain">m &lt;- matrix(nrow=3, di=list(c('A','B','C'),c('D','E','F')), nc=3, d=1:9)</mattext>
                </material>
              </response_label>
            </render_choice>
          </response_lid>
        </presentation>
        <resprocessing>
          <outcomes>
            <decvar maxvalue="100" minvalue="0" varname="SCORE" vartype="Decimal"/>
          </outcomes>
          <respcondition continue="No">
            <conditionvar>
              <varequal respident="response1">625</varequal>
            </conditionvar>
            <setvar action="Set" varname="SCORE">100</setvar>
          </respcondition>
        </resprocessing>
      </item>
      <item ident="g38026d42772f840969708b1bffd9c85d" title="Question">
        <itemmetadata>
          <qtimetadata>
            <qtimetadatafield>
              <fieldlabel>question_type</fieldlabel>
              <fieldentry>multiple_choice_question</fieldentry>
            </qtimetadatafield>
            <qtimetadatafield>
              <fieldlabel>points_possible</fieldlabel>
              <fieldentry>1.0</fieldentry>
            </qtimetadatafield>
            <qtimetadatafield>
              <fieldlabel>original_answer_ids</fieldlabel>
              <fieldentry>9946,8870,3700,3343</fieldentry>
            </qtimetadatafield>
            <qtimetadatafield>
              <fieldlabel>assessment_question_identifierref</fieldlabel>
              <fieldentry>g60f7f7557fc45ac33533e0fa873a9965</fieldentry>
            </qtimetadatafield>
          </qtimetadata>
        </itemmetadata>
        <presentation>
          <material>
            <mattext texttype="text/html">&lt;div&gt;________ argument matching refers to the use of explicit argument tags.&lt;/div&gt;</mattext>
          </material>
          <response_lid ident="response1" rcardinality="Single">
            <render_choice>
              <response_label ident="9946">
                <material>
                  <mattext texttype="text/plain">Exact</mattext>
                </material>
              </response_label>
              <response_label ident="8870">
                <material>
                  <mattext texttype="text/plain">Partial</mattext>
                </material>
              </response_label>
              <response_label ident="3700">
                <material>
                  <mattext texttype="text/plain">Positional</mattext>
                </material>
              </response_label>
              <response_label ident="3343">
                <material>
                  <mattext texttype="text/plain">Explicit</mattext>
                </material>
              </response_label>
            </render_choice>
          </response_lid>
        </presentation>
        <resprocessing>
          <outcomes>
            <decvar maxvalue="100" minvalue="0" varname="SCORE" vartype="Decimal"/>
          </outcomes>
          <respcondition continue="No">
            <conditionvar>
              <varequal respident="response1">9946</varequal>
            </conditionvar>
            <setvar action="Set" varname="SCORE">100</setvar>
          </respcondition>
        </resprocessing>
      </item>
      <item ident="g9694a11e113e89ab4d48af0135dba353" title="Question">
        <itemmetadata>
          <qtimetadata>
            <qtimetadatafield>
              <fieldlabel>question_type</fieldlabel>
              <fieldentry>multiple_choice_question</fieldentry>
            </qtimetadatafield>
            <qtimetadatafield>
              <fieldlabel>points_possible</fieldlabel>
              <fieldentry>1.0</fieldentry>
            </qtimetadatafield>
            <qtimetadatafield>
              <fieldlabel>original_answer_ids</fieldlabel>
              <fieldentry>9108,7018,2905,7047</fieldentry>
            </qtimetadatafield>
            <qtimetadatafield>
              <fieldlabel>assessment_question_identifierref</fieldlabel>
              <fieldentry>gb56e8b47d3acb6d75aa8fc1b6a09fe42</fieldentry>
            </qtimetadatafield>
          </qtimetadata>
        </itemmetadata>
        <presentation>
          <material>
            <mattext texttype="text/html">&lt;div&gt;________ argument matching lets you identify arguments with an abbreviated tag.&lt;/div&gt;</mattext>
          </material>
          <response_lid ident="response1" rcardinality="Single">
            <render_choice>
              <response_label ident="9108">
                <material>
                  <mattext texttype="text/plain">Partial</mattext>
                </material>
              </response_label>
              <response_label ident="7018">
                <material>
                  <mattext texttype="text/plain">Shortened</mattext>
                </material>
              </response_label>
              <response_label ident="2905">
                <material>
                  <mattext texttype="text/plain">Positional</mattext>
                </material>
              </response_label>
              <response_label ident="7047">
                <material>
                  <mattext texttype="text/plain">Exact</mattext>
                </material>
              </response_label>
            </render_choice>
          </response_lid>
        </presentation>
        <resprocessing>
          <outcomes>
            <decvar maxvalue="100" minvalue="0" varname="SCORE" vartype="Decimal"/>
          </outcomes>
          <respcondition continue="No">
            <conditionvar>
              <varequal respident="response1">9108</varequal>
            </conditionvar>
            <setvar action="Set" varname="SCORE">100</setvar>
          </respcondition>
        </resprocessing>
      </item>
      <item ident="g7f0e5ab12a7a0b046d1e6f790b8578aa" title="Question">
        <itemmetadata>
          <qtimetadata>
            <qtimetadatafield>
              <fieldlabel>question_type</fieldlabel>
              <fieldentry>multiple_choice_question</fieldentry>
            </qtimetadatafield>
            <qtimetadatafield>
              <fieldlabel>points_possible</fieldlabel>
              <fieldentry>1.0</fieldentry>
            </qtimetadatafield>
            <qtimetadatafield>
              <fieldlabel>original_answer_ids</fieldlabel>
              <fieldentry>4151,3136,8179,7915</fieldentry>
            </qtimetadatafield>
            <qtimetadatafield>
              <fieldlabel>assessment_question_identifierref</fieldlabel>
              <fieldentry>gc48ae10f67d004deaef8febfcd7916f2</fieldentry>
            </qtimetadatafield>
          </qtimetadata>
        </itemmetadata>
        <presentation>
          <material>
            <mattext texttype="text/html">&lt;div&gt;________ argument matching relies solely on argument ordering.&lt;/div&gt;</mattext>
          </material>
          <response_lid ident="response1" rcardinality="Single">
            <render_choice>
              <response_label ident="4151">
                <material>
                  <mattext texttype="text/plain">Positional</mattext>
                </material>
              </response_label>
              <response_label ident="3136">
                <material>
                  <mattext texttype="text/plain">Partial</mattext>
                </material>
              </response_label>
              <response_label ident="8179">
                <material>
                  <mattext texttype="text/plain">Exact</mattext>
                </material>
              </response_label>
              <response_label ident="7915">
                <material>
                  <mattext texttype="text/plain">Ordered</mattext>
                </material>
              </response_label>
            </render_choice>
          </response_lid>
        </presentation>
        <resprocessing>
          <outcomes>
            <decvar maxvalue="100" minvalue="0" varname="SCORE" vartype="Decimal"/>
          </outcomes>
          <respcondition continue="No">
            <conditionvar>
              <varequal respident="response1">4151</varequal>
            </conditionvar>
            <setvar action="Set" varname="SCORE">100</setvar>
          </respcondition>
        </resprocessing>
      </item>
      <item ident="g763ddeeffd83fe719e73d4a66c4f0188" title="Question">
        <itemmetadata>
          <qtimetadata>
            <qtimetadatafield>
              <fieldlabel>question_type</fieldlabel>
              <fieldentry>multiple_choice_question</fieldentry>
            </qtimetadatafield>
            <qtimetadatafield>
              <fieldlabel>points_possible</fieldlabel>
              <fieldentry>1.0</fieldentry>
            </qtimetadatafield>
            <qtimetadatafield>
              <fieldlabel>original_answer_ids</fieldlabel>
              <fieldentry>4864,5725,3166,2678</fieldentry>
            </qtimetadatafield>
            <qtimetadatafield>
              <fieldlabel>assessment_question_identifierref</fieldlabel>
              <fieldentry>g83eed284d0a88a3f3a0366beda8c2c28</fieldentry>
            </qtimetadatafield>
          </qtimetadata>
        </itemmetadata>
        <presentation>
          <material>
            <mattext texttype="text/html">&lt;div&gt;________ functions can accept any number of arguments.&lt;/div&gt;</mattext>
          </material>
          <response_lid ident="response1" rcardinality="Single">
            <render_choice>
              <response_label ident="4864">
                <material>
                  <mattext texttype="text/plain">Variadic</mattext>
                </material>
              </response_label>
              <response_label ident="5725">
                <material>
                  <mattext texttype="text/plain">Variable</mattext>
                </material>
              </response_label>
              <response_label ident="3166">
                <material>
                  <mattext texttype="text/plain">Partial</mattext>
                </material>
              </response_label>
              <response_label ident="2678">
                <material>
                  <mattext texttype="text/plain">Open-ended</mattext>
                </material>
              </response_label>
            </render_choice>
          </response_lid>
        </presentation>
        <resprocessing>
          <outcomes>
            <decvar maxvalue="100" minvalue="0" varname="SCORE" vartype="Decimal"/>
          </outcomes>
          <respcondition continue="No">
            <conditionvar>
              <varequal respident="response1">4864</varequal>
            </conditionvar>
            <setvar action="Set" varname="SCORE">100</setvar>
          </respcondition>
        </resprocessing>
      </item>
      <item ident="g5a4b471d95d68e30cafd9fe759fc8b0f" title="Question">
        <itemmetadata>
          <qtimetadata>
            <qtimetadatafield>
              <fieldlabel>question_type</fieldlabel>
              <fieldentry>multiple_choice_question</fieldentry>
            </qtimetadatafield>
            <qtimetadatafield>
              <fieldlabel>points_possible</fieldlabel>
              <fieldentry>1.0</fieldentry>
            </qtimetadatafield>
            <qtimetadatafield>
              <fieldlabel>original_answer_ids</fieldlabel>
              <fieldentry>9526,2654,2903,3499</fieldentry>
            </qtimetadatafield>
            <qtimetadatafield>
              <fieldlabel>assessment_question_identifierref</fieldlabel>
              <fieldentry>g22d927bcd33bac9d8eb963b92d6eba6a</fieldentry>
            </qtimetadatafield>
          </qtimetadata>
        </itemmetadata>
        <presentation>
          <material>
            <mattext texttype="text/html">&lt;div&gt;The '...' characters, known as ________ notation, allows specification of a variable number of arguments.&lt;/div&gt;</mattext>
          </material>
          <response_lid ident="response1" rcardinality="Single">
            <render_choice>
              <response_label ident="9526">
                <material>
                  <mattext texttype="text/plain">ellipsis</mattext>
                </material>
              </response_label>
              <response_label ident="2654">
                <material>
                  <mattext texttype="text/plain">continuous</mattext>
                </material>
              </response_label>
              <response_label ident="2903">
                <material>
                  <mattext texttype="text/plain">ambiguous</mattext>
                </material>
              </response_label>
              <response_label ident="3499">
                <material>
                  <mattext texttype="text/plain">parameterized</mattext>
                </material>
              </response_label>
            </render_choice>
          </response_lid>
        </presentation>
        <resprocessing>
          <outcomes>
            <decvar maxvalue="100" minvalue="0" varname="SCORE" vartype="Decimal"/>
          </outcomes>
          <respcondition continue="No">
            <conditionvar>
              <varequal respident="response1">9526</varequal>
            </conditionvar>
            <setvar action="Set" varname="SCORE">100</setvar>
          </respcondition>
        </resprocessing>
      </item>
    </section>
  </assessment>
</questestinterop>
