<?xml version="1.0" encoding="UTF-8"?>
<questestinterop xmlns="http://www.imsglobal.org/xsd/ims_qtiasiv1p2" xmlns:xsi="http://www.w3.org/2001/XMLSchema-instance" xsi:schemaLocation="http://www.imsglobal.org/xsd/ims_qtiasiv1p2 http://www.imsglobal.org/xsd/ims_qtiasiv1p2p1.xsd">
  <assessment ident="gcc2b7da18d2343e8b3b9d058d650f31e" title="Review Quiz 7">
    <qtimetadata>
      <qtimetadatafield>
        <fieldlabel>cc_maxattempts</fieldlabel>
        <fieldentry>unlimited</fieldentry>
      </qtimetadatafield>
    </qtimetadata>
    <section ident="root_section">
      <item ident="gdf0b302f075737bc57b8d2ac098f4cc8" title="Question">
        <itemmetadata>
          <qtimetadata>
            <qtimetadatafield>
              <fieldlabel>question_type</fieldlabel>
              <fieldentry>multiple_answers_question</fieldentry>
            </qtimetadatafield>
            <qtimetadatafield>
              <fieldlabel>points_possible</fieldlabel>
              <fieldentry>2.0</fieldentry>
            </qtimetadatafield>
            <qtimetadatafield>
              <fieldlabel>original_answer_ids</fieldlabel>
              <fieldentry>5100,9635,7799,6452,3915,4874,5337,4465</fieldentry>
            </qtimetadatafield>
            <qtimetadatafield>
              <fieldlabel>assessment_question_identifierref</fieldlabel>
              <fieldentry>gf47b767d37e06559ff801f2d253307ba</fieldentry>
            </qtimetadatafield>
          </qtimetadata>
        </itemmetadata>
        <presentation>
          <material>
            <mattext texttype="text/html">&lt;div&gt;
&lt;p&gt;Given the following snippet from the mtcars dataset, identify the true statements from the choices shown below. Select the four correct answers.&lt;/p&gt;
&lt;pre&gt;&lt;span style="font-size: 12pt;"&gt;&amp;gt; mtcars[1:5,c('mpg','wt','cyl','carb')]&lt;/span&gt;&lt;br&gt;&lt;span style="font-size: 12pt;"&gt;                   mpg    wt cyl carb&lt;/span&gt;&lt;br&gt;&lt;span style="font-size: 12pt;"&gt;Mazda RX4         21.0 2.620   6    4&lt;/span&gt;&lt;br&gt;&lt;span style="font-size: 12pt;"&gt;Mazda RX4 Wag     21.0 2.875   6    4&lt;/span&gt;&lt;br&gt;&lt;span style="font-size: 12pt;"&gt;Datsun 710        22.8 2.320   4    1&lt;/span&gt;&lt;br&gt;&lt;span style="font-size: 12pt;"&gt;Hornet 4 Drive    21.4 3.215   6    1&lt;/span&gt;&lt;br&gt;&lt;span style="font-size: 12pt;"&gt;Hornet Sportabout 18.7 3.440   8    2&lt;/span&gt;&lt;/pre&gt;
&lt;/div&gt;</mattext>
          </material>
          <response_lid ident="response1" rcardinality="Multiple">
            <render_choice>
              <response_label ident="5100">
                <material>
                  <mattext texttype="text/plain">mpg is a discrete variable</mattext>
                </material>
              </response_label>
              <response_label ident="9635">
                <material>
                  <mattext texttype="text/plain">mpg is a continuous variable</mattext>
                </material>
              </response_label>
              <response_label ident="7799">
                <material>
                  <mattext texttype="text/plain">wt is a discrete variable</mattext>
                </material>
              </response_label>
              <response_label ident="6452">
                <material>
                  <mattext texttype="text/plain">wt is a continuous variable</mattext>
                </material>
              </response_label>
              <response_label ident="3915">
                <material>
                  <mattext texttype="text/plain">cyl is a discrete variable</mattext>
                </material>
              </response_label>
              <response_label ident="4874">
                <material>
                  <mattext texttype="text/plain">cyl is a continuous variable</mattext>
                </material>
              </response_label>
              <response_label ident="5337">
                <material>
                  <mattext texttype="text/plain">carb is a discrete variable</mattext>
                </material>
              </response_label>
              <response_label ident="4465">
                <material>
                  <mattext texttype="text/plain">carb is a continuous variable</mattext>
                </material>
              </response_label>
            </render_choice>
          </response_lid>
        </presentation>
        <resprocessing>
          <outcomes>
            <decvar maxvalue="100" minvalue="0" varname="SCORE" vartype="Decimal"/>
          </outcomes>
          <respcondition continue="No">
            <conditionvar>
              <and>
                <not>
                  <varequal respident="response1">5100</varequal>
                </not>
                <varequal respident="response1">9635</varequal>
                <not>
                  <varequal respident="response1">7799</varequal>
                </not>
                <varequal respident="response1">6452</varequal>
                <varequal respident="response1">3915</varequal>
                <not>
                  <varequal respident="response1">4874</varequal>
                </not>
                <varequal respident="response1">5337</varequal>
                <not>
                  <varequal respident="response1">4465</varequal>
                </not>
              </and>
            </conditionvar>
            <setvar action="Set" varname="SCORE">100</setvar>
          </respcondition>
        </resprocessing>
      </item>
      <item ident="g250b6a5e2f2bfbef6bc42bdeae61d88f" title="Question">
        <itemmetadata>
          <qtimetadata>
            <qtimetadatafield>
              <fieldlabel>question_type</fieldlabel>
              <fieldentry>multiple_answers_question</fieldentry>
            </qtimetadatafield>
            <qtimetadatafield>
              <fieldlabel>points_possible</fieldlabel>
              <fieldentry>2.0</fieldentry>
            </qtimetadatafield>
            <qtimetadatafield>
              <fieldlabel>original_answer_ids</fieldlabel>
              <fieldentry>4727,5013,4224</fieldentry>
            </qtimetadatafield>
            <qtimetadatafield>
              <fieldlabel>assessment_question_identifierref</fieldlabel>
              <fieldentry>g5ebcf53e1cdd2fcb7c469ffcb8d41771</fieldentry>
            </qtimetadatafield>
          </qtimetadata>
        </itemmetadata>
        <presentation>
          <material>
            <mattext texttype="text/html">&lt;div&gt;A machine learning experiment identifies small yellow balloons from a set of images. The identified images are chosen if the image displays an object with size=small and color=yellow. Select the two true statements from the choices below.&amp;nbsp;&lt;/div&gt;</mattext>
          </material>
          <response_lid ident="response1" rcardinality="Multiple">
            <render_choice>
              <response_label ident="4727">
                <material>
                  <mattext texttype="text/plain">The dataset is univariate.</mattext>
                </material>
              </response_label>
              <response_label ident="5013">
                <material>
                  <mattext texttype="text/plain">The dataset is bivariate.</mattext>
                </material>
              </response_label>
              <response_label ident="4224">
                <material>
                  <mattext texttype="text/plain">The dataset is multivariate.</mattext>
                </material>
              </response_label>
            </render_choice>
          </response_lid>
        </presentation>
        <resprocessing>
          <outcomes>
            <decvar maxvalue="100" minvalue="0" varname="SCORE" vartype="Decimal"/>
          </outcomes>
          <respcondition continue="No">
            <conditionvar>
              <and>
                <not>
                  <varequal respident="response1">4727</varequal>
                </not>
                <varequal respident="response1">5013</varequal>
                <varequal respident="response1">4224</varequal>
              </and>
            </conditionvar>
            <setvar action="Set" varname="SCORE">100</setvar>
          </respcondition>
        </resprocessing>
      </item>
      <item ident="gff0dfe5f53e0ad7cdfc643172f41d26d" title="Question">
        <itemmetadata>
          <qtimetadata>
            <qtimetadatafield>
              <fieldlabel>question_type</fieldlabel>
              <fieldentry>multiple_choice_question</fieldentry>
            </qtimetadatafield>
            <qtimetadatafield>
              <fieldlabel>points_possible</fieldlabel>
              <fieldentry>2.0</fieldentry>
            </qtimetadatafield>
            <qtimetadatafield>
              <fieldlabel>original_answer_ids</fieldlabel>
              <fieldentry>3145,6821,9263,220</fieldentry>
            </qtimetadatafield>
            <qtimetadatafield>
              <fieldlabel>assessment_question_identifierref</fieldlabel>
              <fieldentry>gf47b767d37e06559ff801f2d253307ba</fieldentry>
            </qtimetadatafield>
          </qtimetadata>
        </itemmetadata>
        <presentation>
          <material>
            <mattext texttype="text/html">&lt;div&gt;
&lt;p&gt;Identify whether each of the following choices is a population parameter or a sample statistic.&lt;/p&gt;
&lt;p class="noindents"&gt;&lt;span style="font-size: 12pt;"&gt;&lt;strong&gt;1) The proportion of domestic cats in the United States that wear a collar&lt;/strong&gt;&lt;/span&gt;&lt;br&gt;&lt;span style="font-size: 12pt;"&gt;&lt;strong&gt;2) The average number of times per day a vending machine is used in a year&lt;/strong&gt;&lt;/span&gt;&lt;br&gt;&lt;span style="font-size: 12pt;"&gt;&lt;strong&gt;3) The average number of times per day a vending machine is used in a year, based on data &lt;/strong&gt;&lt;/span&gt;&lt;span style="font-size: 12pt;"&gt;&lt;strong&gt;collected on three distinct days in that year&lt;/strong&gt;&lt;/span&gt;&lt;/p&gt;
&lt;/div&gt;</mattext>
          </material>
          <response_lid ident="response1" rcardinality="Single">
            <render_choice>
              <response_label ident="3145">
                <material>
                  <mattext texttype="text/plain">1) population parameter 2) sample statistic 3) population parameter</mattext>
                </material>
              </response_label>
              <response_label ident="6821">
                <material>
                  <mattext texttype="text/plain">1) sample statistic 2) sample statistic 3) population parameter</mattext>
                </material>
              </response_label>
              <response_label ident="9263">
                <material>
                  <mattext texttype="text/plain">1) population parameter 2) population parameter 3) sample statistic</mattext>
                </material>
              </response_label>
              <response_label ident="220">
                <material>
                  <mattext texttype="text/plain">1) sample statistic 2) population parameter 3) sample statistic</mattext>
                </material>
              </response_label>
            </render_choice>
          </response_lid>
        </presentation>
        <resprocessing>
          <outcomes>
            <decvar maxvalue="100" minvalue="0" varname="SCORE" vartype="Decimal"/>
          </outcomes>
          <respcondition continue="No">
            <conditionvar>
              <varequal respident="response1">9263</varequal>
            </conditionvar>
            <setvar action="Set" varname="SCORE">100</setvar>
          </respcondition>
        </resprocessing>
      </item>
      <item ident="g857fc8bf5737c318f341954736566d26" title="Question">
        <itemmetadata>
          <qtimetadata>
            <qtimetadatafield>
              <fieldlabel>question_type</fieldlabel>
              <fieldentry>multiple_choice_question</fieldentry>
            </qtimetadatafield>
            <qtimetadatafield>
              <fieldlabel>points_possible</fieldlabel>
              <fieldentry>2.0</fieldentry>
            </qtimetadatafield>
            <qtimetadatafield>
              <fieldlabel>original_answer_ids</fieldlabel>
              <fieldentry>1085,7715,9355,3830</fieldentry>
            </qtimetadatafield>
            <qtimetadatafield>
              <fieldlabel>assessment_question_identifierref</fieldlabel>
              <fieldentry>gd90ae3388f69b26ae68bc617d92171e8</fieldentry>
            </qtimetadatafield>
          </qtimetadata>
        </itemmetadata>
        <presentation>
          <material>
            <mattext texttype="text/html">&lt;div&gt;A(n) ________ is an observation that does not fit with the rest of the data.&lt;/div&gt;</mattext>
          </material>
          <response_lid ident="response1" rcardinality="Single">
            <render_choice>
              <response_label ident="1085">
                <material>
                  <mattext texttype="text/plain">outlier</mattext>
                </material>
              </response_label>
              <response_label ident="7715">
                <material>
                  <mattext texttype="text/plain">exception</mattext>
                </material>
              </response_label>
              <response_label ident="9355">
                <material>
                  <mattext texttype="text/plain">irregular</mattext>
                </material>
              </response_label>
              <response_label ident="3830">
                <material>
                  <mattext texttype="text/plain">nonconformance</mattext>
                </material>
              </response_label>
            </render_choice>
          </response_lid>
        </presentation>
        <resprocessing>
          <outcomes>
            <decvar maxvalue="100" minvalue="0" varname="SCORE" vartype="Decimal"/>
          </outcomes>
          <respcondition continue="No">
            <conditionvar>
              <varequal respident="response1">1085</varequal>
            </conditionvar>
            <setvar action="Set" varname="SCORE">100</setvar>
          </respcondition>
        </resprocessing>
      </item>
      <item ident="g2c6e2898cf0365a1a1c40c7c42dcb39b" title="Question">
        <itemmetadata>
          <qtimetadata>
            <qtimetadatafield>
              <fieldlabel>question_type</fieldlabel>
              <fieldentry>multiple_choice_question</fieldentry>
            </qtimetadatafield>
            <qtimetadatafield>
              <fieldlabel>points_possible</fieldlabel>
              <fieldentry>2.0</fieldentry>
            </qtimetadatafield>
            <qtimetadatafield>
              <fieldlabel>original_answer_ids</fieldlabel>
              <fieldentry>4589,8402,644,135</fieldentry>
            </qtimetadatafield>
            <qtimetadatafield>
              <fieldlabel>assessment_question_identifierref</fieldlabel>
              <fieldentry>gc69dd674481557eb939f37d4c1906487</fieldentry>
            </qtimetadatafield>
          </qtimetadata>
        </itemmetadata>
        <presentation>
          <material>
            <mattext texttype="text/html">&lt;div&gt;________ values range from -1 to +1 and indicate the strength of the relationship between two variables.&lt;/div&gt;</mattext>
          </material>
          <response_lid ident="response1" rcardinality="Single">
            <render_choice>
              <response_label ident="4589">
                <material>
                  <mattext texttype="text/plain">Correlation</mattext>
                </material>
              </response_label>
              <response_label ident="8402">
                <material>
                  <mattext texttype="text/plain">Covariance</mattext>
                </material>
              </response_label>
              <response_label ident="644">
                <material>
                  <mattext texttype="text/plain">Standard deviation</mattext>
                </material>
              </response_label>
              <response_label ident="135">
                <material>
                  <mattext texttype="text/plain">Bivariate</mattext>
                </material>
              </response_label>
            </render_choice>
          </response_lid>
        </presentation>
        <resprocessing>
          <outcomes>
            <decvar maxvalue="100" minvalue="0" varname="SCORE" vartype="Decimal"/>
          </outcomes>
          <respcondition continue="No">
            <conditionvar>
              <varequal respident="response1">4589</varequal>
            </conditionvar>
            <setvar action="Set" varname="SCORE">100</setvar>
          </respcondition>
        </resprocessing>
      </item>
      <item ident="g38cab91e184838ca3999063251afa565" title="Question">
        <itemmetadata>
          <qtimetadata>
            <qtimetadatafield>
              <fieldlabel>question_type</fieldlabel>
              <fieldentry>multiple_choice_question</fieldentry>
            </qtimetadatafield>
            <qtimetadatafield>
              <fieldlabel>points_possible</fieldlabel>
              <fieldentry>2.0</fieldentry>
            </qtimetadatafield>
            <qtimetadatafield>
              <fieldlabel>original_answer_ids</fieldlabel>
              <fieldentry>6302,6083,8792,8915</fieldentry>
            </qtimetadatafield>
            <qtimetadatafield>
              <fieldlabel>assessment_question_identifierref</fieldlabel>
              <fieldentry>g85f595bf17a030dcd85236655e94ce70</fieldentry>
            </qtimetadatafield>
          </qtimetadata>
        </itemmetadata>
        <presentation>
          <material>
            <mattext texttype="text/html">&lt;div&gt;Pr(&lt;i&gt;A&lt;/i&gt;) = 1 suggests that event &lt;i&gt;A ________.&lt;/i&gt;
&lt;/div&gt;</mattext>
          </material>
          <response_lid ident="response1" rcardinality="Single">
            <render_choice>
              <response_label ident="6302">
                <material>
                  <mattext texttype="text/plain">occurs with complete certainty</mattext>
                </material>
              </response_label>
              <response_label ident="6083">
                <material>
                  <mattext texttype="text/plain">cannot occur</mattext>
                </material>
              </response_label>
              <response_label ident="8792">
                <material>
                  <mattext texttype="text/plain">is likely to occur</mattext>
                </material>
              </response_label>
              <response_label ident="8915">
                <material>
                  <mattext texttype="text/plain">is not likely to occur</mattext>
                </material>
              </response_label>
            </render_choice>
          </response_lid>
        </presentation>
        <resprocessing>
          <outcomes>
            <decvar maxvalue="100" minvalue="0" varname="SCORE" vartype="Decimal"/>
          </outcomes>
          <respcondition continue="No">
            <conditionvar>
              <varequal respident="response1">6302</varequal>
            </conditionvar>
            <setvar action="Set" varname="SCORE">100</setvar>
          </respcondition>
        </resprocessing>
      </item>
      <item ident="gec79401b309248e1cdf2fca3a9378aca" title="Question">
        <itemmetadata>
          <qtimetadata>
            <qtimetadatafield>
              <fieldlabel>question_type</fieldlabel>
              <fieldentry>multiple_choice_question</fieldentry>
            </qtimetadatafield>
            <qtimetadatafield>
              <fieldlabel>points_possible</fieldlabel>
              <fieldentry>2.0</fieldentry>
            </qtimetadatafield>
            <qtimetadatafield>
              <fieldlabel>original_answer_ids</fieldlabel>
              <fieldentry>9933,9688,7828,4699</fieldentry>
            </qtimetadatafield>
            <qtimetadatafield>
              <fieldlabel>assessment_question_identifierref</fieldlabel>
              <fieldentry>gf47b767d37e06559ff801f2d253307ba</fieldentry>
            </qtimetadatafield>
          </qtimetadata>
        </itemmetadata>
        <presentation>
          <material>
            <mattext texttype="text/html">&lt;div&gt;The Gaussian distribution is also known as the ________ distribution.&lt;/div&gt;</mattext>
          </material>
          <response_lid ident="response1" rcardinality="Single">
            <render_choice>
              <response_label ident="9933">
                <material>
                  <mattext texttype="text/plain">normal</mattext>
                </material>
              </response_label>
              <response_label ident="9688">
                <material>
                  <mattext texttype="text/plain">poisson</mattext>
                </material>
              </response_label>
              <response_label ident="7828">
                <material>
                  <mattext texttype="text/plain">binomial</mattext>
                </material>
              </response_label>
              <response_label ident="4699">
                <material>
                  <mattext texttype="text/plain">uniform</mattext>
                </material>
              </response_label>
            </render_choice>
          </response_lid>
        </presentation>
        <resprocessing>
          <outcomes>
            <decvar maxvalue="100" minvalue="0" varname="SCORE" vartype="Decimal"/>
          </outcomes>
          <respcondition continue="No">
            <conditionvar>
              <varequal respident="response1">9933</varequal>
            </conditionvar>
            <setvar action="Set" varname="SCORE">100</setvar>
          </respcondition>
        </resprocessing>
      </item>
      <item ident="g2e4cfb97d66dde132df606fa436f7faf" title="Question">
        <itemmetadata>
          <qtimetadata>
            <qtimetadatafield>
              <fieldlabel>question_type</fieldlabel>
              <fieldentry>multiple_choice_question</fieldentry>
            </qtimetadatafield>
            <qtimetadatafield>
              <fieldlabel>points_possible</fieldlabel>
              <fieldentry>2.0</fieldentry>
            </qtimetadatafield>
            <qtimetadatafield>
              <fieldlabel>original_answer_ids</fieldlabel>
              <fieldentry>9684,4880,4810,478</fieldentry>
            </qtimetadatafield>
            <qtimetadatafield>
              <fieldlabel>assessment_question_identifierref</fieldlabel>
              <fieldentry>gf47b767d37e06559ff801f2d253307ba</fieldentry>
            </qtimetadatafield>
          </qtimetadata>
        </itemmetadata>
        <presentation>
          <material>
            <mattext texttype="text/html">&lt;div&gt;
&lt;p&gt;Given a variance of 9, what value should be used for the standard deviation in the following pnorm function?&lt;/p&gt;
&lt;p style="padding-left: 40px;"&gt;pnorm(25, mean=10.5, sd=________)&lt;/p&gt;
&lt;/div&gt;</mattext>
          </material>
          <response_lid ident="response1" rcardinality="Single">
            <render_choice>
              <response_label ident="9684">
                <material>
                  <mattext texttype="text/plain">3</mattext>
                </material>
              </response_label>
              <response_label ident="4880">
                <material>
                  <mattext texttype="text/plain">9</mattext>
                </material>
              </response_label>
              <response_label ident="4810">
                <material>
                  <mattext texttype="text/plain">10.5</mattext>
                </material>
              </response_label>
              <response_label ident="478">
                <material>
                  <mattext texttype="text/plain">25</mattext>
                </material>
              </response_label>
            </render_choice>
          </response_lid>
        </presentation>
        <resprocessing>
          <outcomes>
            <decvar maxvalue="100" minvalue="0" varname="SCORE" vartype="Decimal"/>
          </outcomes>
          <respcondition continue="No">
            <conditionvar>
              <varequal respident="response1">9684</varequal>
            </conditionvar>
            <setvar action="Set" varname="SCORE">100</setvar>
          </respcondition>
        </resprocessing>
      </item>
      <item ident="g40674f66703ec5ee6e535bba730aef3f" title="Question">
        <itemmetadata>
          <qtimetadata>
            <qtimetadatafield>
              <fieldlabel>question_type</fieldlabel>
              <fieldentry>multiple_choice_question</fieldentry>
            </qtimetadatafield>
            <qtimetadatafield>
              <fieldlabel>points_possible</fieldlabel>
              <fieldentry>2.0</fieldentry>
            </qtimetadatafield>
            <qtimetadatafield>
              <fieldlabel>original_answer_ids</fieldlabel>
              <fieldentry>6127,2299,3544,5673</fieldentry>
            </qtimetadatafield>
            <qtimetadatafield>
              <fieldlabel>assessment_question_identifierref</fieldlabel>
              <fieldentry>gf47b767d37e06559ff801f2d253307ba</fieldentry>
            </qtimetadatafield>
          </qtimetadata>
        </itemmetadata>
        <presentation>
          <material>
            <mattext texttype="text/html">&lt;div&gt;Given the mean &lt;strong&gt;μ&amp;nbsp;&lt;/strong&gt;and standard deviation &lt;strong&gt;σ&lt;/strong&gt;, which of the following formulas is used to calculate the standardization of variable X?&lt;/div&gt;</mattext>
          </material>
          <response_lid ident="response1" rcardinality="Single">
            <render_choice>
              <response_label ident="6127">
                <material>
                  <mattext texttype="text/plain">(X – μ) / σ</mattext>
                </material>
              </response_label>
              <response_label ident="2299">
                <material>
                  <mattext texttype="text/plain">(μ – X) / σ</mattext>
                </material>
              </response_label>
              <response_label ident="3544">
                <material>
                  <mattext texttype="text/plain">(σ – μ) / X</mattext>
                </material>
              </response_label>
              <response_label ident="5673">
                <material>
                  <mattext texttype="text/plain">(X – σ) / μ</mattext>
                </material>
              </response_label>
            </render_choice>
          </response_lid>
        </presentation>
        <resprocessing>
          <outcomes>
            <decvar maxvalue="100" minvalue="0" varname="SCORE" vartype="Decimal"/>
          </outcomes>
          <respcondition continue="No">
            <conditionvar>
              <varequal respident="response1">6127</varequal>
            </conditionvar>
            <setvar action="Set" varname="SCORE">100</setvar>
          </respcondition>
        </resprocessing>
      </item>
      <item ident="g2889cee6a5a1a14c59536ccedca82f3a" title="Question">
        <itemmetadata>
          <qtimetadata>
            <qtimetadatafield>
              <fieldlabel>question_type</fieldlabel>
              <fieldentry>multiple_choice_question</fieldentry>
            </qtimetadatafield>
            <qtimetadatafield>
              <fieldlabel>points_possible</fieldlabel>
              <fieldentry>2.0</fieldentry>
            </qtimetadatafield>
            <qtimetadatafield>
              <fieldlabel>original_answer_ids</fieldlabel>
              <fieldentry>1482,8206,8437,7938</fieldentry>
            </qtimetadatafield>
            <qtimetadatafield>
              <fieldlabel>assessment_question_identifierref</fieldlabel>
              <fieldentry>gd53b336f1ab35cedf8362826a001c74e</fieldentry>
            </qtimetadatafield>
          </qtimetadata>
        </itemmetadata>
        <presentation>
          <material>
            <mattext texttype="text/html">&lt;div&gt;A histogram measures frequencies by defining intervals and then counting the number of continuous observations that fall within each one. The size of these intervals is known as the ________.&lt;/div&gt;</mattext>
          </material>
          <response_lid ident="response1" rcardinality="Single">
            <render_choice>
              <response_label ident="1482">
                <material>
                  <mattext texttype="text/plain">binwidth</mattext>
                </material>
              </response_label>
              <response_label ident="8206">
                <material>
                  <mattext texttype="text/plain">interval width</mattext>
                </material>
              </response_label>
              <response_label ident="8437">
                <material>
                  <mattext texttype="text/plain">target interval</mattext>
                </material>
              </response_label>
              <response_label ident="7938">
                <material>
                  <mattext texttype="text/plain">plot resolution</mattext>
                </material>
              </response_label>
            </render_choice>
          </response_lid>
        </presentation>
        <resprocessing>
          <outcomes>
            <decvar maxvalue="100" minvalue="0" varname="SCORE" vartype="Decimal"/>
          </outcomes>
          <respcondition continue="No">
            <conditionvar>
              <varequal respident="response1">1482</varequal>
            </conditionvar>
            <setvar action="Set" varname="SCORE">100</setvar>
          </respcondition>
        </resprocessing>
      </item>
    </section>
  </assessment>
</questestinterop>
