<?xml version="1.0" encoding="UTF-8"?>
<quiz identifier="g3c6c3381f593af3afe6d8f8cfaa1d3f5" xmlns="http://canvas.instructure.com/xsd/cccv1p0" xmlns:xsi="http://www.w3.org/2001/XMLSchema-instance" xsi:schemaLocation="http://canvas.instructure.com/xsd/cccv1p0 https://canvas.instructure.com/xsd/cccv1p0.xsd">
  <title>COP2073C Midterm Exam</title>
  <description>&lt;p&gt;The COP2073C Midterm Exam is based on Modules 1-5 and is a timed, open-book, open-note exam. You will have &lt;strong&gt;three hours&lt;/strong&gt; to complete it, &lt;strong&gt;be sure to save your work and submit before the timer expires&lt;/strong&gt;.&amp;nbsp;&lt;/p&gt;
&lt;p&gt;You may use any of the course resources on Canvas (slides, quizzes, programming assignments). You may not obtain help from anyone else, and you may not use search tools such as Google or sites such as stackoverflow to research your answers. Evidence of this on your responses will result in a 0 for the exam.&lt;/p&gt;
&lt;p&gt;The exam contains multiple choice/multiple questions and several essay/coding questions. The coding questions comprise the majority of points on the exam, so don't spend too long on the multiple choice.&lt;/p&gt;
&lt;p&gt;You may use R and RStudio as necessary.&lt;/p&gt;
&lt;p&gt;The midterm exam is based on the the following module learning objectives (MLO):&lt;/p&gt;
&lt;ul&gt;
&lt;li&gt;&lt;a title="Module 1 Overview" href="$WIKI_REFERENCE$/pages/module-1-overview" target="_blank"&gt;Module 1: MLO 1, 4, 5, 7&lt;/a&gt;&lt;/li&gt;
&lt;li&gt;&lt;a title="Module 2 Overview" href="$WIKI_REFERENCE$/pages/module-2-overview" target="_blank"&gt;Module 2: MLO 2, 3&lt;/a&gt;&lt;/li&gt;
&lt;li&gt;&lt;a title="Module 3 Overview" href="$WIKI_REFERENCE$/pages/module-3-overview" target="_blank"&gt;Module 3: MLO 3, 7&lt;/a&gt;&lt;/li&gt;
&lt;li&gt;&lt;a title="Module 4 Overview" href="$WIKI_REFERENCE$/pages/module-4-overview" target="_blank"&gt;Module 4: MLO 2, 3, 5&lt;/a&gt;&lt;/li&gt;
&lt;li&gt;&lt;a title="Module 5 Overview" href="$WIKI_REFERENCE$/pages/module-5-overview" target="_blank"&gt;Module 5: MLO 2, 4&lt;/a&gt;&lt;/li&gt;
&lt;/ul&gt;</description>
  <lock_at>2021-03-01T04:59:00</lock_at>
  <due_at>2021-03-01T04:59:00</due_at>
  <shuffle_answers>true</shuffle_answers>
  <scoring_policy>keep_highest</scoring_policy>
  <hide_results></hide_results>
  <quiz_type>assignment</quiz_type>
  <points_possible>175.0</points_possible>
  <require_lockdown_browser>false</require_lockdown_browser>
  <require_lockdown_browser_for_results>false</require_lockdown_browser_for_results>
  <require_lockdown_browser_monitor>false</require_lockdown_browser_monitor>
  <lockdown_browser_monitor_data></lockdown_browser_monitor_data>
  <show_correct_answers>false</show_correct_answers>
  <anonymous_submissions>false</anonymous_submissions>
  <could_be_locked>true</could_be_locked>
  <time_limit>180</time_limit>
  <disable_timer_autosubmission>false</disable_timer_autosubmission>
  <allowed_attempts>1</allowed_attempts>
  <one_question_at_a_time>false</one_question_at_a_time>
  <cant_go_back>false</cant_go_back>
  <available>true</available>
  <one_time_results>false</one_time_results>
  <show_correct_answers_last_attempt>false</show_correct_answers_last_attempt>
  <only_visible_to_overrides>false</only_visible_to_overrides>
  <module_locked>false</module_locked>
  <assignment identifier="gda4e66ed8230d2c38be80e44878d64b1">
    <title>COP2073C Midterm Exam</title>
    <due_at>2021-03-01T04:59:00</due_at>
    <lock_at>2021-03-01T04:59:00</lock_at>
    <unlock_at/>
    <module_locked>false</module_locked>
    <all_day_date>2021-03-01</all_day_date>
    <workflow_state>published</workflow_state>
    <assignment_overrides>
    </assignment_overrides>
    <quiz_identifierref>g3c6c3381f593af3afe6d8f8cfaa1d3f5</quiz_identifierref>
    <allowed_extensions></allowed_extensions>
    <has_group_category>false</has_group_category>
    <points_possible>175.0</points_possible>
    <grading_type>points</grading_type>
    <all_day>false</all_day>
    <submission_types>online_quiz</submission_types>
    <position>1</position>
    <turnitin_enabled>false</turnitin_enabled>
    <vericite_enabled>false</vericite_enabled>
    <peer_review_count>0</peer_review_count>
    <peer_reviews>false</peer_reviews>
    <automatic_peer_reviews>false</automatic_peer_reviews>
    <anonymous_peer_reviews>false</anonymous_peer_reviews>
    <grade_group_students_individually>false</grade_group_students_individually>
    <freeze_on_copy>false</freeze_on_copy>
    <omit_from_final_grade>false</omit_from_final_grade>
    <intra_group_peer_reviews>false</intra_group_peer_reviews>
    <only_visible_to_overrides>false</only_visible_to_overrides>
    <post_to_sis>false</post_to_sis>
    <moderated_grading>false</moderated_grading>
    <grader_count>0</grader_count>
    <grader_comments_visible_to_graders>true</grader_comments_visible_to_graders>
    <anonymous_grading>false</anonymous_grading>
    <graders_anonymous_to_graders>false</graders_anonymous_to_graders>
    <grader_names_visible_to_final_grader>true</grader_names_visible_to_final_grader>
    <anonymous_instructor_annotations>false</anonymous_instructor_annotations>
    <post_policy>
      <post_manually>false</post_manually>
    </post_policy>
  </assignment>
  <assignment_group_identifierref>g50d8d6569cd10192ca7be0b2cf0af58d</assignment_group_identifierref>
  <assignment_overrides>
  </assignment_overrides>
</quiz>
