<?xml version="1.0" encoding="UTF-8"?>
<questestinterop xmlns="http://www.imsglobal.org/xsd/ims_qtiasiv1p2" xmlns:xsi="http://www.w3.org/2001/XMLSchema-instance" xsi:schemaLocation="http://www.imsglobal.org/xsd/ims_qtiasiv1p2 http://www.imsglobal.org/xsd/ims_qtiasiv1p2p1.xsd">
  <assessment ident="g3c6c3381f593af3afe6d8f8cfaa1d3f5" title="COP2073C Midterm Exam">
    <qtimetadata>
      <qtimetadatafield>
        <fieldlabel>qmd_timelimit</fieldlabel>
        <fieldentry>180</fieldentry>
      </qtimetadatafield>
      <qtimetadatafield>
        <fieldlabel>cc_maxattempts</fieldlabel>
        <fieldentry>1</fieldentry>
      </qtimetadatafield>
    </qtimetadata>
    <section ident="root_section">
      <item ident="g4ca26f6f21a7abdceb914d42339b504f" title="Question">
        <itemmetadata>
          <qtimetadata>
            <qtimetadatafield>
              <fieldlabel>question_type</fieldlabel>
              <fieldentry>multiple_choice_question</fieldentry>
            </qtimetadatafield>
            <qtimetadatafield>
              <fieldlabel>points_possible</fieldlabel>
              <fieldentry>2.0</fieldentry>
            </qtimetadatafield>
            <qtimetadatafield>
              <fieldlabel>original_answer_ids</fieldlabel>
              <fieldentry>44607,30108,70378,53654</fieldentry>
            </qtimetadatafield>
            <qtimetadatafield>
              <fieldlabel>assessment_question_identifierref</fieldlabel>
              <fieldentry>gf47b767d37e06559ff801f2d253307ba</fieldentry>
            </qtimetadatafield>
          </qtimetadata>
        </itemmetadata>
        <presentation>
          <material>
            <mattext texttype="text/html">&lt;div&gt;A ________ is a one-dimensional collection&amp;nbsp;of similar types.&lt;/div&gt;</mattext>
          </material>
          <response_lid ident="response1" rcardinality="Single">
            <render_choice>
              <response_label ident="44607">
                <material>
                  <mattext texttype="text/plain">vector</mattext>
                </material>
              </response_label>
              <response_label ident="30108">
                <material>
                  <mattext texttype="text/plain">data frame</mattext>
                </material>
              </response_label>
              <response_label ident="70378">
                <material>
                  <mattext texttype="text/plain">matrix</mattext>
                </material>
              </response_label>
              <response_label ident="53654">
                <material>
                  <mattext texttype="text/plain">list</mattext>
                </material>
              </response_label>
            </render_choice>
          </response_lid>
        </presentation>
        <resprocessing>
          <outcomes>
            <decvar maxvalue="100" minvalue="0" varname="SCORE" vartype="Decimal"/>
          </outcomes>
          <respcondition continue="No">
            <conditionvar>
              <varequal respident="response1">44607</varequal>
            </conditionvar>
            <setvar action="Set" varname="SCORE">100</setvar>
          </respcondition>
        </resprocessing>
      </item>
      <item ident="g90b1c40010335ca1023fe094127d21ca" title="Question">
        <itemmetadata>
          <qtimetadata>
            <qtimetadatafield>
              <fieldlabel>question_type</fieldlabel>
              <fieldentry>multiple_choice_question</fieldentry>
            </qtimetadatafield>
            <qtimetadatafield>
              <fieldlabel>points_possible</fieldlabel>
              <fieldentry>2.0</fieldentry>
            </qtimetadatafield>
            <qtimetadatafield>
              <fieldlabel>original_answer_ids</fieldlabel>
              <fieldentry>36435,91238,71750,48290</fieldentry>
            </qtimetadatafield>
            <qtimetadatafield>
              <fieldlabel>assessment_question_identifierref</fieldlabel>
              <fieldentry>gf47b767d37e06559ff801f2d253307ba</fieldentry>
            </qtimetadatafield>
          </qtimetadata>
        </itemmetadata>
        <presentation>
          <material>
            <mattext texttype="text/html">&lt;div&gt;
&lt;p&gt;Given the following matrix named "cmat",&amp;nbsp;which of the choices below correctly references the second column (sample2)?&lt;/p&gt;
&lt;p style="margin-bottom: .0001pt;"&gt;&lt;span style="font-family: 'Courier New';"&gt;&amp;nbsp;&amp;nbsp;&amp;nbsp;&amp;nbsp; sample1 sample2&lt;/span&gt;&lt;/p&gt;
&lt;p style="margin-bottom: .0001pt;"&gt;&lt;span style="font-family: 'Courier New';"&gt;[1,]&amp;nbsp;&amp;nbsp; &amp;nbsp;&amp;nbsp;5&amp;nbsp;&amp;nbsp;&amp;nbsp; &amp;nbsp;&amp;nbsp;7&lt;/span&gt;&lt;/p&gt;
&lt;p style="margin-bottom: .0001pt;"&gt;&lt;span style="font-family: 'Courier New';"&gt;[2,]&amp;nbsp;&amp;nbsp; &amp;nbsp;&amp;nbsp;6&amp;nbsp;&amp;nbsp; &amp;nbsp;&amp;nbsp;&amp;nbsp;9&lt;/span&gt;&lt;/p&gt;
&lt;p style="margin-bottom: .0001pt;"&gt;&lt;span style="font-family: 'Courier New';"&gt;[3,]&amp;nbsp;&amp;nbsp; &amp;nbsp;&amp;nbsp;9&amp;nbsp;&amp;nbsp;&amp;nbsp;&amp;nbsp;&amp;nbsp; 13&lt;/span&gt;&lt;/p&gt;
&lt;p style="margin-bottom: .0001pt;"&gt;&lt;span style="font-family: 'Courier New';"&gt;[4,]&amp;nbsp;&amp;nbsp; &amp;nbsp;&amp;nbsp;12&amp;nbsp;&amp;nbsp;&amp;nbsp; &amp;nbsp;10&lt;/span&gt;&lt;/p&gt;
&lt;/div&gt;</mattext>
          </material>
          <response_lid ident="response1" rcardinality="Single">
            <render_choice>
              <response_label ident="36435">
                <material>
                  <mattext texttype="text/html">cmat[,'sample2']</mattext>
                </material>
              </response_label>
              <response_label ident="91238">
                <material>
                  <mattext texttype="text/plain">cmat$sample2</mattext>
                </material>
              </response_label>
              <response_label ident="71750">
                <material>
                  <mattext texttype="text/plain">cmat[2]</mattext>
                </material>
              </response_label>
              <response_label ident="48290">
                <material>
                  <mattext texttype="text/html">cmat['sample2']</mattext>
                </material>
              </response_label>
            </render_choice>
          </response_lid>
        </presentation>
        <resprocessing>
          <outcomes>
            <decvar maxvalue="100" minvalue="0" varname="SCORE" vartype="Decimal"/>
          </outcomes>
          <respcondition continue="No">
            <conditionvar>
              <varequal respident="response1">36435</varequal>
            </conditionvar>
            <setvar action="Set" varname="SCORE">100</setvar>
          </respcondition>
        </resprocessing>
      </item>
      <item ident="g69d4b3a61f5454723a59f5c734f60670" title="Question">
        <itemmetadata>
          <qtimetadata>
            <qtimetadatafield>
              <fieldlabel>question_type</fieldlabel>
              <fieldentry>multiple_choice_question</fieldentry>
            </qtimetadatafield>
            <qtimetadatafield>
              <fieldlabel>points_possible</fieldlabel>
              <fieldentry>2.0</fieldentry>
            </qtimetadatafield>
            <qtimetadatafield>
              <fieldlabel>original_answer_ids</fieldlabel>
              <fieldentry>52840,49669,95934,68488</fieldentry>
            </qtimetadatafield>
            <qtimetadatafield>
              <fieldlabel>assessment_question_identifierref</fieldlabel>
              <fieldentry>gf47b767d37e06559ff801f2d253307ba</fieldentry>
            </qtimetadatafield>
          </qtimetadata>
        </itemmetadata>
        <presentation>
          <material>
            <mattext texttype="text/html">&lt;div&gt;______ is the preferred assignment operator in R.&lt;/div&gt;</mattext>
          </material>
          <response_lid ident="response1" rcardinality="Single">
            <render_choice>
              <response_label ident="52840">
                <material>
                  <mattext texttype="text/html">&amp;lt;-</mattext>
                </material>
              </response_label>
              <response_label ident="49669">
                <material>
                  <mattext texttype="text/html">-&amp;gt;</mattext>
                </material>
              </response_label>
              <response_label ident="95934">
                <material>
                  <mattext texttype="text/plain">=</mattext>
                </material>
              </response_label>
              <response_label ident="68488">
                <material>
                  <mattext texttype="text/plain">==</mattext>
                </material>
              </response_label>
            </render_choice>
          </response_lid>
        </presentation>
        <resprocessing>
          <outcomes>
            <decvar maxvalue="100" minvalue="0" varname="SCORE" vartype="Decimal"/>
          </outcomes>
          <respcondition continue="No">
            <conditionvar>
              <varequal respident="response1">52840</varequal>
            </conditionvar>
            <setvar action="Set" varname="SCORE">100</setvar>
          </respcondition>
        </resprocessing>
      </item>
      <item ident="gdc53d038820e3b06d0b9f660662fb527" title="Question">
        <itemmetadata>
          <qtimetadata>
            <qtimetadatafield>
              <fieldlabel>question_type</fieldlabel>
              <fieldentry>short_answer_question</fieldentry>
            </qtimetadatafield>
            <qtimetadatafield>
              <fieldlabel>points_possible</fieldlabel>
              <fieldentry>2.0</fieldentry>
            </qtimetadatafield>
            <qtimetadatafield>
              <fieldlabel>original_answer_ids</fieldlabel>
              <fieldentry>28504</fieldentry>
            </qtimetadatafield>
            <qtimetadatafield>
              <fieldlabel>assessment_question_identifierref</fieldlabel>
              <fieldentry>gf47b767d37e06559ff801f2d253307ba</fieldentry>
            </qtimetadatafield>
          </qtimetadata>
        </itemmetadata>
        <presentation>
          <material>
            <mattext texttype="text/html">&lt;div&gt;______ function arguments allow us to pass them in any order in R.&lt;/div&gt;</mattext>
          </material>
          <response_str ident="response1" rcardinality="Single">
            <render_fib>
              <response_label ident="answer1" rshuffle="No"/>
            </render_fib>
          </response_str>
        </presentation>
        <resprocessing>
          <outcomes>
            <decvar maxvalue="100" minvalue="0" varname="SCORE" vartype="Decimal"/>
          </outcomes>
          <respcondition continue="No">
            <conditionvar>
              <varequal respident="response1">Named</varequal>
            </conditionvar>
            <setvar action="Set" varname="SCORE">100</setvar>
          </respcondition>
        </resprocessing>
      </item>
      <item ident="g2c821d911e04cc2b368bd1736d6b52b4" title="Question">
        <itemmetadata>
          <qtimetadata>
            <qtimetadatafield>
              <fieldlabel>question_type</fieldlabel>
              <fieldentry>multiple_choice_question</fieldentry>
            </qtimetadatafield>
            <qtimetadatafield>
              <fieldlabel>points_possible</fieldlabel>
              <fieldentry>2.0</fieldentry>
            </qtimetadatafield>
            <qtimetadatafield>
              <fieldlabel>original_answer_ids</fieldlabel>
              <fieldentry>92378,74052,8602,97731</fieldentry>
            </qtimetadatafield>
            <qtimetadatafield>
              <fieldlabel>assessment_question_identifierref</fieldlabel>
              <fieldentry>gf47b767d37e06559ff801f2d253307ba</fieldentry>
            </qtimetadatafield>
          </qtimetadata>
        </itemmetadata>
        <presentation>
          <material>
            <mattext texttype="text/html">&lt;div&gt;Which one of the following command choices&amp;nbsp;displays installed R packages?&lt;/div&gt;</mattext>
          </material>
          <response_lid ident="response1" rcardinality="Single">
            <render_choice>
              <response_label ident="92378">
                <material>
                  <mattext texttype="text/plain">installed.packages()</mattext>
                </material>
              </response_label>
              <response_label ident="74052">
                <material>
                  <mattext texttype="text/plain">show.installed()</mattext>
                </material>
              </response_label>
              <response_label ident="8602">
                <material>
                  <mattext texttype="text/plain">packages()</mattext>
                </material>
              </response_label>
              <response_label ident="97731">
                <material>
                  <mattext texttype="text/plain">show.packages()</mattext>
                </material>
              </response_label>
            </render_choice>
          </response_lid>
        </presentation>
        <resprocessing>
          <outcomes>
            <decvar maxvalue="100" minvalue="0" varname="SCORE" vartype="Decimal"/>
          </outcomes>
          <respcondition continue="No">
            <conditionvar>
              <varequal respident="response1">92378</varequal>
            </conditionvar>
            <setvar action="Set" varname="SCORE">100</setvar>
          </respcondition>
        </resprocessing>
      </item>
      <item ident="gd0057b0bb3f89d126a3984ec6d3c5b88" title="Question">
        <itemmetadata>
          <qtimetadata>
            <qtimetadatafield>
              <fieldlabel>question_type</fieldlabel>
              <fieldentry>multiple_choice_question</fieldentry>
            </qtimetadatafield>
            <qtimetadatafield>
              <fieldlabel>points_possible</fieldlabel>
              <fieldentry>2.0</fieldentry>
            </qtimetadatafield>
            <qtimetadatafield>
              <fieldlabel>original_answer_ids</fieldlabel>
              <fieldentry>22091,44626,97269,91395</fieldentry>
            </qtimetadatafield>
            <qtimetadatafield>
              <fieldlabel>assessment_question_identifierref</fieldlabel>
              <fieldentry>gf47b767d37e06559ff801f2d253307ba</fieldentry>
            </qtimetadatafield>
          </qtimetadata>
        </itemmetadata>
        <presentation>
          <material>
            <mattext texttype="text/html">&lt;div&gt;The ______&amp;nbsp;function displays the internal structure of an R object.&lt;/div&gt;</mattext>
          </material>
          <response_lid ident="response1" rcardinality="Single">
            <render_choice>
              <response_label ident="22091">
                <material>
                  <mattext texttype="text/plain">str()</mattext>
                </material>
              </response_label>
              <response_label ident="44626">
                <material>
                  <mattext texttype="text/plain">struct()</mattext>
                </material>
              </response_label>
              <response_label ident="97269">
                <material>
                  <mattext texttype="text/plain">structure()</mattext>
                </material>
              </response_label>
              <response_label ident="91395">
                <material>
                  <mattext texttype="text/plain">s()</mattext>
                </material>
              </response_label>
            </render_choice>
          </response_lid>
        </presentation>
        <resprocessing>
          <outcomes>
            <decvar maxvalue="100" minvalue="0" varname="SCORE" vartype="Decimal"/>
          </outcomes>
          <respcondition continue="No">
            <conditionvar>
              <varequal respident="response1">22091</varequal>
            </conditionvar>
            <setvar action="Set" varname="SCORE">100</setvar>
          </respcondition>
        </resprocessing>
      </item>
      <item ident="g35dfa5098489fcb77e7a1b154e4178f6" title="Question">
        <itemmetadata>
          <qtimetadata>
            <qtimetadatafield>
              <fieldlabel>question_type</fieldlabel>
              <fieldentry>multiple_choice_question</fieldentry>
            </qtimetadatafield>
            <qtimetadatafield>
              <fieldlabel>points_possible</fieldlabel>
              <fieldentry>2.0</fieldentry>
            </qtimetadatafield>
            <qtimetadatafield>
              <fieldlabel>original_answer_ids</fieldlabel>
              <fieldentry>16118,10134,40824,21370</fieldentry>
            </qtimetadatafield>
            <qtimetadatafield>
              <fieldlabel>assessment_question_identifierref</fieldlabel>
              <fieldentry>gf47b767d37e06559ff801f2d253307ba</fieldentry>
            </qtimetadatafield>
          </qtimetadata>
        </itemmetadata>
        <presentation>
          <material>
            <mattext texttype="text/html">&lt;div&gt;Hypothesis tests,&amp;nbsp;confidence intervals, and regression analysis are common tools used in&amp;nbsp;______ statistics.&lt;/div&gt;</mattext>
          </material>
          <response_lid ident="response1" rcardinality="Single">
            <render_choice>
              <response_label ident="16118">
                <material>
                  <mattext texttype="text/plain">descriptive</mattext>
                </material>
              </response_label>
              <response_label ident="10134">
                <material>
                  <mattext texttype="text/plain">inferential</mattext>
                </material>
              </response_label>
              <response_label ident="40824">
                <material>
                  <mattext texttype="text/plain">numeric</mattext>
                </material>
              </response_label>
              <response_label ident="21370">
                <material>
                  <mattext texttype="text/plain">allegorical</mattext>
                </material>
              </response_label>
            </render_choice>
          </response_lid>
        </presentation>
        <resprocessing>
          <outcomes>
            <decvar maxvalue="100" minvalue="0" varname="SCORE" vartype="Decimal"/>
          </outcomes>
          <respcondition continue="No">
            <conditionvar>
              <varequal respident="response1">10134</varequal>
            </conditionvar>
            <setvar action="Set" varname="SCORE">100</setvar>
          </respcondition>
        </resprocessing>
      </item>
      <item ident="geed99c5879d2e7b8991cf224b6ff3c35" title="Question">
        <itemmetadata>
          <qtimetadata>
            <qtimetadatafield>
              <fieldlabel>question_type</fieldlabel>
              <fieldentry>multiple_choice_question</fieldentry>
            </qtimetadatafield>
            <qtimetadatafield>
              <fieldlabel>points_possible</fieldlabel>
              <fieldentry>2.0</fieldentry>
            </qtimetadatafield>
            <qtimetadatafield>
              <fieldlabel>original_answer_ids</fieldlabel>
              <fieldentry>83122,33973,70148,48306</fieldentry>
            </qtimetadatafield>
            <qtimetadatafield>
              <fieldlabel>assessment_question_identifierref</fieldlabel>
              <fieldentry>gf47b767d37e06559ff801f2d253307ba</fieldentry>
            </qtimetadatafield>
          </qtimetadata>
        </itemmetadata>
        <presentation>
          <material>
            <mattext texttype="text/html">&lt;div&gt;Which one of the following command choices loads an R package for use?&lt;/div&gt;</mattext>
          </material>
          <response_lid ident="response1" rcardinality="Single">
            <render_choice>
              <response_label ident="83122">
                <material>
                  <mattext texttype="text/plain">library(name)</mattext>
                </material>
              </response_label>
              <response_label ident="33973">
                <material>
                  <mattext texttype="text/plain">install.library(name)</mattext>
                </material>
              </response_label>
              <response_label ident="70148">
                <material>
                  <mattext texttype="text/plain">load.library(name)</mattext>
                </material>
              </response_label>
              <response_label ident="48306">
                <material>
                  <mattext texttype="text/plain">load(name)</mattext>
                </material>
              </response_label>
            </render_choice>
          </response_lid>
        </presentation>
        <resprocessing>
          <outcomes>
            <decvar maxvalue="100" minvalue="0" varname="SCORE" vartype="Decimal"/>
          </outcomes>
          <respcondition continue="No">
            <conditionvar>
              <varequal respident="response1">83122</varequal>
            </conditionvar>
            <setvar action="Set" varname="SCORE">100</setvar>
          </respcondition>
        </resprocessing>
      </item>
      <item ident="g196be4466fe578d6f3e83a9b6c78bb78" title="Question">
        <itemmetadata>
          <qtimetadata>
            <qtimetadatafield>
              <fieldlabel>question_type</fieldlabel>
              <fieldentry>multiple_choice_question</fieldentry>
            </qtimetadatafield>
            <qtimetadatafield>
              <fieldlabel>points_possible</fieldlabel>
              <fieldentry>2.0</fieldentry>
            </qtimetadatafield>
            <qtimetadatafield>
              <fieldlabel>original_answer_ids</fieldlabel>
              <fieldentry>42233,68792,98162,28516</fieldentry>
            </qtimetadatafield>
            <qtimetadatafield>
              <fieldlabel>assessment_question_identifierref</fieldlabel>
              <fieldentry>gf47b767d37e06559ff801f2d253307ba</fieldentry>
            </qtimetadatafield>
          </qtimetadata>
        </itemmetadata>
        <presentation>
          <material>
            <mattext texttype="text/html">&lt;div&gt;Which one of the following &lt;em&gt;&lt;strong&gt;is not&lt;/strong&gt;&lt;/em&gt; a characteristic of statistical programming?&lt;/div&gt;</mattext>
          </material>
          <response_lid ident="response1" rcardinality="Single">
            <render_choice>
              <response_label ident="42233">
                <material>
                  <mattext texttype="text/plain">Unreproduceable/unverifiable results.</mattext>
                </material>
              </response_label>
              <response_label ident="68792">
                <material>
                  <mattext texttype="text/plain">Variety of operations in a single program.</mattext>
                </material>
              </response_label>
              <response_label ident="98162">
                <material>
                  <mattext texttype="text/plain">Complex analysis over large datasets.</mattext>
                </material>
              </response_label>
              <response_label ident="28516">
                <material>
                  <mattext texttype="text/plain">Simplification and automation of complex statistical formulas.</mattext>
                </material>
              </response_label>
            </render_choice>
          </response_lid>
        </presentation>
        <resprocessing>
          <outcomes>
            <decvar maxvalue="100" minvalue="0" varname="SCORE" vartype="Decimal"/>
          </outcomes>
          <respcondition continue="No">
            <conditionvar>
              <varequal respident="response1">42233</varequal>
            </conditionvar>
            <setvar action="Set" varname="SCORE">100</setvar>
          </respcondition>
        </resprocessing>
      </item>
      <item ident="ge89640b77c78f2ec92386f3bdf58eb4a" title="Question">
        <itemmetadata>
          <qtimetadata>
            <qtimetadatafield>
              <fieldlabel>question_type</fieldlabel>
              <fieldentry>multiple_answers_question</fieldentry>
            </qtimetadatafield>
            <qtimetadatafield>
              <fieldlabel>points_possible</fieldlabel>
              <fieldentry>3.0</fieldentry>
            </qtimetadatafield>
            <qtimetadatafield>
              <fieldlabel>original_answer_ids</fieldlabel>
              <fieldentry>20942,27228,69598,5153,59704,14984</fieldentry>
            </qtimetadatafield>
            <qtimetadatafield>
              <fieldlabel>assessment_question_identifierref</fieldlabel>
              <fieldentry>gf47b767d37e06559ff801f2d253307ba</fieldentry>
            </qtimetadatafield>
          </qtimetadata>
        </itemmetadata>
        <presentation>
          <material>
            <mattext texttype="text/html">&lt;div&gt;Identify the valid atomic vector data types from the choices shown below. Select the three correct answers.&lt;/div&gt;</mattext>
          </material>
          <response_lid ident="response1" rcardinality="Multiple">
            <render_choice>
              <response_label ident="20942">
                <material>
                  <mattext texttype="text/plain">logical</mattext>
                </material>
              </response_label>
              <response_label ident="27228">
                <material>
                  <mattext texttype="text/plain">complex</mattext>
                </material>
              </response_label>
              <response_label ident="69598">
                <material>
                  <mattext texttype="text/plain">raw</mattext>
                </material>
              </response_label>
              <response_label ident="5153">
                <material>
                  <mattext texttype="text/plain">imaginary</mattext>
                </material>
              </response_label>
              <response_label ident="59704">
                <material>
                  <mattext texttype="text/plain">geometric</mattext>
                </material>
              </response_label>
              <response_label ident="14984">
                <material>
                  <mattext texttype="text/plain">directional</mattext>
                </material>
              </response_label>
            </render_choice>
          </response_lid>
        </presentation>
        <resprocessing>
          <outcomes>
            <decvar maxvalue="100" minvalue="0" varname="SCORE" vartype="Decimal"/>
          </outcomes>
          <respcondition continue="No">
            <conditionvar>
              <and>
                <varequal respident="response1">20942</varequal>
                <varequal respident="response1">27228</varequal>
                <varequal respident="response1">69598</varequal>
                <not>
                  <varequal respident="response1">5153</varequal>
                </not>
                <not>
                  <varequal respident="response1">59704</varequal>
                </not>
                <not>
                  <varequal respident="response1">14984</varequal>
                </not>
              </and>
            </conditionvar>
            <setvar action="Set" varname="SCORE">100</setvar>
          </respcondition>
        </resprocessing>
      </item>
      <item ident="g91cffaa0fad41e3b1127ced48afc60ce" title="Question">
        <itemmetadata>
          <qtimetadata>
            <qtimetadatafield>
              <fieldlabel>question_type</fieldlabel>
              <fieldentry>multiple_choice_question</fieldentry>
            </qtimetadatafield>
            <qtimetadatafield>
              <fieldlabel>points_possible</fieldlabel>
              <fieldentry>2.0</fieldentry>
            </qtimetadatafield>
            <qtimetadatafield>
              <fieldlabel>original_answer_ids</fieldlabel>
              <fieldentry>13960,20610,37348,37077</fieldentry>
            </qtimetadatafield>
            <qtimetadatafield>
              <fieldlabel>assessment_question_identifierref</fieldlabel>
              <fieldentry>gf47b767d37e06559ff801f2d253307ba</fieldentry>
            </qtimetadatafield>
          </qtimetadata>
        </itemmetadata>
        <presentation>
          <material>
            <mattext texttype="text/html">&lt;div&gt;
&lt;p&gt;Which one of the vector choices shown below will produce the correct grid layout of the Brady Bunch TV family as follows:&lt;/p&gt;
&lt;p&gt;&lt;strong&gt;&lt;span style="color: #000000; font-family: 'Helvetica Neue', Helvetica, Arial, sans-serif; font-style: normal; text-align: start; text-indent: 0px; white-space: normal; float: none; display: inline !important;"&gt;&amp;nbsp; &amp;nbsp; &amp;nbsp;"Marcia"&amp;nbsp; &amp;nbsp; "Carol"&amp;nbsp; &amp;nbsp; &amp;nbsp;"Greg"&amp;nbsp;&lt;/span&gt;&lt;/strong&gt;&lt;br style="color: #000000; font-family: 'Helvetica Neue', Helvetica, Arial, sans-serif; font-style: normal; font-weight: 400; text-align: start; text-indent: 0px; white-space: normal;"&gt;&lt;strong&gt;&lt;span style="color: #000000; font-family: 'Helvetica Neue', Helvetica, Arial, sans-serif; font-style: normal; text-align: start; text-indent: 0px; white-space: normal; float: none; display: inline !important;"&gt;&amp;nbsp; &amp;nbsp; &amp;nbsp;"Jan"&amp;nbsp; &amp;nbsp; &amp;nbsp; &amp;nbsp; &amp;nbsp;"Alice"&amp;nbsp; &amp;nbsp; &amp;nbsp; "Peter"&lt;/span&gt;&lt;/strong&gt;&lt;br style="color: #000000; font-family: 'Helvetica Neue', Helvetica, Arial, sans-serif; font-style: normal; font-weight: 400; text-align: start; text-indent: 0px; white-space: normal;"&gt;&lt;strong&gt;&lt;span style="color: #000000; font-family: 'Helvetica Neue', Helvetica, Arial, sans-serif; font-style: normal; text-align: start; text-indent: 0px; white-space: normal; float: none; display: inline !important;"&gt;&amp;nbsp; &amp;nbsp; &amp;nbsp;"Cindy"&amp;nbsp; &amp;nbsp; &amp;nbsp; "Mike"&amp;nbsp; &amp;nbsp; &amp;nbsp; "Bobby"&lt;/span&gt;&lt;/strong&gt;&lt;/p&gt;
&lt;p&gt;when the statement&lt;/p&gt;
&lt;p&gt;&lt;strong&gt;&amp;nbsp; &amp;nbsp; &amp;nbsp; &amp;nbsp; dim(brady) &amp;lt;- c(3,3)&lt;/strong&gt;&lt;/p&gt;
&lt;p&gt;is run?&lt;/p&gt;
&lt;/div&gt;</mattext>
          </material>
          <response_lid ident="response1" rcardinality="Single">
            <render_choice>
              <response_label ident="13960">
                <material>
                  <mattext texttype="text/html">brady &amp;lt;- c("Marcia", "Jan", "Cindy", "Carol", "Alice", "Mike", "Greg", "Peter", "Bobby")</mattext>
                </material>
              </response_label>
              <response_label ident="20610">
                <material>
                  <mattext texttype="text/html">brady &amp;lt;- c("Marcia", "Carol", "Greg", "Jan", "Alice", "Peter", "Cindy", "Mike", "Bobby")</mattext>
                </material>
              </response_label>
              <response_label ident="37348">
                <material>
                  <mattext texttype="text/html">brady &amp;lt;- c("Greg", "Peter", "Bobby", "Carol", "Alice", "Mike", "Marcia", "Jan", "Cindy")</mattext>
                </material>
              </response_label>
              <response_label ident="37077">
                <material>
                  <mattext texttype="text/html">brady &amp;lt;- c("Carol", "Alice", "Mike", "Marcia", "Jan", "Cindy", "Greg", "Peter", "Bobby")</mattext>
                </material>
              </response_label>
            </render_choice>
          </response_lid>
        </presentation>
        <resprocessing>
          <outcomes>
            <decvar maxvalue="100" minvalue="0" varname="SCORE" vartype="Decimal"/>
          </outcomes>
          <respcondition continue="No">
            <conditionvar>
              <varequal respident="response1">13960</varequal>
            </conditionvar>
            <setvar action="Set" varname="SCORE">100</setvar>
          </respcondition>
        </resprocessing>
      </item>
      <item ident="gc2e5d3541e58ad415cd0855f235a6de1" title="Question">
        <itemmetadata>
          <qtimetadata>
            <qtimetadatafield>
              <fieldlabel>question_type</fieldlabel>
              <fieldentry>multiple_choice_question</fieldentry>
            </qtimetadatafield>
            <qtimetadatafield>
              <fieldlabel>points_possible</fieldlabel>
              <fieldentry>2.0</fieldentry>
            </qtimetadatafield>
            <qtimetadatafield>
              <fieldlabel>original_answer_ids</fieldlabel>
              <fieldentry>8116,91280,45896,9101</fieldentry>
            </qtimetadatafield>
            <qtimetadatafield>
              <fieldlabel>assessment_question_identifierref</fieldlabel>
              <fieldentry>g959761e30efc7f3911835fd0e629fde2</fieldentry>
            </qtimetadatafield>
          </qtimetadata>
        </itemmetadata>
        <presentation>
          <material>
            <mattext texttype="text/html">&lt;div&gt;
&lt;p&gt;Given the following vector name "v", what will &lt;strong&gt;v %in% c(6)&lt;/strong&gt; display?&lt;/p&gt;  &lt;p&gt;1.4, 3.5, 6, 6.0, 7, 9&lt;/p&gt;
&lt;/div&gt;</mattext>
          </material>
          <response_lid ident="response1" rcardinality="Single">
            <render_choice>
              <response_label ident="8116">
                <material>
                  <mattext texttype="text/plain">[1] FALSE FALSE  TRUE  TRUE FALSE FALSE</mattext>
                </material>
              </response_label>
              <response_label ident="91280">
                <material>
                  <mattext texttype="text/plain">[1] FALSE FALSE  TRUE  FALSE FALSE FALSE</mattext>
                </material>
              </response_label>
              <response_label ident="45896">
                <material>
                  <mattext texttype="text/plain">[1] 6 6.0</mattext>
                </material>
              </response_label>
              <response_label ident="9101">
                <material>
                  <mattext texttype="text/plain">[1] 6</mattext>
                </material>
              </response_label>
            </render_choice>
          </response_lid>
        </presentation>
        <resprocessing>
          <outcomes>
            <decvar maxvalue="100" minvalue="0" varname="SCORE" vartype="Decimal"/>
          </outcomes>
          <respcondition continue="No">
            <conditionvar>
              <varequal respident="response1">8116</varequal>
            </conditionvar>
            <setvar action="Set" varname="SCORE">100</setvar>
          </respcondition>
        </resprocessing>
      </item>
      <item ident="gdca0f11bdce43089f416c7a9fe07459f" title="Question">
        <itemmetadata>
          <qtimetadata>
            <qtimetadatafield>
              <fieldlabel>question_type</fieldlabel>
              <fieldentry>multiple_choice_question</fieldentry>
            </qtimetadatafield>
            <qtimetadatafield>
              <fieldlabel>points_possible</fieldlabel>
              <fieldentry>2.0</fieldentry>
            </qtimetadatafield>
            <qtimetadatafield>
              <fieldlabel>original_answer_ids</fieldlabel>
              <fieldentry>59446,21607,81492,86889</fieldentry>
            </qtimetadatafield>
            <qtimetadatafield>
              <fieldlabel>assessment_question_identifierref</fieldlabel>
              <fieldentry>g093791700a181ae863cca0b25bcccfcc</fieldentry>
            </qtimetadatafield>
          </qtimetadata>
        </itemmetadata>
        <presentation>
          <material>
            <mattext texttype="text/html">&lt;div&gt;
&lt;p&gt;Given an object&amp;nbsp;"one_play" with the following structure:&lt;/p&gt;  &lt;p style="margin-left: 30px;"&gt;&lt;strong&gt;&amp;gt; structure(one_play)&lt;/strong&gt;&lt;br&gt;&lt;strong&gt;[1] 0&lt;/strong&gt;&lt;br&gt;&lt;strong&gt;attr(,"symbols")&lt;/strong&gt;&lt;br&gt;&lt;strong&gt;[1] "BB" "B"&amp;nbsp; "0"&lt;/strong&gt;&lt;/p&gt;  &lt;p&gt;which one of the choices shown below is the correct way to add a "descriptions" attribute which modifies the object as shown here:&lt;/p&gt;  &lt;p style="margin-left: 30px;"&gt;&lt;strong&gt;&amp;gt; structure(one_play)&lt;/strong&gt;&lt;br&gt;&lt;strong&gt;[1] 0&lt;/strong&gt;&lt;br&gt;&lt;strong&gt;attr(,"symbols")&lt;/strong&gt;&lt;br&gt;&lt;strong&gt;[1] "BB" "B"&amp;nbsp; "0"&lt;/strong&gt;&lt;br&gt;&lt;strong&gt;attr(,"descriptions")&lt;/strong&gt;&lt;br&gt;&lt;strong&gt;[1] "TwoBar" "OneBar" "Zero"&amp;nbsp;&amp;nbsp;&lt;/strong&gt;&lt;/p&gt;
&lt;/div&gt;</mattext>
          </material>
          <response_lid ident="response1" rcardinality="Single">
            <render_choice>
              <response_label ident="59446">
                <material>
                  <mattext texttype="text/html">attr(one_play, "descriptions") &amp;lt;- c("TwoBar", "OneBar", "Zero")</mattext>
                </material>
              </response_label>
              <response_label ident="21607">
                <material>
                  <mattext texttype="text/html">attributes(one_play, "descriptions") &amp;lt;- c("TwoBar", "OneBar", "Zero")</mattext>
                </material>
              </response_label>
              <response_label ident="81492">
                <material>
                  <mattext texttype="text/html">levels(one_play, "descriptions") &amp;lt;- c("TwoBar", "OneBar", "Zero")</mattext>
                </material>
              </response_label>
              <response_label ident="86889">
                <material>
                  <mattext texttype="text/html">row.names(one_play, "descriptions") &amp;lt;- c("TwoBar", "OneBar", "Zero")</mattext>
                </material>
              </response_label>
            </render_choice>
          </response_lid>
        </presentation>
        <resprocessing>
          <outcomes>
            <decvar maxvalue="100" minvalue="0" varname="SCORE" vartype="Decimal"/>
          </outcomes>
          <respcondition continue="No">
            <conditionvar>
              <varequal respident="response1">59446</varequal>
            </conditionvar>
            <setvar action="Set" varname="SCORE">100</setvar>
          </respcondition>
        </resprocessing>
      </item>
      <item ident="g6dfe4625cb9d5254eef04d388f8b2ac6" title="Question">
        <itemmetadata>
          <qtimetadata>
            <qtimetadatafield>
              <fieldlabel>question_type</fieldlabel>
              <fieldentry>multiple_choice_question</fieldentry>
            </qtimetadatafield>
            <qtimetadatafield>
              <fieldlabel>points_possible</fieldlabel>
              <fieldentry>2.0</fieldentry>
            </qtimetadatafield>
            <qtimetadatafield>
              <fieldlabel>original_answer_ids</fieldlabel>
              <fieldentry>54414,54351,25632,34276</fieldentry>
            </qtimetadatafield>
            <qtimetadatafield>
              <fieldlabel>assessment_question_identifierref</fieldlabel>
              <fieldentry>gf47b767d37e06559ff801f2d253307ba</fieldentry>
            </qtimetadatafield>
          </qtimetadata>
        </itemmetadata>
        <presentation>
          <material>
            <mattext texttype="text/html">&lt;div&gt;S3 refers to a ________ system in R.&lt;/div&gt;</mattext>
          </material>
          <response_lid ident="response1" rcardinality="Single">
            <render_choice>
              <response_label ident="54414">
                <material>
                  <mattext texttype="text/plain">class</mattext>
                </material>
              </response_label>
              <response_label ident="54351">
                <material>
                  <mattext texttype="text/plain">notation</mattext>
                </material>
              </response_label>
              <response_label ident="25632">
                <material>
                  <mattext texttype="text/plain">documentation</mattext>
                </material>
              </response_label>
              <response_label ident="34276">
                <material>
                  <mattext texttype="text/plain">statistical measurement</mattext>
                </material>
              </response_label>
            </render_choice>
          </response_lid>
        </presentation>
        <resprocessing>
          <outcomes>
            <decvar maxvalue="100" minvalue="0" varname="SCORE" vartype="Decimal"/>
          </outcomes>
          <respcondition continue="No">
            <conditionvar>
              <varequal respident="response1">54414</varequal>
            </conditionvar>
            <setvar action="Set" varname="SCORE">100</setvar>
          </respcondition>
        </resprocessing>
      </item>
      <item ident="g1765c30c2a9321272501223981d0294d" title="Question">
        <itemmetadata>
          <qtimetadata>
            <qtimetadatafield>
              <fieldlabel>question_type</fieldlabel>
              <fieldentry>multiple_choice_question</fieldentry>
            </qtimetadatafield>
            <qtimetadatafield>
              <fieldlabel>points_possible</fieldlabel>
              <fieldentry>2.0</fieldentry>
            </qtimetadatafield>
            <qtimetadatafield>
              <fieldlabel>original_answer_ids</fieldlabel>
              <fieldentry>8743,4724,2220,8825</fieldentry>
            </qtimetadatafield>
            <qtimetadatafield>
              <fieldlabel>assessment_question_identifierref</fieldlabel>
              <fieldentry>g98541222d0a0dbd06bd3215e1a32f7fe</fieldentry>
            </qtimetadatafield>
          </qtimetadata>
        </itemmetadata>
        <presentation>
          <material>
            <mattext texttype="text/html">&lt;div&gt;What is the name of the column which contains data with the description "distance driven" in the Seatbelts dataset that is bundled with the R distribution?&lt;/div&gt;</mattext>
          </material>
          <response_lid ident="response1" rcardinality="Single">
            <render_choice>
              <response_label ident="8743">
                <material>
                  <mattext texttype="text/plain">kms</mattext>
                </material>
              </response_label>
              <response_label ident="4724">
                <material>
                  <mattext texttype="text/plain">distance</mattext>
                </material>
              </response_label>
              <response_label ident="2220">
                <material>
                  <mattext texttype="text/plain">miles_driven</mattext>
                </material>
              </response_label>
              <response_label ident="8825">
                <material>
                  <mattext texttype="text/plain">drvn</mattext>
                </material>
              </response_label>
            </render_choice>
          </response_lid>
        </presentation>
        <resprocessing>
          <outcomes>
            <decvar maxvalue="100" minvalue="0" varname="SCORE" vartype="Decimal"/>
          </outcomes>
          <respcondition continue="No">
            <conditionvar>
              <varequal respident="response1">8743</varequal>
            </conditionvar>
            <setvar action="Set" varname="SCORE">100</setvar>
          </respcondition>
        </resprocessing>
      </item>
      <item ident="ga61d8f0d0407239745d18dae9fcb185a" title="Question">
        <itemmetadata>
          <qtimetadata>
            <qtimetadatafield>
              <fieldlabel>question_type</fieldlabel>
              <fieldentry>multiple_choice_question</fieldentry>
            </qtimetadatafield>
            <qtimetadatafield>
              <fieldlabel>points_possible</fieldlabel>
              <fieldentry>2.0</fieldentry>
            </qtimetadatafield>
            <qtimetadatafield>
              <fieldlabel>original_answer_ids</fieldlabel>
              <fieldentry>9677,1913,9191,5328</fieldentry>
            </qtimetadatafield>
            <qtimetadatafield>
              <fieldlabel>assessment_question_identifierref</fieldlabel>
              <fieldentry>g9574597d832dcad632c579ce7bc66cc2</fieldentry>
            </qtimetadatafield>
          </qtimetadata>
        </itemmetadata>
        <presentation>
          <material>
            <mattext texttype="text/html">&lt;div&gt;________ prevents the conversion of strings to factors in the read.table() function.&lt;/div&gt;</mattext>
          </material>
          <response_lid ident="response1" rcardinality="Single">
            <render_choice>
              <response_label ident="9677">
                <material>
                  <mattext texttype="text/plain">stringsAsFactors=F</mattext>
                </material>
              </response_label>
              <response_label ident="1913">
                <material>
                  <mattext texttype="text/plain">strings_as_factors=F</mattext>
                </material>
              </response_label>
              <response_label ident="9191">
                <material>
                  <mattext texttype="text/plain">factorsAsStrings=T</mattext>
                </material>
              </response_label>
              <response_label ident="5328">
                <material>
                  <mattext texttype="text/plain">stringsToFactors=N</mattext>
                </material>
              </response_label>
            </render_choice>
          </response_lid>
        </presentation>
        <resprocessing>
          <outcomes>
            <decvar maxvalue="100" minvalue="0" varname="SCORE" vartype="Decimal"/>
          </outcomes>
          <respcondition continue="No">
            <conditionvar>
              <varequal respident="response1">9677</varequal>
            </conditionvar>
            <setvar action="Set" varname="SCORE">100</setvar>
          </respcondition>
        </resprocessing>
      </item>
      <item ident="g78972e7bb5f10df25795029a6f30a0fe" title="Question">
        <itemmetadata>
          <qtimetadata>
            <qtimetadatafield>
              <fieldlabel>question_type</fieldlabel>
              <fieldentry>multiple_choice_question</fieldentry>
            </qtimetadatafield>
            <qtimetadatafield>
              <fieldlabel>points_possible</fieldlabel>
              <fieldentry>2.0</fieldentry>
            </qtimetadatafield>
            <qtimetadatafield>
              <fieldlabel>original_answer_ids</fieldlabel>
              <fieldentry>5580,6615,9256,3451</fieldentry>
            </qtimetadatafield>
            <qtimetadatafield>
              <fieldlabel>assessment_question_identifierref</fieldlabel>
              <fieldentry>g2db4072f3643330c09b5a451ba237ebf</fieldentry>
            </qtimetadatafield>
          </qtimetadata>
        </itemmetadata>
        <presentation>
          <material>
            <mattext texttype="text/html">&lt;div&gt;R enforces scoping rules using virtual ________.&lt;/div&gt;</mattext>
          </material>
          <response_lid ident="response1" rcardinality="Single">
            <render_choice>
              <response_label ident="5580">
                <material>
                  <mattext texttype="text/plain">environments</mattext>
                </material>
              </response_label>
              <response_label ident="6615">
                <material>
                  <mattext texttype="text/plain">objects</mattext>
                </material>
              </response_label>
              <response_label ident="9256">
                <material>
                  <mattext texttype="text/plain">machines</mattext>
                </material>
              </response_label>
              <response_label ident="3451">
                <material>
                  <mattext texttype="text/plain">functions</mattext>
                </material>
              </response_label>
            </render_choice>
          </response_lid>
        </presentation>
        <resprocessing>
          <outcomes>
            <decvar maxvalue="100" minvalue="0" varname="SCORE" vartype="Decimal"/>
          </outcomes>
          <respcondition continue="No">
            <conditionvar>
              <varequal respident="response1">5580</varequal>
            </conditionvar>
            <setvar action="Set" varname="SCORE">100</setvar>
          </respcondition>
        </resprocessing>
      </item>
      <item ident="gfdf119e15507246edbbae9c432ccce19" title="Question">
        <itemmetadata>
          <qtimetadata>
            <qtimetadatafield>
              <fieldlabel>question_type</fieldlabel>
              <fieldentry>multiple_choice_question</fieldentry>
            </qtimetadatafield>
            <qtimetadatafield>
              <fieldlabel>points_possible</fieldlabel>
              <fieldentry>2.0</fieldentry>
            </qtimetadatafield>
            <qtimetadatafield>
              <fieldlabel>original_answer_ids</fieldlabel>
              <fieldentry>1252,4008,3346,444</fieldentry>
            </qtimetadatafield>
            <qtimetadatafield>
              <fieldlabel>assessment_question_identifierref</fieldlabel>
              <fieldentry>g681fb94c32b1b50ca8d562a0eaf1d34d</fieldentry>
            </qtimetadatafield>
          </qtimetadata>
        </itemmetadata>
        <presentation>
          <material>
            <mattext texttype="text/html">&lt;div&gt;
&lt;p&gt;The function call shown here is an example of ________ argument matching.&lt;/p&gt;
&lt;p&gt;&amp;nbsp; &amp;nbsp; &amp;nbsp; &amp;nbsp; &lt;strong&gt;write.table(t, "mytable.txt", FALSE, TRUE, " ", "\n") &lt;/strong&gt;&lt;/p&gt;
&lt;/div&gt;</mattext>
          </material>
          <response_lid ident="response1" rcardinality="Single">
            <render_choice>
              <response_label ident="1252">
                <material>
                  <mattext texttype="text/plain">positional</mattext>
                </material>
              </response_label>
              <response_label ident="4008">
                <material>
                  <mattext texttype="text/plain">exact</mattext>
                </material>
              </response_label>
              <response_label ident="3346">
                <material>
                  <mattext texttype="text/plain">partial</mattext>
                </material>
              </response_label>
              <response_label ident="444">
                <material>
                  <mattext texttype="text/plain">variable</mattext>
                </material>
              </response_label>
            </render_choice>
          </response_lid>
        </presentation>
        <resprocessing>
          <outcomes>
            <decvar maxvalue="100" minvalue="0" varname="SCORE" vartype="Decimal"/>
          </outcomes>
          <respcondition continue="No">
            <conditionvar>
              <varequal respident="response1">1252</varequal>
            </conditionvar>
            <setvar action="Set" varname="SCORE">100</setvar>
          </respcondition>
        </resprocessing>
      </item>
      <item ident="gba07961efebe446f4bada5d0d5d92547" title="Question">
        <itemmetadata>
          <qtimetadata>
            <qtimetadatafield>
              <fieldlabel>question_type</fieldlabel>
              <fieldentry>multiple_choice_question</fieldentry>
            </qtimetadatafield>
            <qtimetadatafield>
              <fieldlabel>points_possible</fieldlabel>
              <fieldentry>2.0</fieldentry>
            </qtimetadatafield>
            <qtimetadatafield>
              <fieldlabel>original_answer_ids</fieldlabel>
              <fieldentry>7443,8825,476,4359</fieldentry>
            </qtimetadatafield>
            <qtimetadatafield>
              <fieldlabel>assessment_question_identifierref</fieldlabel>
              <fieldentry>gec9e1d7476ff9bf874cb00c2d5298bf0</fieldentry>
            </qtimetadatafield>
          </qtimetadata>
        </itemmetadata>
        <presentation>
          <material>
            <mattext texttype="text/html">&lt;div&gt;Implicit coercion in R is performed&amp;nbsp; ________.&lt;/div&gt;</mattext>
          </material>
          <response_lid ident="response1" rcardinality="Single">
            <render_choice>
              <response_label ident="7443">
                <material>
                  <mattext texttype="text/plain">automatically</mattext>
                </material>
              </response_label>
              <response_label ident="8825">
                <material>
                  <mattext texttype="text/plain">by as-dot functions</mattext>
                </material>
              </response_label>
              <response_label ident="476">
                <material>
                  <mattext texttype="text/plain">by is-dot functions</mattext>
                </material>
              </response_label>
              <response_label ident="4359">
                <material>
                  <mattext texttype="text/plain">by static casting</mattext>
                </material>
              </response_label>
            </render_choice>
          </response_lid>
        </presentation>
        <resprocessing>
          <outcomes>
            <decvar maxvalue="100" minvalue="0" varname="SCORE" vartype="Decimal"/>
          </outcomes>
          <respcondition continue="No">
            <conditionvar>
              <varequal respident="response1">7443</varequal>
            </conditionvar>
            <setvar action="Set" varname="SCORE">100</setvar>
          </respcondition>
        </resprocessing>
      </item>
      <item ident="g2b89f64059a2efa9ea69c3e4146d0049" title="Question">
        <itemmetadata>
          <qtimetadata>
            <qtimetadatafield>
              <fieldlabel>question_type</fieldlabel>
              <fieldentry>essay_question</fieldentry>
            </qtimetadatafield>
            <qtimetadatafield>
              <fieldlabel>points_possible</fieldlabel>
              <fieldentry>16.0</fieldentry>
            </qtimetadatafield>
            <qtimetadatafield>
              <fieldlabel>original_answer_ids</fieldlabel>
              <fieldentry></fieldentry>
            </qtimetadatafield>
            <qtimetadatafield>
              <fieldlabel>assessment_question_identifierref</fieldlabel>
              <fieldentry>gf47b767d37e06559ff801f2d253307ba</fieldentry>
            </qtimetadatafield>
          </qtimetadata>
        </itemmetadata>
        <presentation>
          <material>
            <mattext texttype="text/html">&lt;div&gt;
&lt;p&gt;Given vector &lt;strong&gt;v1&lt;/strong&gt; containing the sequence&lt;/p&gt;
&lt;p&gt;&amp;nbsp; &amp;nbsp; &amp;nbsp; &amp;nbsp; &lt;strong&gt;5, 4, 3, 2, 1&lt;/strong&gt;&lt;/p&gt;
&lt;p&gt;and vector &lt;strong&gt;v2&lt;/strong&gt; containing the sequence&lt;/p&gt;
&lt;p&gt;&amp;nbsp; &amp;nbsp; &amp;nbsp; &amp;nbsp; &lt;strong&gt;0, 0, 1, 1, 0&lt;/strong&gt;&lt;/p&gt;
&lt;p&gt;Write an R script which creates the vectors, followed by an expression which multiplies the corresponding elements of each vector together and determines whether the result is positive (i.e. greater than 0).&lt;/p&gt;
&lt;p&gt;After writing this expression, write another expression &lt;strong&gt;without using the &amp;lt;= operator&lt;/strong&gt; which produces the opposite result (i.e. determines&amp;nbsp; whether the result is 0 or negative). Again, this expression cannot utilize the &amp;lt;= comparison operator.&lt;/p&gt;
&lt;p&gt;When run, the output of your first expression should look like this:&lt;/p&gt;
&lt;p&gt;&lt;strong&gt;&amp;nbsp; &amp;nbsp; &amp;nbsp; &amp;nbsp; [1] FALSE FALSE TRUE TRUE FALSE&lt;/strong&gt;&lt;/p&gt;
&lt;p&gt;while the output of your second expression should look like this:&lt;/p&gt;
&lt;p&gt;&amp;nbsp; &amp;nbsp; &amp;nbsp; &amp;nbsp; &lt;strong&gt;[1] TRUE TRUE FALSE FALSE TRUE&lt;/strong&gt;&lt;/p&gt;
&lt;/div&gt;</mattext>
          </material>
          <response_str ident="response1" rcardinality="Single">
            <render_fib>
              <response_label ident="answer1" rshuffle="No"/>
            </render_fib>
          </response_str>
        </presentation>
        <resprocessing>
          <outcomes>
            <decvar maxvalue="100" minvalue="0" varname="SCORE" vartype="Decimal"/>
          </outcomes>
          <respcondition continue="No">
            <conditionvar>
              <other/>
            </conditionvar>
          </respcondition>
        </resprocessing>
      </item>
      <item ident="g9d46f0d2678b23d60bf07442e689fb91" title="Question">
        <itemmetadata>
          <qtimetadata>
            <qtimetadatafield>
              <fieldlabel>question_type</fieldlabel>
              <fieldentry>essay_question</fieldentry>
            </qtimetadatafield>
            <qtimetadatafield>
              <fieldlabel>points_possible</fieldlabel>
              <fieldentry>40.0</fieldentry>
            </qtimetadatafield>
            <qtimetadatafield>
              <fieldlabel>original_answer_ids</fieldlabel>
              <fieldentry></fieldentry>
            </qtimetadatafield>
            <qtimetadatafield>
              <fieldlabel>assessment_question_identifierref</fieldlabel>
              <fieldentry>g4854cf5afb72c4d95e39ee5c73b79eec</fieldentry>
            </qtimetadatafield>
          </qtimetadata>
        </itemmetadata>
        <presentation>
          <material>
            <mattext texttype="text/html">&lt;div&gt;
&lt;p&gt;A 2016&amp;nbsp;survey of income level and political affiliation resulted in the following data:&lt;/p&gt;  &lt;p&gt;&lt;br&gt;&lt;/p&gt;  &lt;table border="1" cellspacing="0" cellpadding="0" style="margin-left: .5in; border-collapse: collapse; border: none;"&gt;   &lt;tbody&gt;    &lt;tr&gt;     &lt;td width="87" valign="top" style="width: 65.15pt; border: solid windowtext 1.0pt; padding: 0in 5.4pt 0in 5.4pt;"&gt; &lt;p style="margin-bottom: .0001pt; line-height: normal;"&gt;&lt;b&gt;Income&lt;/b&gt;&lt;/p&gt; &lt;/td&gt;     &lt;td width="85" valign="top" style="width: 63.8pt; border: solid windowtext 1.0pt; border-left: none; padding: 0in 5.4pt 0in 5.4pt;"&gt; &lt;p style="margin-bottom: .0001pt; line-height: normal;"&gt;&lt;b&gt;Republican&lt;/b&gt;&lt;/p&gt; &lt;/td&gt;     &lt;td width="74" valign="top" style="width: 55.25pt; border: solid windowtext 1.0pt; border-left: none; padding: 0in 5.4pt 0in 5.4pt;"&gt; &lt;p style="margin-bottom: .0001pt; line-height: normal;"&gt;&lt;b&gt;Democrat&lt;/b&gt;&lt;/p&gt; &lt;/td&gt;     &lt;td width="91" valign="top" style="width: .95in; border: solid windowtext 1.0pt; border-left: none; padding: 0in 5.4pt 0in 5.4pt;"&gt; &lt;p style="margin-bottom: .0001pt; line-height: normal;"&gt;&lt;b&gt;Independent&lt;/b&gt;&lt;/p&gt; &lt;/td&gt;    &lt;/tr&gt;    &lt;tr&gt;     &lt;td width="87" valign="top" style="width: 65.15pt; border: solid windowtext 1.0pt; border-top: none; padding: 0in 5.4pt 0in 5.4pt;"&gt; &lt;p style="margin-bottom: .0001pt; line-height: normal;"&gt;&amp;gt;= 75000&lt;/p&gt; &lt;/td&gt;     &lt;td width="85" valign="top" style="width: 63.8pt; border-top: none; border-left: none; border-bottom: solid windowtext 1.0pt; border-right: solid windowtext 1.0pt; padding: 0in 5.4pt 0in 5.4pt;"&gt; &lt;p style="margin-bottom: .0001pt; line-height: normal;"&gt;33&lt;/p&gt; &lt;/td&gt;     &lt;td width="74" valign="top" style="width: 55.25pt; border-top: none; border-left: none; border-bottom: solid windowtext 1.0pt; border-right: solid windowtext 1.0pt; padding: 0in 5.4pt 0in 5.4pt;"&gt; &lt;p style="margin-bottom: .0001pt; line-height: normal;"&gt;31&lt;/p&gt; &lt;/td&gt;     &lt;td width="91" valign="top" style="width: .95in; border-top: none; border-left: none; border-bottom: solid windowtext 1.0pt; border-right: solid windowtext 1.0pt; padding: 0in 5.4pt 0in 5.4pt;"&gt; &lt;p style="margin-bottom: .0001pt; line-height: normal;"&gt;34&lt;/p&gt; &lt;/td&gt;    &lt;/tr&gt;    &lt;tr&gt;     &lt;td width="87" valign="top" style="width: 65.15pt; border: solid windowtext 1.0pt; border-top: none; padding: 0in 5.4pt 0in 5.4pt;"&gt; &lt;p style="margin-bottom: .0001pt; line-height: normal;"&gt;&amp;gt;= 30000&lt;/p&gt; &lt;/td&gt;     &lt;td width="85" valign="top" style="width: 63.8pt; border-top: none; border-left: none; border-bottom: solid windowtext 1.0pt; border-right: solid windowtext 1.0pt; padding: 0in 5.4pt 0in 5.4pt;"&gt; &lt;p style="margin-bottom: .0001pt; line-height: normal;"&gt;31&lt;/p&gt; &lt;/td&gt;     &lt;td width="74" valign="top" style="width: 55.25pt; border-top: none; border-left: none; border-bottom: solid windowtext 1.0pt; border-right: solid windowtext 1.0pt; padding: 0in 5.4pt 0in 5.4pt;"&gt; &lt;p style="margin-bottom: .0001pt; line-height: normal;"&gt;31&lt;/p&gt; &lt;/td&gt;     &lt;td width="91" valign="top" style="width: .95in; border-top: none; border-left: none; border-bottom: solid windowtext 1.0pt; border-right: solid windowtext 1.0pt; padding: 0in 5.4pt 0in 5.4pt;"&gt; &lt;p style="margin-bottom: .0001pt; line-height: normal;"&gt;34&lt;/p&gt; &lt;/td&gt;    &lt;/tr&gt;    &lt;tr&gt;     &lt;td width="87" valign="top" style="width: 65.15pt; border: solid windowtext 1.0pt; border-top: none; padding: 0in 5.4pt 0in 5.4pt;"&gt; &lt;p style="margin-bottom: .0001pt; line-height: normal;"&gt;&amp;lt; 30000&lt;/p&gt; &lt;/td&gt;     &lt;td width="85" valign="top" style="width: 63.8pt; border-top: none; border-left: none; border-bottom: solid windowtext 1.0pt; border-right: solid windowtext 1.0pt; padding: 0in 5.4pt 0in 5.4pt;"&gt; &lt;p style="margin-bottom: .0001pt; line-height: normal;"&gt;20&lt;/p&gt; &lt;/td&gt;     &lt;td width="74" valign="top" style="width: 55.25pt; border-top: none; border-left: none; border-bottom: solid windowtext 1.0pt; border-right: solid windowtext 1.0pt; padding: 0in 5.4pt 0in 5.4pt;"&gt; &lt;p style="margin-bottom: .0001pt; line-height: normal;"&gt;43&lt;/p&gt; &lt;/td&gt;     &lt;td width="91" valign="top" style="width: .95in; border-top: none; border-left: none; border-bottom: solid windowtext 1.0pt; border-right: solid windowtext 1.0pt; padding: 0in 5.4pt 0in 5.4pt;"&gt; &lt;p style="margin-bottom: .0001pt; line-height: normal;"&gt;34&lt;/p&gt; &lt;/td&gt;    &lt;/tr&gt;   &lt;/tbody&gt;  &lt;/table&gt;  &lt;p&gt;&lt;br&gt;&lt;/p&gt;  &lt;p&gt;Show the R command(s)&amp;nbsp;necessary to create the following matrix from this data:&lt;/p&gt;  &lt;p style="margin-bottom: 0.0001pt; margin-left: 30px;"&gt;&lt;strong&gt;&lt;span style="font-size: medium; font-family: 'courier new', courier; color: black; border: 1pt none windowtext; padding: 0in;"&gt;&amp;nbsp;&amp;nbsp;&amp;nbsp;&amp;nbsp;&amp;nbsp;&amp;nbsp; R&amp;nbsp; D&amp;nbsp; I&lt;/span&gt;&lt;/strong&gt;&lt;/p&gt;  &lt;p style="margin-bottom: 0.0001pt; margin-left: 30px;"&gt;&lt;strong&gt;&lt;span style="font-size: medium; font-family: 'courier new', courier; color: black; border: 1pt none windowtext; padding: 0in;"&gt;GT75K 33 31 34&lt;/span&gt;&lt;/strong&gt;&lt;/p&gt;  &lt;p style="margin-bottom: 0.0001pt; margin-left: 30px;"&gt;&lt;strong&gt;&lt;span style="font-size: medium; font-family: 'courier new', courier; color: black; border: 1pt none windowtext; padding: 0in;"&gt;GT30K 31 31 34&lt;/span&gt;&lt;/strong&gt;&lt;/p&gt;  &lt;p style="margin-left: 30px;"&gt;&lt;strong&gt;&lt;span style="font-size: medium; line-height: 107%; font-family: 'courier new', courier; color: black; border: 1pt none windowtext; padding: 0in;"&gt;OTHER 20 43 34&lt;/span&gt;&lt;/strong&gt;&lt;/p&gt;
&lt;/div&gt;</mattext>
          </material>
          <response_str ident="response1" rcardinality="Single">
            <render_fib>
              <response_label ident="answer1" rshuffle="No"/>
            </render_fib>
          </response_str>
        </presentation>
        <resprocessing>
          <outcomes>
            <decvar maxvalue="100" minvalue="0" varname="SCORE" vartype="Decimal"/>
          </outcomes>
          <respcondition continue="No">
            <conditionvar>
              <other/>
            </conditionvar>
          </respcondition>
        </resprocessing>
      </item>
      <item ident="g3c1178ae0f64f2aeca0fc08d96102bff" title="Question">
        <itemmetadata>
          <qtimetadata>
            <qtimetadatafield>
              <fieldlabel>question_type</fieldlabel>
              <fieldentry>essay_question</fieldentry>
            </qtimetadatafield>
            <qtimetadatafield>
              <fieldlabel>points_possible</fieldlabel>
              <fieldentry>40.0</fieldentry>
            </qtimetadatafield>
            <qtimetadatafield>
              <fieldlabel>original_answer_ids</fieldlabel>
              <fieldentry></fieldentry>
            </qtimetadatafield>
            <qtimetadatafield>
              <fieldlabel>assessment_question_identifierref</fieldlabel>
              <fieldentry>gf47b767d37e06559ff801f2d253307ba</fieldentry>
            </qtimetadatafield>
          </qtimetadata>
        </itemmetadata>
        <presentation>
          <material>
            <mattext texttype="text/html">&lt;div&gt;
&lt;p&gt;A fishing trip resulting in fish in the following quantities with the specified lengths being caught (inches)&lt;/p&gt;
&lt;table style="border-collapse: collapse; border: none;" border="1" cellspacing="0" cellpadding="0"&gt;
&lt;tbody&gt;
&lt;tr&gt;
&lt;td style="width: 53.75pt; border: solid windowtext 1.0pt; padding: 0in 5.4pt 0in 5.4pt;" valign="top" width="72"&gt;
&lt;p style="margin-bottom: .0001pt; line-height: normal;"&gt;&lt;strong&gt;Size&lt;/strong&gt;&lt;/p&gt;
&lt;/td&gt;
&lt;td style="width: 45.0pt; border: solid windowtext 1.0pt; border-left: none; padding: 0in 5.4pt 0in 5.4pt;" valign="top" width="60"&gt;
&lt;p style="margin-bottom: .0001pt; line-height: normal;"&gt;&lt;strong&gt;Qty&lt;/strong&gt;&lt;/p&gt;
&lt;/td&gt;
&lt;/tr&gt;
&lt;tr&gt;
&lt;td style="width: 53.75pt; border: solid windowtext 1.0pt; border-top: none; padding: 0in 5.4pt 0in 5.4pt;" valign="top" width="72"&gt;
&lt;p style="margin-bottom: .0001pt; line-height: normal;"&gt;5&lt;/p&gt;
&lt;/td&gt;
&lt;td style="width: 45.0pt; border-top: none; border-left: none; border-bottom: solid windowtext 1.0pt; border-right: solid windowtext 1.0pt; padding: 0in 5.4pt 0in 5.4pt;" valign="top" width="60"&gt;
&lt;p style="margin-bottom: .0001pt; line-height: normal;"&gt;1&lt;/p&gt;
&lt;/td&gt;
&lt;/tr&gt;
&lt;tr&gt;
&lt;td style="width: 53.75pt; border: solid windowtext 1.0pt; border-top: none; padding: 0in 5.4pt 0in 5.4pt;" valign="top" width="72"&gt;
&lt;p style="margin-bottom: .0001pt; line-height: normal;"&gt;6&lt;/p&gt;
&lt;/td&gt;
&lt;td style="width: 45.0pt; border-top: none; border-left: none; border-bottom: solid windowtext 1.0pt; border-right: solid windowtext 1.0pt; padding: 0in 5.4pt 0in 5.4pt;" valign="top" width="60"&gt;
&lt;p style="margin-bottom: .0001pt; line-height: normal;"&gt;2&lt;/p&gt;
&lt;/td&gt;
&lt;/tr&gt;
&lt;tr&gt;
&lt;td style="width: 53.75pt; border: solid windowtext 1.0pt; border-top: none; padding: 0in 5.4pt 0in 5.4pt;" valign="top" width="72"&gt;
&lt;p style="margin-bottom: .0001pt; line-height: normal;"&gt;7&lt;/p&gt;
&lt;/td&gt;
&lt;td style="width: 45.0pt; border-top: none; border-left: none; border-bottom: solid windowtext 1.0pt; border-right: solid windowtext 1.0pt; padding: 0in 5.4pt 0in 5.4pt;" valign="top" width="60"&gt;
&lt;p style="margin-bottom: .0001pt; line-height: normal;"&gt;1&lt;/p&gt;
&lt;/td&gt;
&lt;/tr&gt;
&lt;tr&gt;
&lt;td style="width: 53.75pt; border: solid windowtext 1.0pt; border-top: none; padding: 0in 5.4pt 0in 5.4pt;" valign="top" width="72"&gt;
&lt;p style="margin-bottom: .0001pt; line-height: normal;"&gt;8&lt;/p&gt;
&lt;/td&gt;
&lt;td style="width: 45.0pt; border-top: none; border-left: none; border-bottom: solid windowtext 1.0pt; border-right: solid windowtext 1.0pt; padding: 0in 5.4pt 0in 5.4pt;" valign="top" width="60"&gt;
&lt;p style="margin-bottom: .0001pt; line-height: normal;"&gt;3&lt;/p&gt;
&lt;/td&gt;
&lt;/tr&gt;
&lt;tr&gt;
&lt;td style="width: 53.75pt; border: solid windowtext 1.0pt; border-top: none; padding: 0in 5.4pt 0in 5.4pt;" valign="top" width="72"&gt;
&lt;p style="margin-bottom: .0001pt; line-height: normal;"&gt;9.5&lt;/p&gt;
&lt;/td&gt;
&lt;td style="width: 45.0pt; border-top: none; border-left: none; border-bottom: solid windowtext 1.0pt; border-right: solid windowtext 1.0pt; padding: 0in 5.4pt 0in 5.4pt;" valign="top" width="60"&gt;
&lt;p style="margin-bottom: .0001pt; line-height: normal;"&gt;1&lt;/p&gt;
&lt;/td&gt;
&lt;/tr&gt;
&lt;tr&gt;
&lt;td style="width: 53.75pt; border: solid windowtext 1.0pt; border-top: none; padding: 0in 5.4pt 0in 5.4pt;" valign="top" width="72"&gt;
&lt;p style="margin-bottom: .0001pt; line-height: normal;"&gt;10&lt;/p&gt;
&lt;/td&gt;
&lt;td style="width: 45.0pt; border-top: none; border-left: none; border-bottom: solid windowtext 1.0pt; border-right: solid windowtext 1.0pt; padding: 0in 5.4pt 0in 5.4pt;" valign="top" width="60"&gt;
&lt;p style="margin-bottom: .0001pt; line-height: normal;"&gt;1&lt;/p&gt;
&lt;/td&gt;
&lt;/tr&gt;
&lt;tr&gt;
&lt;td style="width: 53.75pt; border: solid windowtext 1.0pt; border-top: none; padding: 0in 5.4pt 0in 5.4pt;" valign="top" width="72"&gt;
&lt;p style="margin-bottom: .0001pt; line-height: normal;"&gt;11&lt;/p&gt;
&lt;/td&gt;
&lt;td style="width: 45.0pt; border-top: none; border-left: none; border-bottom: solid windowtext 1.0pt; border-right: solid windowtext 1.0pt; padding: 0in 5.4pt 0in 5.4pt;" valign="top" width="60"&gt;
&lt;p style="margin-bottom: .0001pt; line-height: normal;"&gt;1&lt;/p&gt;
&lt;/td&gt;
&lt;/tr&gt;
&lt;tr&gt;
&lt;td style="width: 53.75pt; border: solid windowtext 1.0pt; border-top: none; padding: 0in 5.4pt 0in 5.4pt;" valign="top" width="72"&gt;
&lt;p style="margin-bottom: .0001pt; line-height: normal;"&gt;18&lt;/p&gt;
&lt;/td&gt;
&lt;td style="width: 45.0pt; border-top: none; border-left: none; border-bottom: solid windowtext 1.0pt; border-right: solid windowtext 1.0pt; padding: 0in 5.4pt 0in 5.4pt;" valign="top" width="60"&gt;
&lt;p style="margin-bottom: .0001pt; line-height: normal;"&gt;1&lt;/p&gt;
&lt;/td&gt;
&lt;/tr&gt;
&lt;/tbody&gt;
&lt;/table&gt;
&lt;p&gt;&amp;nbsp;&lt;/p&gt;
&lt;p&gt;Show the R statements required to create a data frame containing this data with the column names as shown.&lt;/p&gt;
&lt;p&gt;Then add the following data as a column to your data frame with the column name "Wt".&lt;/p&gt;
&lt;p&gt;&lt;img src="https://fscj.instructure.com/assessment_questions/3410763/files/1456033/download?verifier=77KMG6HOWkQyiEwS3K9L3cdkUR6tPShzPrJerwdR" width="77" height="173"&gt;&lt;/p&gt;
&lt;p&gt;Your data frame should appear as shown here when complete:&lt;/p&gt;
&lt;p style="margin-bottom: .0001pt; line-height: normal;"&gt;&lt;strong&gt;&lt;span style="font-size: 10.0pt; font-family: 'Lucida Console'; color: black; border: none windowtext 1.0pt; padding: 0in;"&gt;&amp;nbsp; Size Qty&amp;nbsp;&amp;nbsp; Wt&lt;br&gt;&lt;/span&gt;&lt;/strong&gt;&lt;strong&gt;&lt;span style="font-size: 10.0pt; font-family: 'Lucida Console'; color: black; border: none windowtext 1.0pt; padding: 0in;"&gt;1&amp;nbsp; 5.0&amp;nbsp;&amp;nbsp; 1&amp;nbsp; 2.0&lt;br&gt;&lt;/span&gt;&lt;/strong&gt;&lt;strong&gt;&lt;span style="font-size: 10.0pt; font-family: 'Lucida Console'; color: black; border: none windowtext 1.0pt; padding: 0in;"&gt;2&amp;nbsp; 6.0&amp;nbsp;&amp;nbsp; 2&amp;nbsp; 3.0&lt;br&gt;&lt;/span&gt;&lt;/strong&gt;&lt;strong&gt;&lt;span style="font-size: 10.0pt; font-family: 'Lucida Console'; color: black; border: none windowtext 1.0pt; padding: 0in;"&gt;3&amp;nbsp; 7.0&amp;nbsp;&amp;nbsp; 1&amp;nbsp; 3.0&lt;br&gt;&lt;/span&gt;&lt;/strong&gt;&lt;strong&gt;&lt;span style="font-size: 10.0pt; font-family: 'Lucida Console'; color: black; border: none windowtext 1.0pt; padding: 0in;"&gt;4&amp;nbsp; 8.0&amp;nbsp;&amp;nbsp; 3&amp;nbsp; 4.5&lt;br&gt;&lt;/span&gt;&lt;/strong&gt;&lt;strong&gt;&lt;span style="font-size: 10.0pt; font-family: 'Lucida Console'; color: black; border: none windowtext 1.0pt; padding: 0in;"&gt;5&amp;nbsp; 9.5&amp;nbsp;&amp;nbsp; 1&amp;nbsp; 4.0&lt;br&gt;&lt;/span&gt;&lt;/strong&gt;&lt;strong&gt;&lt;span style="font-size: 10.0pt; font-family: 'Lucida Console'; color: black; border: none windowtext 1.0pt; padding: 0in;"&gt;6 10.0&amp;nbsp;&amp;nbsp; 1&amp;nbsp; 6.1&lt;br&gt;&lt;/span&gt;&lt;/strong&gt;&lt;strong&gt;&lt;span style="font-size: 10.0pt; font-family: 'Lucida Console'; color: black; border: none windowtext 1.0pt; padding: 0in;"&gt;7 11.0&amp;nbsp;&amp;nbsp; 1&amp;nbsp; 7.2&lt;br&gt;&lt;/span&gt;&lt;/strong&gt;&lt;strong&gt;&lt;span style="font-size: 10.0pt; font-family: 'Lucida Console'; color: black; border: none windowtext 1.0pt; padding: 0in;"&gt;8 18.0&amp;nbsp;&amp;nbsp; 1 12.0&lt;/span&gt;&lt;/strong&gt;&lt;/p&gt;
&lt;/div&gt;</mattext>
          </material>
          <response_str ident="response1" rcardinality="Single">
            <render_fib>
              <response_label ident="answer1" rshuffle="No"/>
            </render_fib>
          </response_str>
        </presentation>
        <resprocessing>
          <outcomes>
            <decvar maxvalue="100" minvalue="0" varname="SCORE" vartype="Decimal"/>
          </outcomes>
          <respcondition continue="No">
            <conditionvar>
              <other/>
            </conditionvar>
          </respcondition>
        </resprocessing>
      </item>
      <item ident="g373725fe7be32f7c9f1d329a16a7cf24" title="Question">
        <itemmetadata>
          <qtimetadata>
            <qtimetadatafield>
              <fieldlabel>question_type</fieldlabel>
              <fieldentry>essay_question</fieldentry>
            </qtimetadatafield>
            <qtimetadatafield>
              <fieldlabel>points_possible</fieldlabel>
              <fieldentry>40.0</fieldentry>
            </qtimetadatafield>
            <qtimetadatafield>
              <fieldlabel>original_answer_ids</fieldlabel>
              <fieldentry></fieldentry>
            </qtimetadatafield>
            <qtimetadatafield>
              <fieldlabel>assessment_question_identifierref</fieldlabel>
              <fieldentry>gf47b767d37e06559ff801f2d253307ba</fieldentry>
            </qtimetadatafield>
          </qtimetadata>
        </itemmetadata>
        <presentation>
          <material>
            <mattext texttype="text/html">&lt;div&gt;
&lt;p&gt;Use the &lt;span style="text-decoration: underline;"&gt;plot&lt;/span&gt; function to plot Size vs. Qty as points using the&lt;strong&gt; final data frame&lt;/strong&gt; created in the previous problem (hint: one way to include specific columns is to specify them as comma separated arguments to the plot command). Plot the points using diamond shaped points (code 18), point scaling factor of 2, color &lt;strong&gt;sienna &lt;/strong&gt;with a plotting area of 0 to 20 for both the X and Y axes. Label the x-axis as SIZE and the y-axis as QUANTITY.&lt;/p&gt;
&lt;p&gt;Then use the &lt;span style="text-decoration: underline;"&gt;points&lt;/span&gt; function to add the Wt column to your chart, using an upper case W for the point type, with color &lt;strong&gt;red&lt;/strong&gt;.&lt;/p&gt;
&lt;p&gt;Your final plot should look similar to the following:&lt;/p&gt;
&lt;p&gt;&lt;img src="$IMS-CC-FILEBASE$/Quiz%20Files/COP2073C-Midterm-Spring2020-PlotImage.JPG" alt="COP2073C-Midterm-Spring2020-PlotImage.JPG" width="419" height="181"&gt;&lt;/p&gt;
&lt;p&gt;&amp;nbsp;&lt;/p&gt;
&lt;/div&gt;</mattext>
          </material>
          <response_str ident="response1" rcardinality="Single">
            <render_fib>
              <response_label ident="answer1" rshuffle="No"/>
            </render_fib>
          </response_str>
        </presentation>
        <resprocessing>
          <outcomes>
            <decvar maxvalue="100" minvalue="0" varname="SCORE" vartype="Decimal"/>
          </outcomes>
          <respcondition continue="No">
            <conditionvar>
              <other/>
            </conditionvar>
          </respcondition>
        </resprocessing>
      </item>
    </section>
  </assessment>
</questestinterop>
