<?xml version="1.0" encoding="UTF-8"?>
<questestinterop xmlns="http://www.imsglobal.org/xsd/ims_qtiasiv1p2" xmlns:xsi="http://www.w3.org/2001/XMLSchema-instance" xsi:schemaLocation="http://www.imsglobal.org/xsd/ims_qtiasiv1p2 http://www.imsglobal.org/xsd/ims_qtiasiv1p2p1.xsd">
  <assessment ident="gcfd425ac40a9317e2ebdca5da38591b7" title="Review Quiz 12">
    <qtimetadata>
      <qtimetadatafield>
        <fieldlabel>cc_maxattempts</fieldlabel>
        <fieldentry>unlimited</fieldentry>
      </qtimetadatafield>
    </qtimetadata>
    <section ident="root_section">
      <item ident="ga1dc24db5260e3bdc95b6a825e69e27f" title="Question">
        <itemmetadata>
          <qtimetadata>
            <qtimetadatafield>
              <fieldlabel>question_type</fieldlabel>
              <fieldentry>multiple_choice_question</fieldentry>
            </qtimetadatafield>
            <qtimetadatafield>
              <fieldlabel>points_possible</fieldlabel>
              <fieldentry>2.0</fieldentry>
            </qtimetadatafield>
            <qtimetadatafield>
              <fieldlabel>original_answer_ids</fieldlabel>
              <fieldentry>4189,9596,7417,6658</fieldentry>
            </qtimetadatafield>
            <qtimetadatafield>
              <fieldlabel>assessment_question_identifierref</fieldlabel>
              <fieldentry>gf47b767d37e06559ff801f2d253307ba</fieldentry>
            </qtimetadatafield>
          </qtimetadata>
        </itemmetadata>
        <presentation>
          <material>
            <mattext texttype="text/html">&lt;div&gt;In EDA,&amp;nbsp;a(n)&amp;nbsp;_______,&amp;nbsp;or case,&amp;nbsp;is a set of measurements made under&amp;nbsp;similar conditions.&lt;/div&gt;</mattext>
          </material>
          <response_lid ident="response1" rcardinality="Single">
            <render_choice>
              <response_label ident="4189">
                <material>
                  <mattext texttype="text/plain">observation</mattext>
                </material>
              </response_label>
              <response_label ident="9596">
                <material>
                  <mattext texttype="text/plain">deduction</mattext>
                </material>
              </response_label>
              <response_label ident="7417">
                <material>
                  <mattext texttype="text/plain">interpretation</mattext>
                </material>
              </response_label>
              <response_label ident="6658">
                <material>
                  <mattext texttype="text/plain">intuition</mattext>
                </material>
              </response_label>
            </render_choice>
          </response_lid>
        </presentation>
        <resprocessing>
          <outcomes>
            <decvar maxvalue="100" minvalue="0" varname="SCORE" vartype="Decimal"/>
          </outcomes>
          <respcondition continue="No">
            <conditionvar>
              <varequal respident="response1">4189</varequal>
            </conditionvar>
            <setvar action="Set" varname="SCORE">100</setvar>
          </respcondition>
        </resprocessing>
      </item>
      <item ident="g3af435b358f39077ed4a5121b645914a" title="Question">
        <itemmetadata>
          <qtimetadata>
            <qtimetadatafield>
              <fieldlabel>question_type</fieldlabel>
              <fieldentry>multiple_choice_question</fieldentry>
            </qtimetadatafield>
            <qtimetadatafield>
              <fieldlabel>points_possible</fieldlabel>
              <fieldentry>2.0</fieldentry>
            </qtimetadatafield>
            <qtimetadatafield>
              <fieldlabel>original_answer_ids</fieldlabel>
              <fieldentry>98373,68769,80611,75458</fieldentry>
            </qtimetadatafield>
            <qtimetadatafield>
              <fieldlabel>assessment_question_identifierref</fieldlabel>
              <fieldentry>gf47b767d37e06559ff801f2d253307ba</fieldentry>
            </qtimetadatafield>
          </qtimetadata>
        </itemmetadata>
        <presentation>
          <material>
            <mattext texttype="text/html">&lt;div&gt;Which of the following &lt;span style="text-decoration: underline;"&gt;&lt;strong&gt;is not&lt;/strong&gt;&lt;/span&gt; an action taken when using EDA to answer questions about data?&lt;/div&gt;</mattext>
          </material>
          <response_lid ident="response1" rcardinality="Single">
            <render_choice>
              <response_label ident="98373">
                <material>
                  <mattext texttype="text/plain">disperse</mattext>
                </material>
              </response_label>
              <response_label ident="68769">
                <material>
                  <mattext texttype="text/plain">visualize</mattext>
                </material>
              </response_label>
              <response_label ident="80611">
                <material>
                  <mattext texttype="text/plain">transform</mattext>
                </material>
              </response_label>
              <response_label ident="75458">
                <material>
                  <mattext texttype="text/plain">model</mattext>
                </material>
              </response_label>
            </render_choice>
          </response_lid>
        </presentation>
        <resprocessing>
          <outcomes>
            <decvar maxvalue="100" minvalue="0" varname="SCORE" vartype="Decimal"/>
          </outcomes>
          <respcondition continue="No">
            <conditionvar>
              <varequal respident="response1">98373</varequal>
            </conditionvar>
            <setvar action="Set" varname="SCORE">100</setvar>
          </respcondition>
        </resprocessing>
      </item>
      <item ident="gbb69a8709e83772214efc70df732a9b1" title="Question">
        <itemmetadata>
          <qtimetadata>
            <qtimetadatafield>
              <fieldlabel>question_type</fieldlabel>
              <fieldentry>multiple_choice_question</fieldentry>
            </qtimetadatafield>
            <qtimetadatafield>
              <fieldlabel>points_possible</fieldlabel>
              <fieldentry>2.0</fieldentry>
            </qtimetadatafield>
            <qtimetadatafield>
              <fieldlabel>original_answer_ids</fieldlabel>
              <fieldentry>68987,4888,12099,9714</fieldentry>
            </qtimetadatafield>
            <qtimetadatafield>
              <fieldlabel>assessment_question_identifierref</fieldlabel>
              <fieldentry>gf47b767d37e06559ff801f2d253307ba</fieldentry>
            </qtimetadatafield>
          </qtimetadata>
        </itemmetadata>
        <presentation>
          <material>
            <mattext texttype="text/html">&lt;div&gt;________ is the tendency of the values of a variable to change from measurement to measurement&lt;/div&gt;</mattext>
          </material>
          <response_lid ident="response1" rcardinality="Single">
            <render_choice>
              <response_label ident="68987">
                <material>
                  <mattext texttype="text/plain">Variation</mattext>
                </material>
              </response_label>
              <response_label ident="4888">
                <material>
                  <mattext texttype="text/plain">Deviation</mattext>
                </material>
              </response_label>
              <response_label ident="12099">
                <material>
                  <mattext texttype="text/plain">Convergence</mattext>
                </material>
              </response_label>
              <response_label ident="9714">
                <material>
                  <mattext texttype="text/plain">Divergence</mattext>
                </material>
              </response_label>
            </render_choice>
          </response_lid>
        </presentation>
        <resprocessing>
          <outcomes>
            <decvar maxvalue="100" minvalue="0" varname="SCORE" vartype="Decimal"/>
          </outcomes>
          <respcondition continue="No">
            <conditionvar>
              <varequal respident="response1">68987</varequal>
            </conditionvar>
            <setvar action="Set" varname="SCORE">100</setvar>
          </respcondition>
        </resprocessing>
      </item>
      <item ident="g6455f2082f86592ce8e3a6f00cf13b80" title="Question">
        <itemmetadata>
          <qtimetadata>
            <qtimetadatafield>
              <fieldlabel>question_type</fieldlabel>
              <fieldentry>multiple_choice_question</fieldentry>
            </qtimetadatafield>
            <qtimetadatafield>
              <fieldlabel>points_possible</fieldlabel>
              <fieldentry>2.0</fieldentry>
            </qtimetadatafield>
            <qtimetadatafield>
              <fieldlabel>original_answer_ids</fieldlabel>
              <fieldentry>65319,61932,8694,50754</fieldentry>
            </qtimetadatafield>
            <qtimetadatafield>
              <fieldlabel>assessment_question_identifierref</fieldlabel>
              <fieldentry>gf47b767d37e06559ff801f2d253307ba</fieldentry>
            </qtimetadatafield>
          </qtimetadata>
        </itemmetadata>
        <presentation>
          <material>
            <mattext texttype="text/html">&lt;div&gt;A variable is ________ if it can only take one of a small set of values.&lt;/div&gt;</mattext>
          </material>
          <response_lid ident="response1" rcardinality="Single">
            <render_choice>
              <response_label ident="65319">
                <material>
                  <mattext texttype="text/plain">categorical</mattext>
                </material>
              </response_label>
              <response_label ident="61932">
                <material>
                  <mattext texttype="text/plain">continuous</mattext>
                </material>
              </response_label>
              <response_label ident="8694">
                <material>
                  <mattext texttype="text/plain">discrete</mattext>
                </material>
              </response_label>
              <response_label ident="50754">
                <material>
                  <mattext texttype="text/plain">ambiguous</mattext>
                </material>
              </response_label>
            </render_choice>
          </response_lid>
        </presentation>
        <resprocessing>
          <outcomes>
            <decvar maxvalue="100" minvalue="0" varname="SCORE" vartype="Decimal"/>
          </outcomes>
          <respcondition continue="No">
            <conditionvar>
              <varequal respident="response1">65319</varequal>
            </conditionvar>
            <setvar action="Set" varname="SCORE">100</setvar>
          </respcondition>
        </resprocessing>
      </item>
      <item ident="g8c4e08a05009ba0d80bf6ebb7a9eabc8" title="Question">
        <itemmetadata>
          <qtimetadata>
            <qtimetadatafield>
              <fieldlabel>question_type</fieldlabel>
              <fieldentry>multiple_choice_question</fieldentry>
            </qtimetadatafield>
            <qtimetadatafield>
              <fieldlabel>points_possible</fieldlabel>
              <fieldentry>2.0</fieldentry>
            </qtimetadatafield>
            <qtimetadatafield>
              <fieldlabel>original_answer_ids</fieldlabel>
              <fieldentry>47845,45939,42870,48035</fieldentry>
            </qtimetadatafield>
            <qtimetadatafield>
              <fieldlabel>assessment_question_identifierref</fieldlabel>
              <fieldentry>gf47b767d37e06559ff801f2d253307ba</fieldentry>
            </qtimetadatafield>
          </qtimetadata>
        </itemmetadata>
        <presentation>
          <material>
            <mattext texttype="text/html">&lt;div&gt;To examine the distribution of a single categorical variable,&amp;nbsp;use a ________.&lt;/div&gt;</mattext>
          </material>
          <response_lid ident="response1" rcardinality="Single">
            <render_choice>
              <response_label ident="47845">
                <material>
                  <mattext texttype="text/plain">bar chart</mattext>
                </material>
              </response_label>
              <response_label ident="45939">
                <material>
                  <mattext texttype="text/plain">line chart</mattext>
                </material>
              </response_label>
              <response_label ident="42870">
                <material>
                  <mattext texttype="text/plain">scatter plot</mattext>
                </material>
              </response_label>
              <response_label ident="48035">
                <material>
                  <mattext texttype="text/plain">histogram</mattext>
                </material>
              </response_label>
            </render_choice>
          </response_lid>
        </presentation>
        <resprocessing>
          <outcomes>
            <decvar maxvalue="100" minvalue="0" varname="SCORE" vartype="Decimal"/>
          </outcomes>
          <respcondition continue="No">
            <conditionvar>
              <varequal respident="response1">47845</varequal>
            </conditionvar>
            <setvar action="Set" varname="SCORE">100</setvar>
          </respcondition>
        </resprocessing>
      </item>
      <item ident="ge87db27eb0dea25377061ec828effab4" title="Question">
        <itemmetadata>
          <qtimetadata>
            <qtimetadatafield>
              <fieldlabel>question_type</fieldlabel>
              <fieldentry>multiple_choice_question</fieldentry>
            </qtimetadatafield>
            <qtimetadatafield>
              <fieldlabel>points_possible</fieldlabel>
              <fieldentry>2.0</fieldentry>
            </qtimetadatafield>
            <qtimetadatafield>
              <fieldlabel>original_answer_ids</fieldlabel>
              <fieldentry>72254,54567,19087,21497</fieldentry>
            </qtimetadatafield>
            <qtimetadatafield>
              <fieldlabel>assessment_question_identifierref</fieldlabel>
              <fieldentry>gf47b767d37e06559ff801f2d253307ba</fieldentry>
            </qtimetadatafield>
          </qtimetadata>
        </itemmetadata>
        <presentation>
          <material>
            <mattext texttype="text/html">&lt;div&gt;A variable is ________ if it can take any of an infinite set of ordered values.&lt;/div&gt;</mattext>
          </material>
          <response_lid ident="response1" rcardinality="Single">
            <render_choice>
              <response_label ident="72254">
                <material>
                  <mattext texttype="text/plain">continuous</mattext>
                </material>
              </response_label>
              <response_label ident="54567">
                <material>
                  <mattext texttype="text/plain">categorical</mattext>
                </material>
              </response_label>
              <response_label ident="19087">
                <material>
                  <mattext texttype="text/plain">discrete</mattext>
                </material>
              </response_label>
              <response_label ident="21497">
                <material>
                  <mattext texttype="text/plain">divergent</mattext>
                </material>
              </response_label>
            </render_choice>
          </response_lid>
        </presentation>
        <resprocessing>
          <outcomes>
            <decvar maxvalue="100" minvalue="0" varname="SCORE" vartype="Decimal"/>
          </outcomes>
          <respcondition continue="No">
            <conditionvar>
              <varequal respident="response1">72254</varequal>
            </conditionvar>
            <setvar action="Set" varname="SCORE">100</setvar>
          </respcondition>
        </resprocessing>
      </item>
      <item ident="ge50aed73a60a2fc381defc57b99e0446" title="Question">
        <itemmetadata>
          <qtimetadata>
            <qtimetadatafield>
              <fieldlabel>question_type</fieldlabel>
              <fieldentry>multiple_choice_question</fieldentry>
            </qtimetadatafield>
            <qtimetadatafield>
              <fieldlabel>points_possible</fieldlabel>
              <fieldentry>2.0</fieldentry>
            </qtimetadatafield>
            <qtimetadatafield>
              <fieldlabel>original_answer_ids</fieldlabel>
              <fieldentry>28143,14135,7266,78757</fieldentry>
            </qtimetadatafield>
            <qtimetadatafield>
              <fieldlabel>assessment_question_identifierref</fieldlabel>
              <fieldentry>gf47b767d37e06559ff801f2d253307ba</fieldentry>
            </qtimetadatafield>
          </qtimetadata>
        </itemmetadata>
        <presentation>
          <material>
            <mattext texttype="text/html">&lt;div&gt;To examine the distribution of a continuous variable, use a ______.&lt;/div&gt;</mattext>
          </material>
          <response_lid ident="response1" rcardinality="Single">
            <render_choice>
              <response_label ident="28143">
                <material>
                  <mattext texttype="text/plain">histogram</mattext>
                </material>
              </response_label>
              <response_label ident="14135">
                <material>
                  <mattext texttype="text/plain">line chart</mattext>
                </material>
              </response_label>
              <response_label ident="7266">
                <material>
                  <mattext texttype="text/plain">scatter plot</mattext>
                </material>
              </response_label>
              <response_label ident="78757">
                <material>
                  <mattext texttype="text/plain">bar chart</mattext>
                </material>
              </response_label>
            </render_choice>
          </response_lid>
        </presentation>
        <resprocessing>
          <outcomes>
            <decvar maxvalue="100" minvalue="0" varname="SCORE" vartype="Decimal"/>
          </outcomes>
          <respcondition continue="No">
            <conditionvar>
              <varequal respident="response1">28143</varequal>
            </conditionvar>
            <setvar action="Set" varname="SCORE">100</setvar>
          </respcondition>
        </resprocessing>
      </item>
      <item ident="gedca3f5563472883b4ac5c12e67bc793" title="Question">
        <itemmetadata>
          <qtimetadata>
            <qtimetadatafield>
              <fieldlabel>question_type</fieldlabel>
              <fieldentry>multiple_choice_question</fieldentry>
            </qtimetadatafield>
            <qtimetadatafield>
              <fieldlabel>points_possible</fieldlabel>
              <fieldentry>2.0</fieldentry>
            </qtimetadatafield>
            <qtimetadatafield>
              <fieldlabel>original_answer_ids</fieldlabel>
              <fieldentry>39797,29796,38966,38115</fieldentry>
            </qtimetadatafield>
            <qtimetadatafield>
              <fieldlabel>assessment_question_identifierref</fieldlabel>
              <fieldentry>gf47b767d37e06559ff801f2d253307ba</fieldentry>
            </qtimetadatafield>
          </qtimetadata>
        </itemmetadata>
        <presentation>
          <material>
            <mattext texttype="text/html">&lt;div&gt;________ are data points that don’t seem to fit a pattern.&lt;/div&gt;</mattext>
          </material>
          <response_lid ident="response1" rcardinality="Single">
            <render_choice>
              <response_label ident="39797">
                <material>
                  <mattext texttype="text/plain">Outliers</mattext>
                </material>
              </response_label>
              <response_label ident="29796">
                <material>
                  <mattext texttype="text/plain">Exceptions</mattext>
                </material>
              </response_label>
              <response_label ident="38966">
                <material>
                  <mattext texttype="text/plain">Singletons</mattext>
                </material>
              </response_label>
              <response_label ident="38115">
                <material>
                  <mattext texttype="text/plain">Isolaters</mattext>
                </material>
              </response_label>
            </render_choice>
          </response_lid>
        </presentation>
        <resprocessing>
          <outcomes>
            <decvar maxvalue="100" minvalue="0" varname="SCORE" vartype="Decimal"/>
          </outcomes>
          <respcondition continue="No">
            <conditionvar>
              <varequal respident="response1">39797</varequal>
            </conditionvar>
            <setvar action="Set" varname="SCORE">100</setvar>
          </respcondition>
        </resprocessing>
      </item>
      <item ident="ge3e84849a8bac1dc9165634e9563846a" title="Question">
        <itemmetadata>
          <qtimetadata>
            <qtimetadatafield>
              <fieldlabel>question_type</fieldlabel>
              <fieldentry>multiple_choice_question</fieldentry>
            </qtimetadatafield>
            <qtimetadatafield>
              <fieldlabel>points_possible</fieldlabel>
              <fieldentry>2.0</fieldentry>
            </qtimetadatafield>
            <qtimetadatafield>
              <fieldlabel>original_answer_ids</fieldlabel>
              <fieldentry>98784,64605,18698,23957</fieldentry>
            </qtimetadatafield>
            <qtimetadatafield>
              <fieldlabel>assessment_question_identifierref</fieldlabel>
              <fieldentry>gf47b767d37e06559ff801f2d253307ba</fieldentry>
            </qtimetadatafield>
          </qtimetadata>
        </itemmetadata>
        <presentation>
          <material>
            <mattext texttype="text/html">&lt;div&gt;________&amp;nbsp;is the tendency for the values of two or more variables to vary together in a related way.&lt;/div&gt;</mattext>
          </material>
          <response_lid ident="response1" rcardinality="Single">
            <render_choice>
              <response_label ident="98784">
                <material>
                  <mattext texttype="text/plain">Covariation</mattext>
                </material>
              </response_label>
              <response_label ident="64605">
                <material>
                  <mattext texttype="text/plain">Correlation</mattext>
                </material>
              </response_label>
              <response_label ident="18698">
                <material>
                  <mattext texttype="text/plain">Dependence</mattext>
                </material>
              </response_label>
              <response_label ident="23957">
                <material>
                  <mattext texttype="text/plain">Commonality</mattext>
                </material>
              </response_label>
            </render_choice>
          </response_lid>
        </presentation>
        <resprocessing>
          <outcomes>
            <decvar maxvalue="100" minvalue="0" varname="SCORE" vartype="Decimal"/>
          </outcomes>
          <respcondition continue="No">
            <conditionvar>
              <varequal respident="response1">98784</varequal>
            </conditionvar>
            <setvar action="Set" varname="SCORE">100</setvar>
          </respcondition>
        </resprocessing>
      </item>
      <item ident="gfe12f88514a409a5f8f8706c940bf9c3" title="Question">
        <itemmetadata>
          <qtimetadata>
            <qtimetadatafield>
              <fieldlabel>question_type</fieldlabel>
              <fieldentry>multiple_choice_question</fieldentry>
            </qtimetadatafield>
            <qtimetadatafield>
              <fieldlabel>points_possible</fieldlabel>
              <fieldentry>2.0</fieldentry>
            </qtimetadatafield>
            <qtimetadatafield>
              <fieldlabel>original_answer_ids</fieldlabel>
              <fieldentry>98452,50801,91448,33253</fieldentry>
            </qtimetadatafield>
            <qtimetadatafield>
              <fieldlabel>assessment_question_identifierref</fieldlabel>
              <fieldentry>gf47b767d37e06559ff801f2d253307ba</fieldentry>
            </qtimetadatafield>
          </qtimetadata>
        </itemmetadata>
        <presentation>
          <material>
            <mattext texttype="text/html">&lt;div&gt;To display the distribution of a continuous variable broken down by a categorical variable use a ________.&lt;/div&gt;</mattext>
          </material>
          <response_lid ident="response1" rcardinality="Single">
            <render_choice>
              <response_label ident="98452">
                <material>
                  <mattext texttype="text/plain">boxplot</mattext>
                </material>
              </response_label>
              <response_label ident="50801">
                <material>
                  <mattext texttype="text/plain">histogram</mattext>
                </material>
              </response_label>
              <response_label ident="91448">
                <material>
                  <mattext texttype="text/plain">scatter plot</mattext>
                </material>
              </response_label>
              <response_label ident="33253">
                <material>
                  <mattext texttype="text/plain">bar chart</mattext>
                </material>
              </response_label>
            </render_choice>
          </response_lid>
        </presentation>
        <resprocessing>
          <outcomes>
            <decvar maxvalue="100" minvalue="0" varname="SCORE" vartype="Decimal"/>
          </outcomes>
          <respcondition continue="No">
            <conditionvar>
              <varequal respident="response1">98452</varequal>
            </conditionvar>
            <setvar action="Set" varname="SCORE">100</setvar>
          </respcondition>
        </resprocessing>
      </item>
    </section>
  </assessment>
</questestinterop>
