<?xml version="1.0" encoding="UTF-8"?>
<questestinterop xmlns="http://www.imsglobal.org/xsd/ims_qtiasiv1p2" xmlns:xsi="http://www.w3.org/2001/XMLSchema-instance" xsi:schemaLocation="http://www.imsglobal.org/xsd/ims_qtiasiv1p2 http://www.imsglobal.org/xsd/ims_qtiasiv1p2p1.xsd">
  <assessment ident="gd693cb5c91b25bfbb267d579b8ea471d" title="Review Quiz 6">
    <qtimetadata>
      <qtimetadatafield>
        <fieldlabel>cc_maxattempts</fieldlabel>
        <fieldentry>unlimited</fieldentry>
      </qtimetadatafield>
    </qtimetadata>
    <section ident="root_section">
      <item ident="gce959283f450c6c937e42d2071a739bf" title="Question">
        <itemmetadata>
          <qtimetadata>
            <qtimetadatafield>
              <fieldlabel>question_type</fieldlabel>
              <fieldentry>multiple_choice_question</fieldentry>
            </qtimetadatafield>
            <qtimetadatafield>
              <fieldlabel>points_possible</fieldlabel>
              <fieldentry>1.5</fieldentry>
            </qtimetadatafield>
            <qtimetadatafield>
              <fieldlabel>original_answer_ids</fieldlabel>
              <fieldentry>3363,8356,5267,3828</fieldentry>
            </qtimetadatafield>
            <qtimetadatafield>
              <fieldlabel>assessment_question_identifierref</fieldlabel>
              <fieldentry>gf47b767d37e06559ff801f2d253307ba</fieldentry>
            </qtimetadatafield>
          </qtimetadata>
        </itemmetadata>
        <presentation>
          <material>
            <mattext texttype="text/html">&lt;div&gt;
&lt;p&gt;The description of the any() function is as follows:&lt;/p&gt;
&lt;p&gt;&amp;nbsp; &amp;nbsp; For a set of logical vectors, is at least one of the values true?&lt;/p&gt;
&lt;p&gt;What is the expected output of the following code snippet?&lt;/p&gt;
&lt;p style="padding-left: 40px;"&gt;&lt;strong&gt;x &amp;lt;- seq(1:3)&lt;/strong&gt;&lt;br&gt;&lt;strong&gt;xl &amp;lt;- (x - 1) &amp;gt;= 1&lt;/strong&gt;&lt;br&gt;&lt;strong&gt;if (any(xl)) {&lt;/strong&gt;&lt;br&gt;&lt;strong&gt;&amp;nbsp; &amp;nbsp; &amp;nbsp; &amp;nbsp; cat("True\n")&lt;/strong&gt;&lt;br&gt;&lt;strong&gt;}&lt;/strong&gt;&lt;/p&gt;
&lt;/div&gt;</mattext>
          </material>
          <response_lid ident="response1" rcardinality="Single">
            <render_choice>
              <response_label ident="3363">
                <material>
                  <mattext texttype="text/plain">True</mattext>
                </material>
              </response_label>
              <response_label ident="8356">
                <material>
                  <mattext texttype="text/plain">False</mattext>
                </material>
              </response_label>
              <response_label ident="5267">
                <material>
                  <mattext texttype="text/plain">No output</mattext>
                </material>
              </response_label>
              <response_label ident="3828">
                <material>
                  <mattext texttype="text/plain">Error: unexpected '&gt;='</mattext>
                </material>
              </response_label>
            </render_choice>
          </response_lid>
        </presentation>
        <resprocessing>
          <outcomes>
            <decvar maxvalue="100" minvalue="0" varname="SCORE" vartype="Decimal"/>
          </outcomes>
          <respcondition continue="No">
            <conditionvar>
              <varequal respident="response1">3363</varequal>
            </conditionvar>
            <setvar action="Set" varname="SCORE">100</setvar>
          </respcondition>
        </resprocessing>
      </item>
      <item ident="g0c132db3156627b11bea5a471dd0d1c7" title="Question">
        <itemmetadata>
          <qtimetadata>
            <qtimetadatafield>
              <fieldlabel>question_type</fieldlabel>
              <fieldentry>true_false_question</fieldentry>
            </qtimetadatafield>
            <qtimetadatafield>
              <fieldlabel>points_possible</fieldlabel>
              <fieldentry>1.5</fieldentry>
            </qtimetadatafield>
            <qtimetadatafield>
              <fieldlabel>original_answer_ids</fieldlabel>
              <fieldentry>747,3676</fieldentry>
            </qtimetadatafield>
            <qtimetadatafield>
              <fieldlabel>assessment_question_identifierref</fieldlabel>
              <fieldentry>gf47b767d37e06559ff801f2d253307ba</fieldentry>
            </qtimetadatafield>
          </qtimetadata>
        </itemmetadata>
        <presentation>
          <material>
            <mattext texttype="text/html">&lt;div&gt;
&lt;p&gt;True of False:&lt;/p&gt;
&lt;p&gt;Given&lt;/p&gt;
&lt;p style="padding-left: 40px;"&gt;&lt;strong&gt;vec1 &amp;lt;- c(2,1,1,3,2,1,0)&lt;/strong&gt;&lt;br&gt;&lt;strong&gt;vec2 &amp;lt;- c(3,8,2,2,0,0,0)&lt;/strong&gt;&lt;br&gt;&lt;strong&gt;if((vec1[1] + vec2[2]) == 10) { cat("Print me!") }&lt;/strong&gt;&lt;/p&gt;
&lt;p&gt;Print me!&amp;nbsp;&lt;br&gt;will be displayed on the console.&lt;/p&gt;
&lt;/div&gt;</mattext>
          </material>
          <response_lid ident="response1" rcardinality="Single">
            <render_choice>
              <response_label ident="747">
                <material>
                  <mattext texttype="text/plain">True</mattext>
                </material>
              </response_label>
              <response_label ident="3676">
                <material>
                  <mattext texttype="text/plain">False</mattext>
                </material>
              </response_label>
            </render_choice>
          </response_lid>
        </presentation>
        <resprocessing>
          <outcomes>
            <decvar maxvalue="100" minvalue="0" varname="SCORE" vartype="Decimal"/>
          </outcomes>
          <respcondition continue="No">
            <conditionvar>
              <varequal respident="response1">747</varequal>
            </conditionvar>
            <setvar action="Set" varname="SCORE">100</setvar>
          </respcondition>
        </resprocessing>
      </item>
      <item ident="g7a4ec39d31ab18420ca9b333993bd351" title="Question">
        <itemmetadata>
          <qtimetadata>
            <qtimetadatafield>
              <fieldlabel>question_type</fieldlabel>
              <fieldentry>true_false_question</fieldentry>
            </qtimetadatafield>
            <qtimetadatafield>
              <fieldlabel>points_possible</fieldlabel>
              <fieldentry>1.5</fieldentry>
            </qtimetadatafield>
            <qtimetadatafield>
              <fieldlabel>original_answer_ids</fieldlabel>
              <fieldentry>3134,7396</fieldentry>
            </qtimetadatafield>
            <qtimetadatafield>
              <fieldlabel>assessment_question_identifierref</fieldlabel>
              <fieldentry>gf47b767d37e06559ff801f2d253307ba</fieldentry>
            </qtimetadatafield>
          </qtimetadata>
        </itemmetadata>
        <presentation>
          <material>
            <mattext texttype="text/html">&lt;div&gt;
&lt;p&gt;True or False:&lt;/p&gt;
&lt;p&gt;The description of the all() function is as follows:&lt;/p&gt;
&lt;p&gt;&amp;nbsp; &amp;nbsp; &amp;nbsp; &amp;nbsp; For a set of logical vectors, are all of the values true?&lt;/p&gt;
&lt;p&gt;Given&lt;/p&gt;
&lt;p style="padding-left: 40px;"&gt;&lt;strong&gt;vec1 &amp;lt;- c(2,1,1,3,2,1,0)&lt;/strong&gt;&lt;br&gt;&lt;strong&gt;vec2 &amp;lt;- c(3,8,2,2,0,0,0)&lt;/strong&gt;&lt;br&gt;&lt;strong&gt;if (all((vec2-vec1)[c(2,6)] &amp;lt; 7)) { cat("Print me!") }&lt;/strong&gt;&lt;/p&gt;
&lt;p&gt;Print me!&amp;nbsp;&lt;br&gt;will be displayed on the console.&lt;/p&gt;
&lt;/div&gt;</mattext>
          </material>
          <response_lid ident="response1" rcardinality="Single">
            <render_choice>
              <response_label ident="3134">
                <material>
                  <mattext texttype="text/plain">True</mattext>
                </material>
              </response_label>
              <response_label ident="7396">
                <material>
                  <mattext texttype="text/plain">False</mattext>
                </material>
              </response_label>
            </render_choice>
          </response_lid>
        </presentation>
        <resprocessing>
          <outcomes>
            <decvar maxvalue="100" minvalue="0" varname="SCORE" vartype="Decimal"/>
          </outcomes>
          <respcondition continue="No">
            <conditionvar>
              <varequal respident="response1">7396</varequal>
            </conditionvar>
            <setvar action="Set" varname="SCORE">100</setvar>
          </respcondition>
        </resprocessing>
      </item>
      <item ident="gc53bf1efc7ca45122b8e227b3814547f" title="Question">
        <itemmetadata>
          <qtimetadata>
            <qtimetadatafield>
              <fieldlabel>question_type</fieldlabel>
              <fieldentry>multiple_choice_question</fieldentry>
            </qtimetadatafield>
            <qtimetadatafield>
              <fieldlabel>points_possible</fieldlabel>
              <fieldentry>1.5</fieldentry>
            </qtimetadatafield>
            <qtimetadatafield>
              <fieldlabel>original_answer_ids</fieldlabel>
              <fieldentry>6121,4607,4320,9601</fieldentry>
            </qtimetadatafield>
            <qtimetadatafield>
              <fieldlabel>assessment_question_identifierref</fieldlabel>
              <fieldentry>gf47b767d37e06559ff801f2d253307ba</fieldentry>
            </qtimetadatafield>
          </qtimetadata>
        </itemmetadata>
        <presentation>
          <material>
            <mattext texttype="text/html">&lt;div&gt;
&lt;p&gt;Which one of the choices shown below meets the following requirement:&lt;/p&gt;
&lt;p&gt;&amp;nbsp; &amp;nbsp; Write an expression which creates a vector which multiplies the corresponding elements of two vectors &lt;strong&gt;vec1&lt;/strong&gt; and &lt;strong&gt;vec2&lt;/strong&gt; together &lt;em&gt;if&lt;/em&gt;&amp;nbsp;their sum is greater than 3. Otherwise, the code should simply sum the two elements.&lt;/p&gt;
&lt;/div&gt;</mattext>
          </material>
          <response_lid ident="response1" rcardinality="Single">
            <render_choice>
              <response_label ident="6121">
                <material>
                  <mattext texttype="text/html">vec &amp;lt;- ifelse(vec1+vec2&amp;gt;3,vec1*vec2,vec1+vec2)</mattext>
                </material>
              </response_label>
              <response_label ident="4607">
                <material>
                  <mattext texttype="text/html">vec &amp;lt;- if(vec1+vec2&amp;gt;3,vec1*vec2,vec1+vec2)</mattext>
                </material>
              </response_label>
              <response_label ident="4320">
                <material>
                  <mattext texttype="text/html">vec &amp;lt;- c(vec1+vec2&amp;gt;3,vec1*vec2,vec1+vec2)</mattext>
                </material>
              </response_label>
              <response_label ident="9601">
                <material>
                  <mattext texttype="text/html">vec &amp;lt;- ifelse(vec1+vec2&amp;gt;3,vec1+vec2,vec1*vec2)</mattext>
                </material>
              </response_label>
            </render_choice>
          </response_lid>
        </presentation>
        <resprocessing>
          <outcomes>
            <decvar maxvalue="100" minvalue="0" varname="SCORE" vartype="Decimal"/>
          </outcomes>
          <respcondition continue="No">
            <conditionvar>
              <varequal respident="response1">6121</varequal>
            </conditionvar>
            <setvar action="Set" varname="SCORE">100</setvar>
          </respcondition>
        </resprocessing>
      </item>
      <item ident="gb2b80ab76a1f8e1bb09401d68f45b2a8" title="Question">
        <itemmetadata>
          <qtimetadata>
            <qtimetadatafield>
              <fieldlabel>question_type</fieldlabel>
              <fieldentry>multiple_choice_question</fieldentry>
            </qtimetadatafield>
            <qtimetadatafield>
              <fieldlabel>points_possible</fieldlabel>
              <fieldentry>1.5</fieldentry>
            </qtimetadatafield>
            <qtimetadatafield>
              <fieldlabel>original_answer_ids</fieldlabel>
              <fieldentry>9264,9602,2852,8739</fieldentry>
            </qtimetadatafield>
            <qtimetadatafield>
              <fieldlabel>assessment_question_identifierref</fieldlabel>
              <fieldentry>g4c5512138cf8364327c70372a572e9cf</fieldentry>
            </qtimetadatafield>
          </qtimetadata>
        </itemmetadata>
        <presentation>
          <material>
            <mattext texttype="text/html">&lt;div&gt;Warnings are issued using the ________ function, whereas errors are issue using the ________ function.&lt;/div&gt;</mattext>
          </material>
          <response_lid ident="response1" rcardinality="Single">
            <render_choice>
              <response_label ident="9264">
                <material>
                  <mattext texttype="text/plain">warning(), stop()</mattext>
                </material>
              </response_label>
              <response_label ident="9602">
                <material>
                  <mattext texttype="text/plain">warning(), error()</mattext>
                </material>
              </response_label>
              <response_label ident="2852">
                <material>
                  <mattext texttype="text/plain">warn(), error()</mattext>
                </material>
              </response_label>
              <response_label ident="8739">
                <material>
                  <mattext texttype="text/plain">warn(), stop()</mattext>
                </material>
              </response_label>
            </render_choice>
          </response_lid>
        </presentation>
        <resprocessing>
          <outcomes>
            <decvar maxvalue="100" minvalue="0" varname="SCORE" vartype="Decimal"/>
          </outcomes>
          <respcondition continue="No">
            <conditionvar>
              <varequal respident="response1">9264</varequal>
            </conditionvar>
            <setvar action="Set" varname="SCORE">100</setvar>
          </respcondition>
        </resprocessing>
      </item>
      <item ident="g773126cf4b2eff69e61a8e034635f80d" title="Question">
        <itemmetadata>
          <qtimetadata>
            <qtimetadatafield>
              <fieldlabel>question_type</fieldlabel>
              <fieldentry>multiple_choice_question</fieldentry>
            </qtimetadatafield>
            <qtimetadatafield>
              <fieldlabel>points_possible</fieldlabel>
              <fieldentry>1.5</fieldentry>
            </qtimetadatafield>
            <qtimetadatafield>
              <fieldlabel>original_answer_ids</fieldlabel>
              <fieldentry>4130,8112,8143,522</fieldentry>
            </qtimetadatafield>
            <qtimetadatafield>
              <fieldlabel>assessment_question_identifierref</fieldlabel>
              <fieldentry>gcb8a61921e01d0b5ace55437fc1d6478</fieldentry>
            </qtimetadatafield>
          </qtimetadata>
        </itemmetadata>
        <presentation>
          <material>
            <mattext texttype="text/html">&lt;div&gt;
&lt;p&gt;Given the following vector v:&lt;/p&gt;
&lt;p&gt;&lt;strong&gt;&amp;nbsp; &amp;nbsp; v &amp;lt;- c(1, 3, 5, 7)&lt;/strong&gt;&lt;/p&gt;
&lt;p&gt;Which one of the choices shown below will correctly iterate through the elements of v?&lt;/p&gt;
&lt;/div&gt;</mattext>
          </material>
          <response_lid ident="response1" rcardinality="Single">
            <render_choice>
              <response_label ident="4130">
                <material>
                  <mattext texttype="text/html">for (x in v)&lt;br&gt;&amp;nbsp; &amp;nbsp; &amp;nbsp; &amp;nbsp; cat(x,"\n")</mattext>
                </material>
              </response_label>
              <response_label ident="8112">
                <material>
                  <mattext texttype="text/html">for (v in x)&lt;br&gt;&amp;nbsp; &amp;nbsp; &amp;nbsp; &amp;nbsp; cat(x,"\n")</mattext>
                </material>
              </response_label>
              <response_label ident="8143">
                <material>
                  <mattext texttype="text/html">for (x in 1:length(v))&lt;br&gt;&amp;nbsp; &amp;nbsp; &amp;nbsp; &amp;nbsp; cat(x,"\n")</mattext>
                </material>
              </response_label>
              <response_label ident="522">
                <material>
                  <mattext texttype="text/html">for (v in 1:length(x))&lt;br&gt;&amp;nbsp; &amp;nbsp; &amp;nbsp; &amp;nbsp; cat(v, "\n")</mattext>
                </material>
              </response_label>
            </render_choice>
          </response_lid>
        </presentation>
        <resprocessing>
          <outcomes>
            <decvar maxvalue="100" minvalue="0" varname="SCORE" vartype="Decimal"/>
          </outcomes>
          <respcondition continue="No">
            <conditionvar>
              <varequal respident="response1">4130</varequal>
            </conditionvar>
            <setvar action="Set" varname="SCORE">100</setvar>
          </respcondition>
        </resprocessing>
      </item>
      <item ident="g0ec98f6d250c6a69a773a04bca50a918" title="Question">
        <itemmetadata>
          <qtimetadata>
            <qtimetadatafield>
              <fieldlabel>question_type</fieldlabel>
              <fieldentry>multiple_choice_question</fieldentry>
            </qtimetadatafield>
            <qtimetadatafield>
              <fieldlabel>points_possible</fieldlabel>
              <fieldentry>1.5</fieldentry>
            </qtimetadatafield>
            <qtimetadatafield>
              <fieldlabel>original_answer_ids</fieldlabel>
              <fieldentry>2249,4260,9326,4226</fieldentry>
            </qtimetadatafield>
            <qtimetadatafield>
              <fieldlabel>assessment_question_identifierref</fieldlabel>
              <fieldentry>g702fe89fa2c024ad71892e70bb100db6</fieldentry>
            </qtimetadatafield>
          </qtimetadata>
        </itemmetadata>
        <presentation>
          <material>
            <mattext texttype="text/html">&lt;div&gt;Which one of the choices shown below is likely to have the highest computational cost?&lt;/div&gt;</mattext>
          </material>
          <response_lid ident="response1" rcardinality="Single">
            <render_choice>
              <response_label ident="2249">
                <material>
                  <mattext texttype="text/plain">a loop-based operation</mattext>
                </material>
              </response_label>
              <response_label ident="4260">
                <material>
                  <mattext texttype="text/plain">a logical test</mattext>
                </material>
              </response_label>
              <response_label ident="9326">
                <material>
                  <mattext texttype="text/plain">a subsetting operation</mattext>
                </material>
              </response_label>
              <response_label ident="4226">
                <material>
                  <mattext texttype="text/plain">an element-wise operation</mattext>
                </material>
              </response_label>
            </render_choice>
          </response_lid>
        </presentation>
        <resprocessing>
          <outcomes>
            <decvar maxvalue="100" minvalue="0" varname="SCORE" vartype="Decimal"/>
          </outcomes>
          <respcondition continue="No">
            <conditionvar>
              <varequal respident="response1">2249</varequal>
            </conditionvar>
            <setvar action="Set" varname="SCORE">100</setvar>
          </respcondition>
        </resprocessing>
      </item>
      <item ident="g09d26ac0ef8316e974ed978e61e175ce" title="Question">
        <itemmetadata>
          <qtimetadata>
            <qtimetadatafield>
              <fieldlabel>question_type</fieldlabel>
              <fieldentry>matching_question</fieldentry>
            </qtimetadatafield>
            <qtimetadatafield>
              <fieldlabel>points_possible</fieldlabel>
              <fieldentry>1.5</fieldentry>
            </qtimetadatafield>
            <qtimetadatafield>
              <fieldlabel>original_answer_ids</fieldlabel>
              <fieldentry>8235,1813,8416</fieldentry>
            </qtimetadatafield>
            <qtimetadatafield>
              <fieldlabel>assessment_question_identifierref</fieldlabel>
              <fieldentry>gf47b767d37e06559ff801f2d253307ba</fieldentry>
            </qtimetadatafield>
          </qtimetadata>
        </itemmetadata>
        <presentation>
          <material>
            <mattext texttype="text/html">&lt;div&gt;Match the apply variation with its description.&lt;/div&gt;</mattext>
          </material>
          <response_lid ident="response_8235">
            <material>
              <mattext texttype="text/plain">tapply</mattext>
            </material>
            <render_choice>
              <response_label ident="1881">
                <material>
                  <mattext>erforms operations on subsets of the object of interest, where those subsets are defined in terms of one or more factor vectors</mattext>
                </material>
              </response_label>
              <response_label ident="9899">
                <material>
                  <mattext>operates member by member on a list</mattext>
                </material>
              </response_label>
              <response_label ident="3869">
                <material>
                  <mattext>returns the same results as lapply but in an array form</mattext>
                </material>
              </response_label>
            </render_choice>
          </response_lid>
          <response_lid ident="response_1813">
            <material>
              <mattext texttype="text/plain">lapply</mattext>
            </material>
            <render_choice>
              <response_label ident="1881">
                <material>
                  <mattext>erforms operations on subsets of the object of interest, where those subsets are defined in terms of one or more factor vectors</mattext>
                </material>
              </response_label>
              <response_label ident="9899">
                <material>
                  <mattext>operates member by member on a list</mattext>
                </material>
              </response_label>
              <response_label ident="3869">
                <material>
                  <mattext>returns the same results as lapply but in an array form</mattext>
                </material>
              </response_label>
            </render_choice>
          </response_lid>
          <response_lid ident="response_8416">
            <material>
              <mattext texttype="text/plain">sapply</mattext>
            </material>
            <render_choice>
              <response_label ident="1881">
                <material>
                  <mattext>erforms operations on subsets of the object of interest, where those subsets are defined in terms of one or more factor vectors</mattext>
                </material>
              </response_label>
              <response_label ident="9899">
                <material>
                  <mattext>operates member by member on a list</mattext>
                </material>
              </response_label>
              <response_label ident="3869">
                <material>
                  <mattext>returns the same results as lapply but in an array form</mattext>
                </material>
              </response_label>
            </render_choice>
          </response_lid>
        </presentation>
        <resprocessing>
          <outcomes>
            <decvar maxvalue="100" minvalue="0" varname="SCORE" vartype="Decimal"/>
          </outcomes>
          <respcondition>
            <conditionvar>
              <varequal respident="response_8235">1881</varequal>
            </conditionvar>
            <setvar varname="SCORE" action="Add">33.33</setvar>
          </respcondition>
          <respcondition>
            <conditionvar>
              <varequal respident="response_1813">9899</varequal>
            </conditionvar>
            <setvar varname="SCORE" action="Add">33.33</setvar>
          </respcondition>
          <respcondition>
            <conditionvar>
              <varequal respident="response_8416">3869</varequal>
            </conditionvar>
            <setvar varname="SCORE" action="Add">33.33</setvar>
          </respcondition>
        </resprocessing>
      </item>
      <item ident="g42b3185f4d3b2cd85d7e83c22eb888d2" title="Question">
        <itemmetadata>
          <qtimetadata>
            <qtimetadatafield>
              <fieldlabel>question_type</fieldlabel>
              <fieldentry>true_false_question</fieldentry>
            </qtimetadatafield>
            <qtimetadatafield>
              <fieldlabel>points_possible</fieldlabel>
              <fieldentry>0.5</fieldentry>
            </qtimetadatafield>
            <qtimetadatafield>
              <fieldlabel>original_answer_ids</fieldlabel>
              <fieldentry>210,9834</fieldentry>
            </qtimetadatafield>
            <qtimetadatafield>
              <fieldlabel>assessment_question_identifierref</fieldlabel>
              <fieldentry>g440dcebc0acc178e3520cddaa72331e4</fieldentry>
            </qtimetadatafield>
          </qtimetadata>
        </itemmetadata>
        <presentation>
          <material>
            <mattext texttype="text/html">&lt;div&gt;True or False: an explicit return statement is required in an R function.&lt;/div&gt;</mattext>
          </material>
          <response_lid ident="response1" rcardinality="Single">
            <render_choice>
              <response_label ident="210">
                <material>
                  <mattext texttype="text/plain">True</mattext>
                </material>
              </response_label>
              <response_label ident="9834">
                <material>
                  <mattext texttype="text/plain">False</mattext>
                </material>
              </response_label>
            </render_choice>
          </response_lid>
        </presentation>
        <resprocessing>
          <outcomes>
            <decvar maxvalue="100" minvalue="0" varname="SCORE" vartype="Decimal"/>
          </outcomes>
          <respcondition continue="No">
            <conditionvar>
              <varequal respident="response1">9834</varequal>
            </conditionvar>
            <setvar action="Set" varname="SCORE">100</setvar>
          </respcondition>
        </resprocessing>
      </item>
      <item ident="g1b76d8dc85040ffb7588159a6b00f58d" title="Question">
        <itemmetadata>
          <qtimetadata>
            <qtimetadatafield>
              <fieldlabel>question_type</fieldlabel>
              <fieldentry>multiple_choice_question</fieldentry>
            </qtimetadatafield>
            <qtimetadatafield>
              <fieldlabel>points_possible</fieldlabel>
              <fieldentry>1.5</fieldentry>
            </qtimetadatafield>
            <qtimetadatafield>
              <fieldlabel>original_answer_ids</fieldlabel>
              <fieldentry>4355,2228,5394,3841</fieldentry>
            </qtimetadatafield>
            <qtimetadatafield>
              <fieldlabel>assessment_question_identifierref</fieldlabel>
              <fieldentry>g22953d40af0543613f4cd329e411e735</fieldentry>
            </qtimetadatafield>
          </qtimetadata>
        </itemmetadata>
        <presentation>
          <material>
            <mattext texttype="text/html">&lt;div&gt;A descriptive guide to an R package is known as a ________.&lt;/div&gt;</mattext>
          </material>
          <response_lid ident="response1" rcardinality="Single">
            <render_choice>
              <response_label ident="4355">
                <material>
                  <mattext texttype="text/plain">vignette</mattext>
                </material>
              </response_label>
              <response_label ident="2228">
                <material>
                  <mattext texttype="text/plain">comment</mattext>
                </material>
              </response_label>
              <response_label ident="5394">
                <material>
                  <mattext texttype="text/plain">summary</mattext>
                </material>
              </response_label>
              <response_label ident="3841">
                <material>
                  <mattext texttype="text/plain">header</mattext>
                </material>
              </response_label>
            </render_choice>
          </response_lid>
        </presentation>
        <resprocessing>
          <outcomes>
            <decvar maxvalue="100" minvalue="0" varname="SCORE" vartype="Decimal"/>
          </outcomes>
          <respcondition continue="No">
            <conditionvar>
              <varequal respident="response1">4355</varequal>
            </conditionvar>
            <setvar action="Set" varname="SCORE">100</setvar>
          </respcondition>
        </resprocessing>
      </item>
      <item ident="gc87c23a1833418ce491dae200d560bd2" title="Question">
        <itemmetadata>
          <qtimetadata>
            <qtimetadatafield>
              <fieldlabel>question_type</fieldlabel>
              <fieldentry>multiple_choice_question</fieldentry>
            </qtimetadatafield>
            <qtimetadatafield>
              <fieldlabel>points_possible</fieldlabel>
              <fieldentry>1.5</fieldentry>
            </qtimetadatafield>
            <qtimetadatafield>
              <fieldlabel>original_answer_ids</fieldlabel>
              <fieldentry>8002,1682,7760,2978</fieldentry>
            </qtimetadatafield>
            <qtimetadatafield>
              <fieldlabel>assessment_question_identifierref</fieldlabel>
              <fieldentry>g3046b2ad9ba3a77d5826c609820a6f11</fieldentry>
            </qtimetadatafield>
          </qtimetadata>
        </itemmetadata>
        <presentation>
          <material>
            <mattext texttype="text/html">&lt;div&gt;Which one of the following choices &lt;span style="text-decoration: underline;"&gt;&lt;strong&gt;is not&lt;/strong&gt;&lt;/span&gt; an argument to the apply() function?&lt;/div&gt;</mattext>
          </material>
          <response_lid ident="response1" rcardinality="Single">
            <render_choice>
              <response_label ident="8002">
                <material>
                  <mattext texttype="text/plain">COUNT</mattext>
                </material>
              </response_label>
              <response_label ident="1682">
                <material>
                  <mattext texttype="text/plain">X</mattext>
                </material>
              </response_label>
              <response_label ident="7760">
                <material>
                  <mattext texttype="text/plain">MARGIN</mattext>
                </material>
              </response_label>
              <response_label ident="2978">
                <material>
                  <mattext texttype="text/plain">FUN</mattext>
                </material>
              </response_label>
            </render_choice>
          </response_lid>
        </presentation>
        <resprocessing>
          <outcomes>
            <decvar maxvalue="100" minvalue="0" varname="SCORE" vartype="Decimal"/>
          </outcomes>
          <respcondition continue="No">
            <conditionvar>
              <varequal respident="response1">8002</varequal>
            </conditionvar>
            <setvar action="Set" varname="SCORE">100</setvar>
          </respcondition>
        </resprocessing>
      </item>
      <item ident="geabb99da52cc51f95e8a638d5778ae55" title="Question">
        <itemmetadata>
          <qtimetadata>
            <qtimetadatafield>
              <fieldlabel>question_type</fieldlabel>
              <fieldentry>matching_question</fieldentry>
            </qtimetadatafield>
            <qtimetadatafield>
              <fieldlabel>points_possible</fieldlabel>
              <fieldentry>1.5</fieldentry>
            </qtimetadatafield>
            <qtimetadatafield>
              <fieldlabel>original_answer_ids</fieldlabel>
              <fieldentry>1103,7528,9935,5552</fieldentry>
            </qtimetadatafield>
            <qtimetadatafield>
              <fieldlabel>assessment_question_identifierref</fieldlabel>
              <fieldentry>gf47b767d37e06559ff801f2d253307ba</fieldentry>
            </qtimetadatafield>
          </qtimetadata>
        </itemmetadata>
        <presentation>
          <material>
            <mattext texttype="text/html">&lt;div&gt;Match the debugging indication with its description.&lt;/div&gt;</mattext>
          </material>
          <response_lid ident="response_1103">
            <material>
              <mattext texttype="text/plain">message</mattext>
            </material>
            <render_choice>
              <response_label ident="3655">
                <material>
                  <mattext>A generic  indication; execution of the code continues. Not necessarily a problem.</mattext>
                </material>
              </response_label>
              <response_label ident="8205">
                <material>
                  <mattext>An indication that something unexpected happened but not necessarily fatal; execution of the code continues.</mattext>
                </material>
              </response_label>
              <response_label ident="522">
                <material>
                  <mattext>An indication that a fatal problem has occurred; code execution stops</mattext>
                </material>
              </response_label>
              <response_label ident="3176">
                <material>
                  <mattext>A generic concept for indicating that something unexpected can occur</mattext>
                </material>
              </response_label>
            </render_choice>
          </response_lid>
          <response_lid ident="response_7528">
            <material>
              <mattext texttype="text/plain">warning</mattext>
            </material>
            <render_choice>
              <response_label ident="3655">
                <material>
                  <mattext>A generic  indication; execution of the code continues. Not necessarily a problem.</mattext>
                </material>
              </response_label>
              <response_label ident="8205">
                <material>
                  <mattext>An indication that something unexpected happened but not necessarily fatal; execution of the code continues.</mattext>
                </material>
              </response_label>
              <response_label ident="522">
                <material>
                  <mattext>An indication that a fatal problem has occurred; code execution stops</mattext>
                </material>
              </response_label>
              <response_label ident="3176">
                <material>
                  <mattext>A generic concept for indicating that something unexpected can occur</mattext>
                </material>
              </response_label>
            </render_choice>
          </response_lid>
          <response_lid ident="response_9935">
            <material>
              <mattext texttype="text/plain">error</mattext>
            </material>
            <render_choice>
              <response_label ident="3655">
                <material>
                  <mattext>A generic  indication; execution of the code continues. Not necessarily a problem.</mattext>
                </material>
              </response_label>
              <response_label ident="8205">
                <material>
                  <mattext>An indication that something unexpected happened but not necessarily fatal; execution of the code continues.</mattext>
                </material>
              </response_label>
              <response_label ident="522">
                <material>
                  <mattext>An indication that a fatal problem has occurred; code execution stops</mattext>
                </material>
              </response_label>
              <response_label ident="3176">
                <material>
                  <mattext>A generic concept for indicating that something unexpected can occur</mattext>
                </material>
              </response_label>
            </render_choice>
          </response_lid>
          <response_lid ident="response_5552">
            <material>
              <mattext texttype="text/plain">condition</mattext>
            </material>
            <render_choice>
              <response_label ident="3655">
                <material>
                  <mattext>A generic  indication; execution of the code continues. Not necessarily a problem.</mattext>
                </material>
              </response_label>
              <response_label ident="8205">
                <material>
                  <mattext>An indication that something unexpected happened but not necessarily fatal; execution of the code continues.</mattext>
                </material>
              </response_label>
              <response_label ident="522">
                <material>
                  <mattext>An indication that a fatal problem has occurred; code execution stops</mattext>
                </material>
              </response_label>
              <response_label ident="3176">
                <material>
                  <mattext>A generic concept for indicating that something unexpected can occur</mattext>
                </material>
              </response_label>
            </render_choice>
          </response_lid>
        </presentation>
        <resprocessing>
          <outcomes>
            <decvar maxvalue="100" minvalue="0" varname="SCORE" vartype="Decimal"/>
          </outcomes>
          <respcondition>
            <conditionvar>
              <varequal respident="response_1103">3655</varequal>
            </conditionvar>
            <setvar varname="SCORE" action="Add">25.00</setvar>
          </respcondition>
          <respcondition>
            <conditionvar>
              <varequal respident="response_7528">8205</varequal>
            </conditionvar>
            <setvar varname="SCORE" action="Add">25.00</setvar>
          </respcondition>
          <respcondition>
            <conditionvar>
              <varequal respident="response_9935">522</varequal>
            </conditionvar>
            <setvar varname="SCORE" action="Add">25.00</setvar>
          </respcondition>
          <respcondition>
            <conditionvar>
              <varequal respident="response_5552">3176</varequal>
            </conditionvar>
            <setvar varname="SCORE" action="Add">25.00</setvar>
          </respcondition>
        </resprocessing>
      </item>
      <item ident="gfdb592acf7622e9e28fc8c4aefa8a520" title="Question">
        <itemmetadata>
          <qtimetadata>
            <qtimetadatafield>
              <fieldlabel>question_type</fieldlabel>
              <fieldentry>true_false_question</fieldentry>
            </qtimetadatafield>
            <qtimetadatafield>
              <fieldlabel>points_possible</fieldlabel>
              <fieldentry>0.5</fieldentry>
            </qtimetadatafield>
            <qtimetadatafield>
              <fieldlabel>original_answer_ids</fieldlabel>
              <fieldentry>4340,5965</fieldentry>
            </qtimetadatafield>
            <qtimetadatafield>
              <fieldlabel>assessment_question_identifierref</fieldlabel>
              <fieldentry>gf47b767d37e06559ff801f2d253307ba</fieldentry>
            </qtimetadatafield>
          </qtimetadata>
        </itemmetadata>
        <presentation>
          <material>
            <mattext texttype="text/html">&lt;div&gt;True or False: When a function terminates from an error, it also terminates any parent functions&lt;/div&gt;</mattext>
          </material>
          <response_lid ident="response1" rcardinality="Single">
            <render_choice>
              <response_label ident="4340">
                <material>
                  <mattext texttype="text/plain">True</mattext>
                </material>
              </response_label>
              <response_label ident="5965">
                <material>
                  <mattext texttype="text/plain">False</mattext>
                </material>
              </response_label>
            </render_choice>
          </response_lid>
        </presentation>
        <resprocessing>
          <outcomes>
            <decvar maxvalue="100" minvalue="0" varname="SCORE" vartype="Decimal"/>
          </outcomes>
          <respcondition continue="No">
            <conditionvar>
              <varequal respident="response1">4340</varequal>
            </conditionvar>
            <setvar action="Set" varname="SCORE">100</setvar>
          </respcondition>
        </resprocessing>
      </item>
      <item ident="g8b6fa6911f68e6afcc20ac1624c4bff9" title="Question">
        <itemmetadata>
          <qtimetadata>
            <qtimetadatafield>
              <fieldlabel>question_type</fieldlabel>
              <fieldentry>multiple_choice_question</fieldentry>
            </qtimetadatafield>
            <qtimetadatafield>
              <fieldlabel>points_possible</fieldlabel>
              <fieldentry>1.25</fieldentry>
            </qtimetadatafield>
            <qtimetadatafield>
              <fieldlabel>original_answer_ids</fieldlabel>
              <fieldentry>8323,1699,2617,4321</fieldentry>
            </qtimetadatafield>
            <qtimetadatafield>
              <fieldlabel>assessment_question_identifierref</fieldlabel>
              <fieldentry>g53db70ef9656c29ec0788b8f6a662a3c</fieldentry>
            </qtimetadatafield>
          </qtimetadata>
        </itemmetadata>
        <presentation>
          <material>
            <mattext texttype="text/html">&lt;div&gt;________ are optimized in R and should be used when available for the best performance.&lt;/div&gt;</mattext>
          </material>
          <response_lid ident="response1" rcardinality="Single">
            <render_choice>
              <response_label ident="8323">
                <material>
                  <mattext texttype="text/plain">Built-in functions</mattext>
                </material>
              </response_label>
              <response_label ident="1699">
                <material>
                  <mattext texttype="text/plain">Descriptive statistical functions</mattext>
                </material>
              </response_label>
              <response_label ident="2617">
                <material>
                  <mattext texttype="text/plain">For loops</mattext>
                </material>
              </response_label>
              <response_label ident="4321">
                <material>
                  <mattext texttype="text/plain">Exceptions</mattext>
                </material>
              </response_label>
            </render_choice>
          </response_lid>
        </presentation>
        <resprocessing>
          <outcomes>
            <decvar maxvalue="100" minvalue="0" varname="SCORE" vartype="Decimal"/>
          </outcomes>
          <respcondition continue="No">
            <conditionvar>
              <varequal respident="response1">8323</varequal>
            </conditionvar>
            <setvar action="Set" varname="SCORE">100</setvar>
          </respcondition>
        </resprocessing>
      </item>
      <item ident="g274c6be478e7f9ebc6f237f834bb9f66" title="Question">
        <itemmetadata>
          <qtimetadata>
            <qtimetadatafield>
              <fieldlabel>question_type</fieldlabel>
              <fieldentry>multiple_choice_question</fieldentry>
            </qtimetadatafield>
            <qtimetadatafield>
              <fieldlabel>points_possible</fieldlabel>
              <fieldentry>1.25</fieldentry>
            </qtimetadatafield>
            <qtimetadatafield>
              <fieldlabel>original_answer_ids</fieldlabel>
              <fieldentry>9931,2463,8760,6053</fieldentry>
            </qtimetadatafield>
            <qtimetadatafield>
              <fieldlabel>assessment_question_identifierref</fieldlabel>
              <fieldentry>g997aa9710d2df50a3f703ebf1a80a8a3</fieldentry>
            </qtimetadatafield>
          </qtimetadata>
        </itemmetadata>
        <presentation>
          <material>
            <mattext texttype="text/html">&lt;div&gt;________ occurs when two packages contain an object with the same name.&lt;/div&gt;</mattext>
          </material>
          <response_lid ident="response1" rcardinality="Single">
            <render_choice>
              <response_label ident="9931">
                <material>
                  <mattext texttype="text/plain">Masking</mattext>
                </material>
              </response_label>
              <response_label ident="2463">
                <material>
                  <mattext texttype="text/plain">Overwriting</mattext>
                </material>
              </response_label>
              <response_label ident="8760">
                <material>
                  <mattext texttype="text/plain">Displacement</mattext>
                </material>
              </response_label>
              <response_label ident="6053">
                <material>
                  <mattext texttype="text/plain">Contention</mattext>
                </material>
              </response_label>
            </render_choice>
          </response_lid>
        </presentation>
        <resprocessing>
          <outcomes>
            <decvar maxvalue="100" minvalue="0" varname="SCORE" vartype="Decimal"/>
          </outcomes>
          <respcondition continue="No">
            <conditionvar>
              <varequal respident="response1">9931</varequal>
            </conditionvar>
            <setvar action="Set" varname="SCORE">100</setvar>
          </respcondition>
        </resprocessing>
      </item>
    </section>
  </assessment>
</questestinterop>
