<?xml version="1.0" encoding="UTF-8"?>
<questestinterop xmlns="http://www.imsglobal.org/xsd/ims_qtiasiv1p2" xmlns:xsi="http://www.w3.org/2001/XMLSchema-instance" xsi:schemaLocation="http://www.imsglobal.org/xsd/ims_qtiasiv1p2 http://www.imsglobal.org/xsd/ims_qtiasiv1p2p1.xsd">
  <assessment ident="g5b619a32a6110d5ad8e4bd3e9ab52c14" title="Review Quiz 8">
    <qtimetadata>
      <qtimetadatafield>
        <fieldlabel>cc_maxattempts</fieldlabel>
        <fieldentry>unlimited</fieldentry>
      </qtimetadatafield>
    </qtimetadata>
    <section ident="root_section">
      <item ident="gb9ab87ef0837702d10f28de8e6dbbc12" title="Question">
        <itemmetadata>
          <qtimetadata>
            <qtimetadatafield>
              <fieldlabel>question_type</fieldlabel>
              <fieldentry>multiple_choice_question</fieldentry>
            </qtimetadatafield>
            <qtimetadatafield>
              <fieldlabel>points_possible</fieldlabel>
              <fieldentry>1.0</fieldentry>
            </qtimetadatafield>
            <qtimetadatafield>
              <fieldlabel>original_answer_ids</fieldlabel>
              <fieldentry>4442,6,9396,1520</fieldentry>
            </qtimetadatafield>
            <qtimetadatafield>
              <fieldlabel>assessment_question_identifierref</fieldlabel>
              <fieldentry>g905491aafbe22a011535c1146c47c43c</fieldentry>
            </qtimetadatafield>
          </qtimetadata>
        </itemmetadata>
        <presentation>
          <material>
            <mattext texttype="text/html">&lt;div&gt;In a sampling distribution, standard deviation is referred to as _________.&lt;/div&gt;</mattext>
          </material>
          <response_lid ident="response1" rcardinality="Single">
            <render_choice>
              <response_label ident="4442">
                <material>
                  <mattext texttype="text/plain">standard error</mattext>
                </material>
              </response_label>
              <response_label ident="6">
                <material>
                  <mattext texttype="text/plain">sampling deviation</mattext>
                </material>
              </response_label>
              <response_label ident="9396">
                <material>
                  <mattext texttype="text/plain">sampling error</mattext>
                </material>
              </response_label>
              <response_label ident="1520">
                <material>
                  <mattext texttype="text/plain">standard variability</mattext>
                </material>
              </response_label>
            </render_choice>
          </response_lid>
        </presentation>
        <resprocessing>
          <outcomes>
            <decvar maxvalue="100" minvalue="0" varname="SCORE" vartype="Decimal"/>
          </outcomes>
          <respcondition continue="No">
            <conditionvar>
              <varequal respident="response1">4442</varequal>
            </conditionvar>
            <setvar action="Set" varname="SCORE">100</setvar>
          </respcondition>
        </resprocessing>
      </item>
      <item ident="ga1d52dd5393c49979584a8964bce4272" title="Question">
        <itemmetadata>
          <qtimetadata>
            <qtimetadatafield>
              <fieldlabel>question_type</fieldlabel>
              <fieldentry>multiple_choice_question</fieldentry>
            </qtimetadatafield>
            <qtimetadatafield>
              <fieldlabel>points_possible</fieldlabel>
              <fieldentry>1.0</fieldentry>
            </qtimetadatafield>
            <qtimetadatafield>
              <fieldlabel>original_answer_ids</fieldlabel>
              <fieldentry>2595,6198,5883,9964</fieldentry>
            </qtimetadatafield>
            <qtimetadatafield>
              <fieldlabel>assessment_question_identifierref</fieldlabel>
              <fieldentry>gf47b767d37e06559ff801f2d253307ba</fieldentry>
            </qtimetadatafield>
          </qtimetadata>
        </itemmetadata>
        <presentation>
          <material>
            <mattext texttype="text/html">&lt;div&gt;The R code which calculates the standard error for a sampling distribution is ________, where &lt;strong&gt;q&lt;/strong&gt; represents the quantile, &lt;strong&gt;m&lt;/strong&gt; is the mean, &lt;strong&gt;stdv&amp;nbsp;&lt;/strong&gt; is the population standard deviation and &lt;strong&gt;n&lt;/strong&gt; is the sample size.&lt;/div&gt;</mattext>
          </material>
          <response_lid ident="response1" rcardinality="Single">
            <render_choice>
              <response_label ident="2595">
                <material>
                  <mattext texttype="text/plain">pnorm(q ,mean=m, sd=stdv/sqrt(n))</mattext>
                </material>
              </response_label>
              <response_label ident="6198">
                <material>
                  <mattext texttype="text/plain">pnorm(q ,mean=m, sd=n/sqrt(stdv))</mattext>
                </material>
              </response_label>
              <response_label ident="5883">
                <material>
                  <mattext texttype="text/plain">pnorm(q ,mean=m, sd=sqrt(n)/stdv)</mattext>
                </material>
              </response_label>
              <response_label ident="9964">
                <material>
                  <mattext texttype="text/plain">pnorm(q ,mean=m, sd=sqrt(stdv)/n)</mattext>
                </material>
              </response_label>
            </render_choice>
          </response_lid>
        </presentation>
        <resprocessing>
          <outcomes>
            <decvar maxvalue="100" minvalue="0" varname="SCORE" vartype="Decimal"/>
          </outcomes>
          <respcondition continue="No">
            <conditionvar>
              <varequal respident="response1">2595</varequal>
            </conditionvar>
            <setvar action="Set" varname="SCORE">100</setvar>
          </respcondition>
        </resprocessing>
      </item>
      <item ident="gb6aed7f39f8e79de9a6eb13c5f817b31" title="Question">
        <itemmetadata>
          <qtimetadata>
            <qtimetadatafield>
              <fieldlabel>question_type</fieldlabel>
              <fieldentry>multiple_choice_question</fieldentry>
            </qtimetadatafield>
            <qtimetadatafield>
              <fieldlabel>points_possible</fieldlabel>
              <fieldentry>1.0</fieldentry>
            </qtimetadatafield>
            <qtimetadatafield>
              <fieldlabel>original_answer_ids</fieldlabel>
              <fieldentry>4611,2517,1105,4028</fieldentry>
            </qtimetadatafield>
            <qtimetadatafield>
              <fieldlabel>assessment_question_identifierref</fieldlabel>
              <fieldentry>g2fffd0b35b33a4dac8e12788b196cdc9</fieldentry>
            </qtimetadatafield>
          </qtimetadata>
        </itemmetadata>
        <presentation>
          <material>
            <mattext texttype="text/html">&lt;div&gt;A ________ defines a range of values with a specified probability that the value of a parameter lies within them.&lt;/div&gt;</mattext>
          </material>
          <response_lid ident="response1" rcardinality="Single">
            <render_choice>
              <response_label ident="4611">
                <material>
                  <mattext texttype="text/plain">confidence interval</mattext>
                </material>
              </response_label>
              <response_label ident="2517">
                <material>
                  <mattext texttype="text/plain">probability curve</mattext>
                </material>
              </response_label>
              <response_label ident="1105">
                <material>
                  <mattext texttype="text/plain">prediction range</mattext>
                </material>
              </response_label>
              <response_label ident="4028">
                <material>
                  <mattext texttype="text/plain">probability range</mattext>
                </material>
              </response_label>
            </render_choice>
          </response_lid>
        </presentation>
        <resprocessing>
          <outcomes>
            <decvar maxvalue="100" minvalue="0" varname="SCORE" vartype="Decimal"/>
          </outcomes>
          <respcondition continue="No">
            <conditionvar>
              <varequal respident="response1">4611</varequal>
            </conditionvar>
            <setvar action="Set" varname="SCORE">100</setvar>
          </respcondition>
        </resprocessing>
      </item>
      <item ident="g70e039bf6533139d1fb90d1b7fe7d4a2" title="Question">
        <itemmetadata>
          <qtimetadata>
            <qtimetadatafield>
              <fieldlabel>question_type</fieldlabel>
              <fieldentry>multiple_answers_question</fieldentry>
            </qtimetadatafield>
            <qtimetadatafield>
              <fieldlabel>points_possible</fieldlabel>
              <fieldentry>1.0</fieldentry>
            </qtimetadatafield>
            <qtimetadatafield>
              <fieldlabel>original_answer_ids</fieldlabel>
              <fieldentry>8589,836,5729,3682</fieldentry>
            </qtimetadatafield>
            <qtimetadatafield>
              <fieldlabel>assessment_question_identifierref</fieldlabel>
              <fieldentry>ge3109adaa1307d4813f8aa62e670f976</fieldentry>
            </qtimetadatafield>
          </qtimetadata>
        </itemmetadata>
        <presentation>
          <material>
            <mattext texttype="text/html">&lt;div&gt;
&lt;p&gt;Which of the choices shown below are common values of the significance level α?&lt;/p&gt;
&lt;p&gt;Select the three correct answers.&lt;/p&gt;
&lt;/div&gt;</mattext>
          </material>
          <response_lid ident="response1" rcardinality="Multiple">
            <render_choice>
              <response_label ident="8589">
                <material>
                  <mattext texttype="text/plain">0.1</mattext>
                </material>
              </response_label>
              <response_label ident="836">
                <material>
                  <mattext texttype="text/plain">0.05</mattext>
                </material>
              </response_label>
              <response_label ident="5729">
                <material>
                  <mattext texttype="text/plain">0.01</mattext>
                </material>
              </response_label>
              <response_label ident="3682">
                <material>
                  <mattext texttype="text/plain">0.5</mattext>
                </material>
              </response_label>
            </render_choice>
          </response_lid>
        </presentation>
        <resprocessing>
          <outcomes>
            <decvar maxvalue="100" minvalue="0" varname="SCORE" vartype="Decimal"/>
          </outcomes>
          <respcondition continue="No">
            <conditionvar>
              <and>
                <varequal respident="response1">8589</varequal>
                <varequal respident="response1">836</varequal>
                <varequal respident="response1">5729</varequal>
                <not>
                  <varequal respident="response1">3682</varequal>
                </not>
              </and>
            </conditionvar>
            <setvar action="Set" varname="SCORE">100</setvar>
          </respcondition>
        </resprocessing>
      </item>
      <item ident="g3ebcec789e882800309876ea5456752b" title="Question">
        <itemmetadata>
          <qtimetadata>
            <qtimetadatafield>
              <fieldlabel>question_type</fieldlabel>
              <fieldentry>multiple_choice_question</fieldentry>
            </qtimetadatafield>
            <qtimetadatafield>
              <fieldlabel>points_possible</fieldlabel>
              <fieldentry>1.0</fieldentry>
            </qtimetadatafield>
            <qtimetadatafield>
              <fieldlabel>original_answer_ids</fieldlabel>
              <fieldentry>304,9995,7026,1646</fieldentry>
            </qtimetadatafield>
            <qtimetadatafield>
              <fieldlabel>assessment_question_identifierref</fieldlabel>
              <fieldentry>g77328ecc3e7bffb34a9938fa0d70b40b</fieldentry>
            </qtimetadatafield>
          </qtimetadata>
        </itemmetadata>
        <presentation>
          <material>
            <mattext texttype="text/html">&lt;div&gt;Which one of the following expressions will calculate the Z-score of&amp;nbsp; 0.05?&lt;/div&gt;</mattext>
          </material>
          <response_lid ident="response1" rcardinality="Single">
            <render_choice>
              <response_label ident="304">
                <material>
                  <mattext texttype="text/plain">qnorm(0.05)</mattext>
                </material>
              </response_label>
              <response_label ident="9995">
                <material>
                  <mattext texttype="text/plain">pnorm(0.05)</mattext>
                </material>
              </response_label>
              <response_label ident="7026">
                <material>
                  <mattext texttype="text/plain">dnorm(0.05)</mattext>
                </material>
              </response_label>
              <response_label ident="1646">
                <material>
                  <mattext texttype="text/plain">znorm(0.05)</mattext>
                </material>
              </response_label>
            </render_choice>
          </response_lid>
        </presentation>
        <resprocessing>
          <outcomes>
            <decvar maxvalue="100" minvalue="0" varname="SCORE" vartype="Decimal"/>
          </outcomes>
          <respcondition continue="No">
            <conditionvar>
              <varequal respident="response1">304</varequal>
            </conditionvar>
            <setvar action="Set" varname="SCORE">100</setvar>
          </respcondition>
        </resprocessing>
      </item>
      <item ident="gb4f291cec6feaa0db3c3d7df57c3182f" title="Question">
        <itemmetadata>
          <qtimetadata>
            <qtimetadatafield>
              <fieldlabel>question_type</fieldlabel>
              <fieldentry>multiple_choice_question</fieldentry>
            </qtimetadatafield>
            <qtimetadatafield>
              <fieldlabel>points_possible</fieldlabel>
              <fieldentry>1.0</fieldentry>
            </qtimetadatafield>
            <qtimetadatafield>
              <fieldlabel>original_answer_ids</fieldlabel>
              <fieldentry>9461,3248,4985,4502</fieldentry>
            </qtimetadatafield>
            <qtimetadatafield>
              <fieldlabel>assessment_question_identifierref</fieldlabel>
              <fieldentry>gf47b767d37e06559ff801f2d253307ba</fieldentry>
            </qtimetadatafield>
          </qtimetadata>
        </itemmetadata>
        <presentation>
          <material>
            <mattext texttype="text/html">&lt;div&gt;A confidence interval (&lt;i&gt;l&lt;/i&gt;,&amp;nbsp;&lt;i&gt;u&lt;/i&gt;) where &lt;span&gt;α is &lt;/span&gt;the likelihood of a parameter falling outside the interval &lt;span&gt;&amp;nbsp;&lt;/span&gt;is stated as "there is a ________ confidence level that the parameter value lies somewhere between &lt;i&gt;l&lt;/i&gt;&amp;nbsp;and&amp;nbsp;&lt;i&gt;u&lt;/i&gt;."&lt;/div&gt;</mattext>
          </material>
          <response_lid ident="response1" rcardinality="Single">
            <render_choice>
              <response_label ident="9461">
                <material>
                  <mattext texttype="text/plain">((1- α) * 100)%</mattext>
                </material>
              </response_label>
              <response_label ident="3248">
                <material>
                  <mattext texttype="text/plain">((α - 1) * 100)%</mattext>
                </material>
              </response_label>
              <response_label ident="4985">
                <material>
                  <mattext texttype="text/plain">((α/2) * 100)%</mattext>
                </material>
              </response_label>
              <response_label ident="4502">
                <material>
                  <mattext texttype="text/plain">((1 + α) * 100)%</mattext>
                </material>
              </response_label>
            </render_choice>
          </response_lid>
        </presentation>
        <resprocessing>
          <outcomes>
            <decvar maxvalue="100" minvalue="0" varname="SCORE" vartype="Decimal"/>
          </outcomes>
          <respcondition continue="No">
            <conditionvar>
              <varequal respident="response1">9461</varequal>
            </conditionvar>
            <setvar action="Set" varname="SCORE">100</setvar>
          </respcondition>
        </resprocessing>
      </item>
      <item ident="gf1412628f2137d36e93878f1850bc469" title="Question">
        <itemmetadata>
          <qtimetadata>
            <qtimetadatafield>
              <fieldlabel>question_type</fieldlabel>
              <fieldentry>multiple_choice_question</fieldentry>
            </qtimetadatafield>
            <qtimetadatafield>
              <fieldlabel>points_possible</fieldlabel>
              <fieldentry>1.0</fieldentry>
            </qtimetadatafield>
            <qtimetadatafield>
              <fieldlabel>original_answer_ids</fieldlabel>
              <fieldentry>2027,958</fieldentry>
            </qtimetadatafield>
            <qtimetadatafield>
              <fieldlabel>assessment_question_identifierref</fieldlabel>
              <fieldentry>g8a76253058a443e1596ccfb604cbfc39</fieldentry>
            </qtimetadatafield>
          </qtimetadata>
        </itemmetadata>
        <presentation>
          <material>
            <mattext texttype="text/html">&lt;div&gt;Given a confidence interval CI(&lt;span&gt;α) of (5,10) for a 95% confidence level, would you expect the difference in the range of values (i.e. high value - low value) to increase or decrease for a 99% confidence level?&lt;/span&gt;
&lt;/div&gt;</mattext>
          </material>
          <response_lid ident="response1" rcardinality="Single">
            <render_choice>
              <response_label ident="2027">
                <material>
                  <mattext texttype="text/plain">increase</mattext>
                </material>
              </response_label>
              <response_label ident="958">
                <material>
                  <mattext texttype="text/plain">decrease</mattext>
                </material>
              </response_label>
            </render_choice>
          </response_lid>
        </presentation>
        <resprocessing>
          <outcomes>
            <decvar maxvalue="100" minvalue="0" varname="SCORE" vartype="Decimal"/>
          </outcomes>
          <respcondition continue="No">
            <conditionvar>
              <varequal respident="response1">2027</varequal>
            </conditionvar>
            <setvar action="Set" varname="SCORE">100</setvar>
          </respcondition>
        </resprocessing>
      </item>
      <item ident="gf0d3b22e2bb3e31040ad1c936df21a81" title="Question">
        <itemmetadata>
          <qtimetadata>
            <qtimetadatafield>
              <fieldlabel>question_type</fieldlabel>
              <fieldentry>multiple_choice_question</fieldentry>
            </qtimetadatafield>
            <qtimetadatafield>
              <fieldlabel>points_possible</fieldlabel>
              <fieldentry>1.0</fieldentry>
            </qtimetadatafield>
            <qtimetadatafield>
              <fieldlabel>original_answer_ids</fieldlabel>
              <fieldentry>5282,6866,1488,3237</fieldentry>
            </qtimetadatafield>
            <qtimetadatafield>
              <fieldlabel>assessment_question_identifierref</fieldlabel>
              <fieldentry>gdadf502c6fd1ddd1f6a56ec91fb375a8</fieldentry>
            </qtimetadatafield>
          </qtimetadata>
        </itemmetadata>
        <presentation>
          <material>
            <mattext texttype="text/html">&lt;div&gt;Hypothesis testing defines a ________ and a ________ hypothesis.&lt;/div&gt;</mattext>
          </material>
          <response_lid ident="response1" rcardinality="Single">
            <render_choice>
              <response_label ident="5282">
                <material>
                  <mattext texttype="text/plain">null,alternative</mattext>
                </material>
              </response_label>
              <response_label ident="6866">
                <material>
                  <mattext texttype="text/plain">primary,secondary</mattext>
                </material>
              </response_label>
              <response_label ident="1488">
                <material>
                  <mattext texttype="text/plain">true,false</mattext>
                </material>
              </response_label>
              <response_label ident="3237">
                <material>
                  <mattext texttype="text/plain">concrete,abstract</mattext>
                </material>
              </response_label>
            </render_choice>
          </response_lid>
        </presentation>
        <resprocessing>
          <outcomes>
            <decvar maxvalue="100" minvalue="0" varname="SCORE" vartype="Decimal"/>
          </outcomes>
          <respcondition continue="No">
            <conditionvar>
              <varequal respident="response1">5282</varequal>
            </conditionvar>
            <setvar action="Set" varname="SCORE">100</setvar>
          </respcondition>
        </resprocessing>
      </item>
      <item ident="gf127e02e8abd9f9ca878a3e6da6f950a" title="Question">
        <itemmetadata>
          <qtimetadata>
            <qtimetadatafield>
              <fieldlabel>question_type</fieldlabel>
              <fieldentry>multiple_choice_question</fieldentry>
            </qtimetadatafield>
            <qtimetadatafield>
              <fieldlabel>points_possible</fieldlabel>
              <fieldentry>1.0</fieldentry>
            </qtimetadatafield>
            <qtimetadatafield>
              <fieldlabel>original_answer_ids</fieldlabel>
              <fieldentry>6789,8728,1848,4277</fieldentry>
            </qtimetadatafield>
            <qtimetadatafield>
              <fieldlabel>assessment_question_identifierref</fieldlabel>
              <fieldentry>g142a2501a286bbb71e7bc43c0bceffce</fieldentry>
            </qtimetadatafield>
          </qtimetadata>
        </itemmetadata>
        <presentation>
          <material>
            <mattext texttype="text/html">&lt;div&gt;In hypothesis testing, the null hypothesis is assumed to be ________.&lt;/div&gt;</mattext>
          </material>
          <response_lid ident="response1" rcardinality="Single">
            <render_choice>
              <response_label ident="6789">
                <material>
                  <mattext texttype="text/plain">true</mattext>
                </material>
              </response_label>
              <response_label ident="8728">
                <material>
                  <mattext texttype="text/plain">false</mattext>
                </material>
              </response_label>
              <response_label ident="1848">
                <material>
                  <mattext texttype="text/plain">indeterminant</mattext>
                </material>
              </response_label>
              <response_label ident="4277">
                <material>
                  <mattext texttype="text/plain">empty</mattext>
                </material>
              </response_label>
            </render_choice>
          </response_lid>
        </presentation>
        <resprocessing>
          <outcomes>
            <decvar maxvalue="100" minvalue="0" varname="SCORE" vartype="Decimal"/>
          </outcomes>
          <respcondition continue="No">
            <conditionvar>
              <varequal respident="response1">6789</varequal>
            </conditionvar>
            <setvar action="Set" varname="SCORE">100</setvar>
          </respcondition>
        </resprocessing>
      </item>
      <item ident="g4983cd085776ccdd87d88313c09a922d" title="Question">
        <itemmetadata>
          <qtimetadata>
            <qtimetadatafield>
              <fieldlabel>question_type</fieldlabel>
              <fieldentry>matching_question</fieldentry>
            </qtimetadatafield>
            <qtimetadatafield>
              <fieldlabel>points_possible</fieldlabel>
              <fieldentry>1.0</fieldentry>
            </qtimetadatafield>
            <qtimetadatafield>
              <fieldlabel>original_answer_ids</fieldlabel>
              <fieldentry>2112,8320,6687</fieldentry>
            </qtimetadatafield>
            <qtimetadatafield>
              <fieldlabel>assessment_question_identifierref</fieldlabel>
              <fieldentry>gf47b767d37e06559ff801f2d253307ba</fieldentry>
            </qtimetadatafield>
          </qtimetadata>
        </itemmetadata>
        <presentation>
          <material>
            <mattext texttype="text/html">&lt;div&gt;Match the description relative to the definition of the alternative hypothesis.&lt;/div&gt;</mattext>
          </material>
          <response_lid ident="response_2112">
            <material>
              <mattext texttype="text/plain">less-than statement</mattext>
            </material>
            <render_choice>
              <response_label ident="7743">
                <material>
                  <mattext>lower-tailed</mattext>
                </material>
              </response_label>
              <response_label ident="576">
                <material>
                  <mattext>upper-tailed</mattext>
                </material>
              </response_label>
              <response_label ident="3749">
                <material>
                  <mattext>two-tailed</mattext>
                </material>
              </response_label>
              <response_label ident="4161">
                <material>
                  <mattext>multi-tailed</mattext>
                </material>
              </response_label>
              <response_label ident="8512">
                <material>
                  <mattext>less-than-tailed</mattext>
                </material>
              </response_label>
              <response_label ident="9913">
                <material>
                  <mattext>greater-than-tailed</mattext>
                </material>
              </response_label>
            </render_choice>
          </response_lid>
          <response_lid ident="response_8320">
            <material>
              <mattext texttype="text/plain">greater-than statement</mattext>
            </material>
            <render_choice>
              <response_label ident="7743">
                <material>
                  <mattext>lower-tailed</mattext>
                </material>
              </response_label>
              <response_label ident="576">
                <material>
                  <mattext>upper-tailed</mattext>
                </material>
              </response_label>
              <response_label ident="3749">
                <material>
                  <mattext>two-tailed</mattext>
                </material>
              </response_label>
              <response_label ident="4161">
                <material>
                  <mattext>multi-tailed</mattext>
                </material>
              </response_label>
              <response_label ident="8512">
                <material>
                  <mattext>less-than-tailed</mattext>
                </material>
              </response_label>
              <response_label ident="9913">
                <material>
                  <mattext>greater-than-tailed</mattext>
                </material>
              </response_label>
            </render_choice>
          </response_lid>
          <response_lid ident="response_6687">
            <material>
              <mattext texttype="text/plain">not equal to</mattext>
            </material>
            <render_choice>
              <response_label ident="7743">
                <material>
                  <mattext>lower-tailed</mattext>
                </material>
              </response_label>
              <response_label ident="576">
                <material>
                  <mattext>upper-tailed</mattext>
                </material>
              </response_label>
              <response_label ident="3749">
                <material>
                  <mattext>two-tailed</mattext>
                </material>
              </response_label>
              <response_label ident="4161">
                <material>
                  <mattext>multi-tailed</mattext>
                </material>
              </response_label>
              <response_label ident="8512">
                <material>
                  <mattext>less-than-tailed</mattext>
                </material>
              </response_label>
              <response_label ident="9913">
                <material>
                  <mattext>greater-than-tailed</mattext>
                </material>
              </response_label>
            </render_choice>
          </response_lid>
        </presentation>
        <resprocessing>
          <outcomes>
            <decvar maxvalue="100" minvalue="0" varname="SCORE" vartype="Decimal"/>
          </outcomes>
          <respcondition>
            <conditionvar>
              <varequal respident="response_2112">7743</varequal>
            </conditionvar>
            <setvar varname="SCORE" action="Add">33.33</setvar>
          </respcondition>
          <respcondition>
            <conditionvar>
              <varequal respident="response_8320">576</varequal>
            </conditionvar>
            <setvar varname="SCORE" action="Add">33.33</setvar>
          </respcondition>
          <respcondition>
            <conditionvar>
              <varequal respident="response_6687">3749</varequal>
            </conditionvar>
            <setvar varname="SCORE" action="Add">33.33</setvar>
          </respcondition>
        </resprocessing>
      </item>
      <item ident="gf309dd034c5fc96d82c4056e6d759d33" title="Question">
        <itemmetadata>
          <qtimetadata>
            <qtimetadatafield>
              <fieldlabel>question_type</fieldlabel>
              <fieldentry>multiple_choice_question</fieldentry>
            </qtimetadatafield>
            <qtimetadatafield>
              <fieldlabel>points_possible</fieldlabel>
              <fieldentry>1.0</fieldentry>
            </qtimetadatafield>
            <qtimetadatafield>
              <fieldlabel>original_answer_ids</fieldlabel>
              <fieldentry>598,3445</fieldentry>
            </qtimetadatafield>
            <qtimetadatafield>
              <fieldlabel>assessment_question_identifierref</fieldlabel>
              <fieldentry>g99d958d3ccd86e43c737d6fb67e67fd3</fieldentry>
            </qtimetadatafield>
          </qtimetadata>
        </itemmetadata>
        <presentation>
          <material>
            <mattext texttype="text/html">&lt;div&gt;A smaller p-value implies a ________ extreme statistic.&lt;/div&gt;</mattext>
          </material>
          <response_lid ident="response1" rcardinality="Single">
            <render_choice>
              <response_label ident="598">
                <material>
                  <mattext texttype="text/plain">more</mattext>
                </material>
              </response_label>
              <response_label ident="3445">
                <material>
                  <mattext texttype="text/plain">less</mattext>
                </material>
              </response_label>
            </render_choice>
          </response_lid>
        </presentation>
        <resprocessing>
          <outcomes>
            <decvar maxvalue="100" minvalue="0" varname="SCORE" vartype="Decimal"/>
          </outcomes>
          <respcondition continue="No">
            <conditionvar>
              <varequal respident="response1">598</varequal>
            </conditionvar>
            <setvar action="Set" varname="SCORE">100</setvar>
          </respcondition>
        </resprocessing>
      </item>
      <item ident="g779cf73061574da1125441dd000d9ad6" title="Question">
        <itemmetadata>
          <qtimetadata>
            <qtimetadatafield>
              <fieldlabel>question_type</fieldlabel>
              <fieldentry>multiple_choice_question</fieldentry>
            </qtimetadatafield>
            <qtimetadatafield>
              <fieldlabel>points_possible</fieldlabel>
              <fieldentry>1.0</fieldentry>
            </qtimetadatafield>
            <qtimetadatafield>
              <fieldlabel>original_answer_ids</fieldlabel>
              <fieldentry>2420,4146,5819,1942</fieldentry>
            </qtimetadatafield>
            <qtimetadatafield>
              <fieldlabel>assessment_question_identifierref</fieldlabel>
              <fieldentry>gc3ba34d8680a3781eb2e752b8aead667</fieldentry>
            </qtimetadatafield>
          </qtimetadata>
        </itemmetadata>
        <presentation>
          <material>
            <mattext texttype="text/html">&lt;div&gt;A ________ arises when estimating the mean of a normally distributed population in situations where the sample size is small and the population standard deviation is unknown.&lt;/div&gt;</mattext>
          </material>
          <response_lid ident="response1" rcardinality="Single">
            <render_choice>
              <response_label ident="2420">
                <material>
                  <mattext texttype="text/plain">t-distribution</mattext>
                </material>
              </response_label>
              <response_label ident="4146">
                <material>
                  <mattext texttype="text/plain">z-distribution</mattext>
                </material>
              </response_label>
              <response_label ident="5819">
                <material>
                  <mattext texttype="text/plain">p-distribution</mattext>
                </material>
              </response_label>
              <response_label ident="1942">
                <material>
                  <mattext texttype="text/plain">q-distribution</mattext>
                </material>
              </response_label>
            </render_choice>
          </response_lid>
        </presentation>
        <resprocessing>
          <outcomes>
            <decvar maxvalue="100" minvalue="0" varname="SCORE" vartype="Decimal"/>
          </outcomes>
          <respcondition continue="No">
            <conditionvar>
              <varequal respident="response1">2420</varequal>
            </conditionvar>
            <setvar action="Set" varname="SCORE">100</setvar>
          </respcondition>
        </resprocessing>
      </item>
      <item ident="g6ec54e233f5a81cae7fb3099a475b0f5" title="Question">
        <itemmetadata>
          <qtimetadata>
            <qtimetadatafield>
              <fieldlabel>question_type</fieldlabel>
              <fieldentry>multiple_choice_question</fieldentry>
            </qtimetadatafield>
            <qtimetadatafield>
              <fieldlabel>points_possible</fieldlabel>
              <fieldentry>1.0</fieldentry>
            </qtimetadatafield>
            <qtimetadatafield>
              <fieldlabel>original_answer_ids</fieldlabel>
              <fieldentry>12309,12637,72606,42486</fieldentry>
            </qtimetadatafield>
            <qtimetadatafield>
              <fieldlabel>assessment_question_identifierref</fieldlabel>
              <fieldentry>gf47b767d37e06559ff801f2d253307ba</fieldentry>
            </qtimetadatafield>
          </qtimetadata>
        </itemmetadata>
        <presentation>
          <material>
            <mattext texttype="text/html">&lt;div&gt;Which one of the following t values resulting from a t-test provides a higher level of confidence for rejecting the null hypothesis?&lt;/div&gt;</mattext>
          </material>
          <response_lid ident="response1" rcardinality="Single">
            <render_choice>
              <response_label ident="12309">
                <material>
                  <mattext texttype="text/plain">-3.79</mattext>
                </material>
              </response_label>
              <response_label ident="12637">
                <material>
                  <mattext texttype="text/plain">3.25</mattext>
                </material>
              </response_label>
              <response_label ident="72606">
                <material>
                  <mattext texttype="text/plain">-2.51</mattext>
                </material>
              </response_label>
              <response_label ident="42486">
                <material>
                  <mattext texttype="text/plain">1.6</mattext>
                </material>
              </response_label>
            </render_choice>
          </response_lid>
        </presentation>
        <resprocessing>
          <outcomes>
            <decvar maxvalue="100" minvalue="0" varname="SCORE" vartype="Decimal"/>
          </outcomes>
          <respcondition continue="No">
            <conditionvar>
              <varequal respident="response1">12309</varequal>
            </conditionvar>
            <setvar action="Set" varname="SCORE">100</setvar>
          </respcondition>
        </resprocessing>
      </item>
      <item ident="gb2461a21bb0025cd295b2529d01ea1af" title="Question">
        <itemmetadata>
          <qtimetadata>
            <qtimetadatafield>
              <fieldlabel>question_type</fieldlabel>
              <fieldentry>multiple_choice_question</fieldentry>
            </qtimetadatafield>
            <qtimetadatafield>
              <fieldlabel>points_possible</fieldlabel>
              <fieldentry>1.0</fieldentry>
            </qtimetadatafield>
            <qtimetadatafield>
              <fieldlabel>original_answer_ids</fieldlabel>
              <fieldentry>52467,93485,3486,26147</fieldentry>
            </qtimetadatafield>
            <qtimetadatafield>
              <fieldlabel>assessment_question_identifierref</fieldlabel>
              <fieldentry>gf47b767d37e06559ff801f2d253307ba</fieldentry>
            </qtimetadatafield>
          </qtimetadata>
        </itemmetadata>
        <presentation>
          <material>
            <mattext texttype="text/html">&lt;div&gt;R defaults to a variation of the Student's t-test known as the ________ t-test which allows for different standard deviations.&lt;/div&gt;</mattext>
          </material>
          <response_lid ident="response1" rcardinality="Single">
            <render_choice>
              <response_label ident="52467">
                <material>
                  <mattext texttype="text/html">Welch's</mattext>
                </material>
              </response_label>
              <response_label ident="93485">
                <material>
                  <mattext texttype="text/html">Tukey's</mattext>
                </material>
              </response_label>
              <response_label ident="3486">
                <material>
                  <mattext texttype="text/plain">Progressive</mattext>
                </material>
              </response_label>
              <response_label ident="26147">
                <material>
                  <mattext texttype="text/plain">Linear</mattext>
                </material>
              </response_label>
            </render_choice>
          </response_lid>
        </presentation>
        <resprocessing>
          <outcomes>
            <decvar maxvalue="100" minvalue="0" varname="SCORE" vartype="Decimal"/>
          </outcomes>
          <respcondition continue="No">
            <conditionvar>
              <varequal respident="response1">52467</varequal>
            </conditionvar>
            <setvar action="Set" varname="SCORE">100</setvar>
          </respcondition>
        </resprocessing>
      </item>
      <item ident="g7b509f334437547759c1583d0f3b6a03" title="Question">
        <itemmetadata>
          <qtimetadata>
            <qtimetadatafield>
              <fieldlabel>question_type</fieldlabel>
              <fieldentry>multiple_choice_question</fieldentry>
            </qtimetadatafield>
            <qtimetadatafield>
              <fieldlabel>points_possible</fieldlabel>
              <fieldentry>1.0</fieldentry>
            </qtimetadatafield>
            <qtimetadatafield>
              <fieldlabel>original_answer_ids</fieldlabel>
              <fieldentry>94479,80844,22518,79348</fieldentry>
            </qtimetadatafield>
            <qtimetadatafield>
              <fieldlabel>assessment_question_identifierref</fieldlabel>
              <fieldentry>gf47b767d37e06559ff801f2d253307ba</fieldentry>
            </qtimetadatafield>
          </qtimetadata>
        </itemmetadata>
        <presentation>
          <material>
            <mattext texttype="text/html">&lt;div&gt;The significance levels used most often in hypothesis testing are ____ and ____.&lt;/div&gt;</mattext>
          </material>
          <response_lid ident="response1" rcardinality="Single">
            <render_choice>
              <response_label ident="94479">
                <material>
                  <mattext texttype="text/plain">1% and 5%</mattext>
                </material>
              </response_label>
              <response_label ident="80844">
                <material>
                  <mattext texttype="text/plain">.01% and 0.05%</mattext>
                </material>
              </response_label>
              <response_label ident="22518">
                <material>
                  <mattext texttype="text/plain">.1% and .5%</mattext>
                </material>
              </response_label>
              <response_label ident="79348">
                <material>
                  <mattext texttype="text/plain">1% and 10%</mattext>
                </material>
              </response_label>
            </render_choice>
          </response_lid>
        </presentation>
        <resprocessing>
          <outcomes>
            <decvar maxvalue="100" minvalue="0" varname="SCORE" vartype="Decimal"/>
          </outcomes>
          <respcondition continue="No">
            <conditionvar>
              <varequal respident="response1">94479</varequal>
            </conditionvar>
            <setvar action="Set" varname="SCORE">100</setvar>
          </respcondition>
        </resprocessing>
      </item>
      <item ident="g01d84775f379eed55dfb0d678bc2a04b" title="Question">
        <itemmetadata>
          <qtimetadata>
            <qtimetadatafield>
              <fieldlabel>question_type</fieldlabel>
              <fieldentry>multiple_choice_question</fieldentry>
            </qtimetadatafield>
            <qtimetadatafield>
              <fieldlabel>points_possible</fieldlabel>
              <fieldentry>1.0</fieldentry>
            </qtimetadatafield>
            <qtimetadatafield>
              <fieldlabel>original_answer_ids</fieldlabel>
              <fieldentry>8465,77113,26776,99328</fieldentry>
            </qtimetadatafield>
            <qtimetadatafield>
              <fieldlabel>assessment_question_identifierref</fieldlabel>
              <fieldentry>gf47b767d37e06559ff801f2d253307ba</fieldentry>
            </qtimetadatafield>
          </qtimetadata>
        </itemmetadata>
        <presentation>
          <material>
            <mattext texttype="text/html">&lt;div&gt;Given a significance level of 99%, a p-value of ______&amp;nbsp;would&amp;nbsp;indicate that the null hypothesis can be rejected.&lt;/div&gt;</mattext>
          </material>
          <response_lid ident="response1" rcardinality="Single">
            <render_choice>
              <response_label ident="8465">
                <material>
                  <mattext texttype="text/plain">0.005</mattext>
                </material>
              </response_label>
              <response_label ident="77113">
                <material>
                  <mattext texttype="text/plain">0.05</mattext>
                </material>
              </response_label>
              <response_label ident="26776">
                <material>
                  <mattext texttype="text/plain">0.02</mattext>
                </material>
              </response_label>
              <response_label ident="99328">
                <material>
                  <mattext texttype="text/plain">0.1</mattext>
                </material>
              </response_label>
            </render_choice>
          </response_lid>
        </presentation>
        <resprocessing>
          <outcomes>
            <decvar maxvalue="100" minvalue="0" varname="SCORE" vartype="Decimal"/>
          </outcomes>
          <respcondition continue="No">
            <conditionvar>
              <varequal respident="response1">8465</varequal>
            </conditionvar>
            <setvar action="Set" varname="SCORE">100</setvar>
          </respcondition>
        </resprocessing>
      </item>
      <item ident="g36dc30c7acdbf7d4a1e86e244e86eb96" title="Question">
        <itemmetadata>
          <qtimetadata>
            <qtimetadatafield>
              <fieldlabel>question_type</fieldlabel>
              <fieldentry>true_false_question</fieldentry>
            </qtimetadatafield>
            <qtimetadatafield>
              <fieldlabel>points_possible</fieldlabel>
              <fieldentry>1.0</fieldentry>
            </qtimetadatafield>
            <qtimetadatafield>
              <fieldlabel>original_answer_ids</fieldlabel>
              <fieldentry>4861,71057</fieldentry>
            </qtimetadatafield>
            <qtimetadatafield>
              <fieldlabel>assessment_question_identifierref</fieldlabel>
              <fieldentry>geaeae8b052d1d607ec28dc2a26132705</fieldentry>
            </qtimetadatafield>
          </qtimetadata>
        </itemmetadata>
        <presentation>
          <material>
            <mattext texttype="text/html">&lt;div&gt;All ANOVA data components must have the same length.&lt;/div&gt;</mattext>
          </material>
          <response_lid ident="response1" rcardinality="Single">
            <render_choice>
              <response_label ident="4861">
                <material>
                  <mattext texttype="text/plain">True</mattext>
                </material>
              </response_label>
              <response_label ident="71057">
                <material>
                  <mattext texttype="text/plain">False</mattext>
                </material>
              </response_label>
            </render_choice>
          </response_lid>
        </presentation>
        <resprocessing>
          <outcomes>
            <decvar maxvalue="100" minvalue="0" varname="SCORE" vartype="Decimal"/>
          </outcomes>
          <respcondition continue="No">
            <conditionvar>
              <varequal respident="response1">4861</varequal>
            </conditionvar>
            <setvar action="Set" varname="SCORE">100</setvar>
          </respcondition>
        </resprocessing>
      </item>
      <item ident="g4fc7c7b6279cd9ba9e4fe75944212230" title="Question">
        <itemmetadata>
          <qtimetadata>
            <qtimetadatafield>
              <fieldlabel>question_type</fieldlabel>
              <fieldentry>multiple_choice_question</fieldentry>
            </qtimetadatafield>
            <qtimetadatafield>
              <fieldlabel>points_possible</fieldlabel>
              <fieldentry>1.0</fieldentry>
            </qtimetadatafield>
            <qtimetadatafield>
              <fieldlabel>original_answer_ids</fieldlabel>
              <fieldentry>23445,27042,25915,32639</fieldentry>
            </qtimetadatafield>
            <qtimetadatafield>
              <fieldlabel>assessment_question_identifierref</fieldlabel>
              <fieldentry>g479aecad8d637c1c9741207af0f97a4e</fieldentry>
            </qtimetadatafield>
          </qtimetadata>
        </itemmetadata>
        <presentation>
          <material>
            <mattext texttype="text/html">&lt;div&gt;An ANOVA test requires at least ________&amp;nbsp;groups.&lt;/div&gt;</mattext>
          </material>
          <response_lid ident="response1" rcardinality="Single">
            <render_choice>
              <response_label ident="23445">
                <material>
                  <mattext texttype="text/plain">3</mattext>
                </material>
              </response_label>
              <response_label ident="27042">
                <material>
                  <mattext texttype="text/plain">2</mattext>
                </material>
              </response_label>
              <response_label ident="25915">
                <material>
                  <mattext texttype="text/plain">4</mattext>
                </material>
              </response_label>
              <response_label ident="32639">
                <material>
                  <mattext texttype="text/plain">1</mattext>
                </material>
              </response_label>
            </render_choice>
          </response_lid>
        </presentation>
        <resprocessing>
          <outcomes>
            <decvar maxvalue="100" minvalue="0" varname="SCORE" vartype="Decimal"/>
          </outcomes>
          <respcondition continue="No">
            <conditionvar>
              <varequal respident="response1">23445</varequal>
            </conditionvar>
            <setvar action="Set" varname="SCORE">100</setvar>
          </respcondition>
        </resprocessing>
      </item>
      <item ident="g095256cf9d6ec47775dcce7afa076d14" title="Question">
        <itemmetadata>
          <qtimetadata>
            <qtimetadatafield>
              <fieldlabel>question_type</fieldlabel>
              <fieldentry>multiple_choice_question</fieldentry>
            </qtimetadatafield>
            <qtimetadatafield>
              <fieldlabel>points_possible</fieldlabel>
              <fieldentry>1.0</fieldentry>
            </qtimetadatafield>
            <qtimetadatafield>
              <fieldlabel>original_answer_ids</fieldlabel>
              <fieldentry>28946,58709,92624,88495</fieldentry>
            </qtimetadatafield>
            <qtimetadatafield>
              <fieldlabel>assessment_question_identifierref</fieldlabel>
              <fieldentry>g75e68761fc596d18f639a85461dbe78d</fieldentry>
            </qtimetadatafield>
          </qtimetadata>
        </itemmetadata>
        <presentation>
          <material>
            <mattext texttype="text/html">&lt;div&gt;To perform ANOVA in R,&amp;nbsp;the data should be in ________&amp;nbsp;form.&lt;/div&gt;</mattext>
          </material>
          <response_lid ident="response1" rcardinality="Single">
            <render_choice>
              <response_label ident="28946">
                <material>
                  <mattext texttype="text/plain">data frame</mattext>
                </material>
              </response_label>
              <response_label ident="58709">
                <material>
                  <mattext texttype="text/plain">matrix</mattext>
                </material>
              </response_label>
              <response_label ident="92624">
                <material>
                  <mattext texttype="text/plain">numeric</mattext>
                </material>
              </response_label>
              <response_label ident="88495">
                <material>
                  <mattext texttype="text/plain">factor</mattext>
                </material>
              </response_label>
            </render_choice>
          </response_lid>
        </presentation>
        <resprocessing>
          <outcomes>
            <decvar maxvalue="100" minvalue="0" varname="SCORE" vartype="Decimal"/>
          </outcomes>
          <respcondition continue="No">
            <conditionvar>
              <varequal respident="response1">28946</varequal>
            </conditionvar>
            <setvar action="Set" varname="SCORE">100</setvar>
          </respcondition>
        </resprocessing>
      </item>
      <item ident="gfe537f0911088df937b57a522cd4b1cd" title="Question">
        <itemmetadata>
          <qtimetadata>
            <qtimetadatafield>
              <fieldlabel>question_type</fieldlabel>
              <fieldentry>multiple_choice_question</fieldentry>
            </qtimetadatafield>
            <qtimetadatafield>
              <fieldlabel>points_possible</fieldlabel>
              <fieldentry>1.0</fieldentry>
            </qtimetadatafield>
            <qtimetadatafield>
              <fieldlabel>original_answer_ids</fieldlabel>
              <fieldentry>26288,3167,29178,28761</fieldentry>
            </qtimetadatafield>
            <qtimetadatafield>
              <fieldlabel>assessment_question_identifierref</fieldlabel>
              <fieldentry>g7ec88812edda196659d7571f2f023f6d</fieldentry>
            </qtimetadatafield>
          </qtimetadata>
        </itemmetadata>
        <presentation>
          <material>
            <mattext texttype="text/html">&lt;div&gt;A two-way ANOVA uses ______&amp;nbsp;predictor variable(s) and ______ response variable(s).&lt;/div&gt;</mattext>
          </material>
          <response_lid ident="response1" rcardinality="Single">
            <render_choice>
              <response_label ident="26288">
                <material>
                  <mattext texttype="text/plain">2 predictor variables, 1 response variable</mattext>
                </material>
              </response_label>
              <response_label ident="3167">
                <material>
                  <mattext texttype="text/plain">1 predictor variable, 2 response variables</mattext>
                </material>
              </response_label>
              <response_label ident="29178">
                <material>
                  <mattext texttype="text/plain">3 or more predictor variables, 1 response variable</mattext>
                </material>
              </response_label>
              <response_label ident="28761">
                <material>
                  <mattext texttype="text/plain">1 predictor variable, 1 response variable</mattext>
                </material>
              </response_label>
            </render_choice>
          </response_lid>
        </presentation>
        <resprocessing>
          <outcomes>
            <decvar maxvalue="100" minvalue="0" varname="SCORE" vartype="Decimal"/>
          </outcomes>
          <respcondition continue="No">
            <conditionvar>
              <varequal respident="response1">26288</varequal>
            </conditionvar>
            <setvar action="Set" varname="SCORE">100</setvar>
          </respcondition>
        </resprocessing>
      </item>
    </section>
  </assessment>
</questestinterop>
