<?xml version="1.0" encoding="UTF-8"?>
<questestinterop xmlns="http://www.imsglobal.org/xsd/ims_qtiasiv1p2" xmlns:xsi="http://www.w3.org/2001/XMLSchema-instance" xsi:schemaLocation="http://www.imsglobal.org/xsd/ims_qtiasiv1p2 http://www.imsglobal.org/xsd/ims_qtiasiv1p2p1.xsd">
  <assessment ident="gb8c6c7efe8bf36b53dc0e740af5056d9" title="Review Quiz 10">
    <qtimetadata>
      <qtimetadatafield>
        <fieldlabel>cc_maxattempts</fieldlabel>
        <fieldentry>unlimited</fieldentry>
      </qtimetadatafield>
    </qtimetadata>
    <section ident="root_section">
      <item ident="g0fa22d4ea64c0ae1bcac01c51badcc13" title="Question">
        <itemmetadata>
          <qtimetadata>
            <qtimetadatafield>
              <fieldlabel>question_type</fieldlabel>
              <fieldentry>multiple_choice_question</fieldentry>
            </qtimetadatafield>
            <qtimetadatafield>
              <fieldlabel>points_possible</fieldlabel>
              <fieldentry>1.0</fieldentry>
            </qtimetadatafield>
            <qtimetadatafield>
              <fieldlabel>original_answer_ids</fieldlabel>
              <fieldentry>35467,61552,2213,29409</fieldentry>
            </qtimetadatafield>
            <qtimetadatafield>
              <fieldlabel>assessment_question_identifierref</fieldlabel>
              <fieldentry>gf47b767d37e06559ff801f2d253307ba</fieldentry>
            </qtimetadatafield>
          </qtimetadata>
        </itemmetadata>
        <presentation>
          <material>
            <mattext texttype="text/html">&lt;div&gt;
&lt;p&gt;Choose the R statement which generated the graph shown below, which is based on the tidyverse&amp;nbsp;mpg data frame.&lt;/p&gt;
&lt;p&gt;&lt;img src="https://fscj.instructure.com/assessment_questions/4195416/files/1944668/download?verifier=RHzh50oQScESOD5c80jW4hqIGpmt2bIALq8l9uAG" alt="" width="413" height="314"&gt;&lt;/p&gt;
&lt;/div&gt;</mattext>
          </material>
          <response_lid ident="response1" rcardinality="Single">
            <render_choice>
              <response_label ident="35467">
                <material>
                  <mattext texttype="text/plain">ggplot(data = mpg) + geom_point(mapping = aes(x = hwy, y = displ))</mattext>
                </material>
              </response_label>
              <response_label ident="61552">
                <material>
                  <mattext texttype="text/plain">ggplot(data = mpg) + geom_point(mapping = aes(x = displ, y = hwy))</mattext>
                </material>
              </response_label>
              <response_label ident="2213">
                <material>
                  <mattext texttype="text/plain">ggplot(data = c(hwy, displ))</mattext>
                </material>
              </response_label>
              <response_label ident="29409">
                <material>
                  <mattext texttype="text/plain">ggplot(data = mpg) + geom_data(mapping = axis(x = hwy, y = displ))</mattext>
                </material>
              </response_label>
            </render_choice>
          </response_lid>
        </presentation>
        <resprocessing>
          <outcomes>
            <decvar maxvalue="100" minvalue="0" varname="SCORE" vartype="Decimal"/>
          </outcomes>
          <respcondition continue="No">
            <conditionvar>
              <varequal respident="response1">35467</varequal>
            </conditionvar>
            <setvar action="Set" varname="SCORE">100</setvar>
          </respcondition>
        </resprocessing>
      </item>
      <item ident="g5016fad0c44431b24e4edefd74481152" title="Question">
        <itemmetadata>
          <qtimetadata>
            <qtimetadatafield>
              <fieldlabel>question_type</fieldlabel>
              <fieldentry>multiple_choice_question</fieldentry>
            </qtimetadatafield>
            <qtimetadatafield>
              <fieldlabel>points_possible</fieldlabel>
              <fieldentry>1.0</fieldentry>
            </qtimetadatafield>
            <qtimetadatafield>
              <fieldlabel>original_answer_ids</fieldlabel>
              <fieldentry>41420,28385,80218,10980</fieldentry>
            </qtimetadatafield>
            <qtimetadatafield>
              <fieldlabel>assessment_question_identifierref</fieldlabel>
              <fieldentry>gf47b767d37e06559ff801f2d253307ba</fieldentry>
            </qtimetadatafield>
          </qtimetadata>
        </itemmetadata>
        <presentation>
          <material>
            <mattext texttype="text/html">&lt;div&gt;The first argument to ggplot&amp;nbsp;is the ________.&lt;/div&gt;</mattext>
          </material>
          <response_lid ident="response1" rcardinality="Single">
            <render_choice>
              <response_label ident="41420">
                <material>
                  <mattext texttype="text/plain">dataset</mattext>
                </material>
              </response_label>
              <response_label ident="28385">
                <material>
                  <mattext texttype="text/plain">layer</mattext>
                </material>
              </response_label>
              <response_label ident="80218">
                <material>
                  <mattext texttype="text/plain">axes vector</mattext>
                </material>
              </response_label>
              <response_label ident="10980">
                <material>
                  <mattext texttype="text/plain">mapping</mattext>
                </material>
              </response_label>
            </render_choice>
          </response_lid>
        </presentation>
        <resprocessing>
          <outcomes>
            <decvar maxvalue="100" minvalue="0" varname="SCORE" vartype="Decimal"/>
          </outcomes>
          <respcondition continue="No">
            <conditionvar>
              <varequal respident="response1">41420</varequal>
            </conditionvar>
            <setvar action="Set" varname="SCORE">100</setvar>
          </respcondition>
        </resprocessing>
      </item>
      <item ident="gb685252fcc2c93d22eed4c82473cc534" title="Question">
        <itemmetadata>
          <qtimetadata>
            <qtimetadatafield>
              <fieldlabel>question_type</fieldlabel>
              <fieldentry>multiple_choice_question</fieldentry>
            </qtimetadatafield>
            <qtimetadatafield>
              <fieldlabel>points_possible</fieldlabel>
              <fieldentry>1.0</fieldentry>
            </qtimetadatafield>
            <qtimetadatafield>
              <fieldlabel>original_answer_ids</fieldlabel>
              <fieldentry>59327,824,10132,59739</fieldentry>
            </qtimetadatafield>
            <qtimetadatafield>
              <fieldlabel>assessment_question_identifierref</fieldlabel>
              <fieldentry>gf47b767d37e06559ff801f2d253307ba</fieldentry>
            </qtimetadatafield>
          </qtimetadata>
        </itemmetadata>
        <presentation>
          <material>
            <mattext texttype="text/html">&lt;div&gt;________ are subplots that each display one subset of the data&lt;/div&gt;</mattext>
          </material>
          <response_lid ident="response1" rcardinality="Single">
            <render_choice>
              <response_label ident="59327">
                <material>
                  <mattext texttype="text/plain">facets</mattext>
                </material>
              </response_label>
              <response_label ident="824">
                <material>
                  <mattext texttype="text/plain">geom_points</mattext>
                </material>
              </response_label>
              <response_label ident="10132">
                <material>
                  <mattext texttype="text/plain">aesthetics</mattext>
                </material>
              </response_label>
              <response_label ident="59739">
                <material>
                  <mattext texttype="text/plain">mappings</mattext>
                </material>
              </response_label>
            </render_choice>
          </response_lid>
        </presentation>
        <resprocessing>
          <outcomes>
            <decvar maxvalue="100" minvalue="0" varname="SCORE" vartype="Decimal"/>
          </outcomes>
          <respcondition continue="No">
            <conditionvar>
              <varequal respident="response1">59327</varequal>
            </conditionvar>
            <setvar action="Set" varname="SCORE">100</setvar>
          </respcondition>
        </resprocessing>
      </item>
      <item ident="g355804c60b51dd95ae2fd7d93c54210f" title="Question">
        <itemmetadata>
          <qtimetadata>
            <qtimetadatafield>
              <fieldlabel>question_type</fieldlabel>
              <fieldentry>multiple_choice_question</fieldentry>
            </qtimetadatafield>
            <qtimetadatafield>
              <fieldlabel>points_possible</fieldlabel>
              <fieldentry>1.0</fieldentry>
            </qtimetadatafield>
            <qtimetadatafield>
              <fieldlabel>original_answer_ids</fieldlabel>
              <fieldentry>7849,87409,13879,97526</fieldentry>
            </qtimetadatafield>
            <qtimetadatafield>
              <fieldlabel>assessment_question_identifierref</fieldlabel>
              <fieldentry>gf47b767d37e06559ff801f2d253307ba</fieldentry>
            </qtimetadatafield>
          </qtimetadata>
        </itemmetadata>
        <presentation>
          <material>
            <mattext texttype="text/html">&lt;div&gt;The ________&amp;nbsp;function&amp;nbsp;wraps a 1 dimensional sequence of panels into 2 dimensions.&lt;/div&gt;</mattext>
          </material>
          <response_lid ident="response1" rcardinality="Single">
            <render_choice>
              <response_label ident="7849">
                <material>
                  <mattext texttype="text/plain">facet_wrap()</mattext>
                </material>
              </response_label>
              <response_label ident="87409">
                <material>
                  <mattext texttype="text/plain">facet()</mattext>
                </material>
              </response_label>
              <response_label ident="13879">
                <material>
                  <mattext texttype="text/plain">wrap_sequence()</mattext>
                </material>
              </response_label>
              <response_label ident="97526">
                <material>
                  <mattext texttype="text/plain">wrap()</mattext>
                </material>
              </response_label>
            </render_choice>
          </response_lid>
        </presentation>
        <resprocessing>
          <outcomes>
            <decvar maxvalue="100" minvalue="0" varname="SCORE" vartype="Decimal"/>
          </outcomes>
          <respcondition continue="No">
            <conditionvar>
              <varequal respident="response1">7849</varequal>
            </conditionvar>
            <setvar action="Set" varname="SCORE">100</setvar>
          </respcondition>
        </resprocessing>
      </item>
      <item ident="ga953bc3c404633589d50b3e4ad40626e" title="Question">
        <itemmetadata>
          <qtimetadata>
            <qtimetadatafield>
              <fieldlabel>question_type</fieldlabel>
              <fieldentry>multiple_choice_question</fieldentry>
            </qtimetadatafield>
            <qtimetadatafield>
              <fieldlabel>points_possible</fieldlabel>
              <fieldentry>1.0</fieldentry>
            </qtimetadatafield>
            <qtimetadatafield>
              <fieldlabel>original_answer_ids</fieldlabel>
              <fieldentry>49805,4121,26562,2169</fieldentry>
            </qtimetadatafield>
            <qtimetadatafield>
              <fieldlabel>assessment_question_identifierref</fieldlabel>
              <fieldentry>gf47b767d37e06559ff801f2d253307ba</fieldentry>
            </qtimetadatafield>
          </qtimetadata>
        </itemmetadata>
        <presentation>
          <material>
            <mattext texttype="text/html">&lt;div&gt;The tilde operator ~ characterizes ________ in R.&lt;/div&gt;</mattext>
          </material>
          <response_lid ident="response1" rcardinality="Single">
            <render_choice>
              <response_label ident="49805">
                <material>
                  <mattext texttype="text/plain">formulas</mattext>
                </material>
              </response_label>
              <response_label ident="4121">
                <material>
                  <mattext texttype="text/plain">sequences</mattext>
                </material>
              </response_label>
              <response_label ident="26562">
                <material>
                  <mattext texttype="text/plain">models</mattext>
                </material>
              </response_label>
              <response_label ident="2169">
                <material>
                  <mattext texttype="text/plain">logical operators</mattext>
                </material>
              </response_label>
            </render_choice>
          </response_lid>
        </presentation>
        <resprocessing>
          <outcomes>
            <decvar maxvalue="100" minvalue="0" varname="SCORE" vartype="Decimal"/>
          </outcomes>
          <respcondition continue="No">
            <conditionvar>
              <varequal respident="response1">49805</varequal>
            </conditionvar>
            <setvar action="Set" varname="SCORE">100</setvar>
          </respcondition>
        </resprocessing>
      </item>
      <item ident="g3edd3fde2568aef11e79cbd31b66eeef" title="Question">
        <itemmetadata>
          <qtimetadata>
            <qtimetadatafield>
              <fieldlabel>question_type</fieldlabel>
              <fieldentry>multiple_choice_question</fieldentry>
            </qtimetadatafield>
            <qtimetadatafield>
              <fieldlabel>points_possible</fieldlabel>
              <fieldentry>1.0</fieldentry>
            </qtimetadatafield>
            <qtimetadatafield>
              <fieldlabel>original_answer_ids</fieldlabel>
              <fieldentry>41952,4251,97774,64721</fieldentry>
            </qtimetadatafield>
            <qtimetadatafield>
              <fieldlabel>assessment_question_identifierref</fieldlabel>
              <fieldentry>gf47b767d37e06559ff801f2d253307ba</fieldentry>
            </qtimetadatafield>
          </qtimetadata>
        </itemmetadata>
        <presentation>
          <material>
            <mattext texttype="text/html">&lt;div&gt;A ______ is the geometrical object that a plot uses to represent data.&lt;/div&gt;</mattext>
          </material>
          <response_lid ident="response1" rcardinality="Single">
            <render_choice>
              <response_label ident="41952">
                <material>
                  <mattext texttype="text/plain">geom</mattext>
                </material>
              </response_label>
              <response_label ident="4251">
                <material>
                  <mattext texttype="text/plain">geometric_object</mattext>
                </material>
              </response_label>
              <response_label ident="97774">
                <material>
                  <mattext texttype="text/plain">shape</mattext>
                </material>
              </response_label>
              <response_label ident="64721">
                <material>
                  <mattext texttype="text/plain">pattern</mattext>
                </material>
              </response_label>
            </render_choice>
          </response_lid>
        </presentation>
        <resprocessing>
          <outcomes>
            <decvar maxvalue="100" minvalue="0" varname="SCORE" vartype="Decimal"/>
          </outcomes>
          <respcondition continue="No">
            <conditionvar>
              <varequal respident="response1">41952</varequal>
            </conditionvar>
            <setvar action="Set" varname="SCORE">100</setvar>
          </respcondition>
        </resprocessing>
      </item>
      <item ident="ga230298adac9c04e980082983665ec98" title="Question">
        <itemmetadata>
          <qtimetadata>
            <qtimetadatafield>
              <fieldlabel>question_type</fieldlabel>
              <fieldentry>multiple_choice_question</fieldentry>
            </qtimetadatafield>
            <qtimetadatafield>
              <fieldlabel>points_possible</fieldlabel>
              <fieldentry>1.0</fieldentry>
            </qtimetadatafield>
            <qtimetadatafield>
              <fieldlabel>original_answer_ids</fieldlabel>
              <fieldentry>15152,95048,56421,10977</fieldentry>
            </qtimetadatafield>
            <qtimetadatafield>
              <fieldlabel>assessment_question_identifierref</fieldlabel>
              <fieldentry>gf47b767d37e06559ff801f2d253307ba</fieldentry>
            </qtimetadatafield>
          </qtimetadata>
        </itemmetadata>
        <presentation>
          <material>
            <mattext texttype="text/html">&lt;div&gt;
&lt;p&gt;Identify the problem with the following plot statement:&lt;/p&gt;
&lt;p&gt;&amp;nbsp; &amp;nbsp;&amp;nbsp;ggplot(data = mpg) + geom_smooth(mapping = aes(x = displ, y = cty, group = hwy))&lt;/p&gt;
&lt;/div&gt;</mattext>
          </material>
          <response_lid ident="response1" rcardinality="Single">
            <render_choice>
              <response_label ident="15152">
                <material>
                  <mattext texttype="text/plain">hwy is not a categorical variable</mattext>
                </material>
              </response_label>
              <response_label ident="95048">
                <material>
                  <mattext texttype="text/plain">cty is not a valid column in the mpg data</mattext>
                </material>
              </response_label>
              <response_label ident="56421">
                <material>
                  <mattext texttype="text/plain">geom_smooth() cannot group variables</mattext>
                </material>
              </response_label>
              <response_label ident="10977">
                <material>
                  <mattext texttype="text/plain">group = hwy should not be an aes argument, it should be a geom_smooth argument</mattext>
                </material>
              </response_label>
            </render_choice>
          </response_lid>
        </presentation>
        <resprocessing>
          <outcomes>
            <decvar maxvalue="100" minvalue="0" varname="SCORE" vartype="Decimal"/>
          </outcomes>
          <respcondition continue="No">
            <conditionvar>
              <varequal respident="response1">15152</varequal>
            </conditionvar>
            <setvar action="Set" varname="SCORE">100</setvar>
            <displayfeedback feedbacktype="Response" linkrefid="correct_fb"/>
          </respcondition>
        </resprocessing>
        <itemfeedback ident="correct_fb">
          <flow_mat>
            <material>
              <mattext texttype="text/plain">Correct. hwy is a continuous (i.e. numeric) variable with an infinite range. Grouping requires variables with discrete, non-continuous values (e.g. class, fuel type, drive train type).</mattext>
            </material>
          </flow_mat>
        </itemfeedback>
      </item>
      <item ident="g9755a48d44e98194ef31eae0b6cd0f0a" title="Question">
        <itemmetadata>
          <qtimetadata>
            <qtimetadatafield>
              <fieldlabel>question_type</fieldlabel>
              <fieldentry>multiple_answers_question</fieldentry>
            </qtimetadatafield>
            <qtimetadatafield>
              <fieldlabel>points_possible</fieldlabel>
              <fieldentry>1.0</fieldentry>
            </qtimetadatafield>
            <qtimetadatafield>
              <fieldlabel>original_answer_ids</fieldlabel>
              <fieldentry>17142,83652,67926,56639</fieldentry>
            </qtimetadatafield>
            <qtimetadatafield>
              <fieldlabel>assessment_question_identifierref</fieldlabel>
              <fieldentry>gf47b767d37e06559ff801f2d253307ba</fieldentry>
            </qtimetadatafield>
          </qtimetadata>
        </itemmetadata>
        <presentation>
          <material>
            <mattext texttype="text/html">&lt;div&gt;Identify the three underlying concepts of the dplyr&amp;nbsp;package&lt;/div&gt;</mattext>
          </material>
          <response_lid ident="response1" rcardinality="Multiple">
            <render_choice>
              <response_label ident="17142">
                <material>
                  <mattext texttype="text/plain">performance</mattext>
                </material>
              </response_label>
              <response_label ident="83652">
                <material>
                  <mattext texttype="text/plain">cross-compatibility</mattext>
                </material>
              </response_label>
              <response_label ident="67926">
                <material>
                  <mattext texttype="text/plain">individual functions</mattext>
                </material>
              </response_label>
              <response_label ident="56639">
                <material>
                  <mattext texttype="text/plain">simplicity</mattext>
                </material>
              </response_label>
            </render_choice>
          </response_lid>
        </presentation>
        <resprocessing>
          <outcomes>
            <decvar maxvalue="100" minvalue="0" varname="SCORE" vartype="Decimal"/>
          </outcomes>
          <respcondition continue="No">
            <conditionvar>
              <and>
                <varequal respident="response1">17142</varequal>
                <varequal respident="response1">83652</varequal>
                <varequal respident="response1">67926</varequal>
                <not>
                  <varequal respident="response1">56639</varequal>
                </not>
              </and>
            </conditionvar>
            <setvar action="Set" varname="SCORE">100</setvar>
          </respcondition>
        </resprocessing>
      </item>
      <item ident="g9e9cef49588b7accf048a462a7400c72" title="Question">
        <itemmetadata>
          <qtimetadata>
            <qtimetadatafield>
              <fieldlabel>question_type</fieldlabel>
              <fieldentry>short_answer_question</fieldentry>
            </qtimetadatafield>
            <qtimetadatafield>
              <fieldlabel>points_possible</fieldlabel>
              <fieldentry>1.0</fieldentry>
            </qtimetadatafield>
            <qtimetadatafield>
              <fieldlabel>original_answer_ids</fieldlabel>
              <fieldentry>82912</fieldentry>
            </qtimetadatafield>
            <qtimetadatafield>
              <fieldlabel>assessment_question_identifierref</fieldlabel>
              <fieldentry>gf47b767d37e06559ff801f2d253307ba</fieldentry>
            </qtimetadatafield>
          </qtimetadata>
        </itemmetadata>
        <presentation>
          <material>
            <mattext texttype="text/html">&lt;div&gt;Loading dplyr masks the base R filter function.&amp;nbsp;How do you call that function instead of the version supplied&amp;nbsp;by dplyr?&lt;/div&gt;</mattext>
          </material>
          <response_str ident="response1" rcardinality="Single">
            <render_fib>
              <response_label ident="answer1" rshuffle="No"/>
            </render_fib>
          </response_str>
        </presentation>
        <resprocessing>
          <outcomes>
            <decvar maxvalue="100" minvalue="0" varname="SCORE" vartype="Decimal"/>
          </outcomes>
          <respcondition continue="No">
            <conditionvar>
              <varequal respident="response1">stats::filter</varequal>
            </conditionvar>
            <setvar action="Set" varname="SCORE">100</setvar>
          </respcondition>
          <respcondition continue="Yes">
            <conditionvar>
              <other/>
            </conditionvar>
            <displayfeedback feedbacktype="Response" linkrefid="general_incorrect_fb"/>
          </respcondition>
        </resprocessing>
        <itemfeedback ident="general_incorrect_fb">
          <flow_mat>
            <material>
              <mattext texttype="text/plain">The base function is in the R "stats" package.Remeber to use the :: operator.</mattext>
            </material>
          </flow_mat>
        </itemfeedback>
      </item>
      <item ident="g885fbc3fc6fccecf1e11b35b766359aa" title="Question">
        <itemmetadata>
          <qtimetadata>
            <qtimetadatafield>
              <fieldlabel>question_type</fieldlabel>
              <fieldentry>multiple_choice_question</fieldentry>
            </qtimetadatafield>
            <qtimetadatafield>
              <fieldlabel>points_possible</fieldlabel>
              <fieldentry>1.0</fieldentry>
            </qtimetadatafield>
            <qtimetadatafield>
              <fieldlabel>original_answer_ids</fieldlabel>
              <fieldentry>61841,31554,58707,83234</fieldentry>
            </qtimetadatafield>
            <qtimetadatafield>
              <fieldlabel>assessment_question_identifierref</fieldlabel>
              <fieldentry>gf47b767d37e06559ff801f2d253307ba</fieldentry>
            </qtimetadatafield>
          </qtimetadata>
        </itemmetadata>
        <presentation>
          <material>
            <mattext texttype="text/html">&lt;div&gt;dplyr&amp;nbsp;tibbles&amp;nbsp;refer to date+time values as the&amp;nbsp;______ type, where as R normally refers to them as POSIXct type.&lt;/div&gt;</mattext>
          </material>
          <response_lid ident="response1" rcardinality="Single">
            <render_choice>
              <response_label ident="61841">
                <material>
                  <mattext texttype="text/plain">dttm</mattext>
                </material>
              </response_label>
              <response_label ident="31554">
                <material>
                  <mattext texttype="text/plain">datetime</mattext>
                </material>
              </response_label>
              <response_label ident="58707">
                <material>
                  <mattext texttype="text/plain">dt</mattext>
                </material>
              </response_label>
              <response_label ident="83234">
                <material>
                  <mattext texttype="text/plain">date</mattext>
                </material>
              </response_label>
            </render_choice>
          </response_lid>
        </presentation>
        <resprocessing>
          <outcomes>
            <decvar maxvalue="100" minvalue="0" varname="SCORE" vartype="Decimal"/>
          </outcomes>
          <respcondition continue="No">
            <conditionvar>
              <varequal respident="response1">61841</varequal>
            </conditionvar>
            <setvar action="Set" varname="SCORE">100</setvar>
          </respcondition>
        </resprocessing>
      </item>
      <item ident="gb977e99bc0c5a017617bd25f30598949" title="Question">
        <itemmetadata>
          <qtimetadata>
            <qtimetadatafield>
              <fieldlabel>question_type</fieldlabel>
              <fieldentry>multiple_choice_question</fieldentry>
            </qtimetadatafield>
            <qtimetadatafield>
              <fieldlabel>points_possible</fieldlabel>
              <fieldentry>1.0</fieldentry>
            </qtimetadatafield>
            <qtimetadatafield>
              <fieldlabel>original_answer_ids</fieldlabel>
              <fieldentry>78378,29781,30317,63369</fieldentry>
            </qtimetadatafield>
            <qtimetadatafield>
              <fieldlabel>assessment_question_identifierref</fieldlabel>
              <fieldentry>gf47b767d37e06559ff801f2d253307ba</fieldentry>
            </qtimetadatafield>
          </qtimetadata>
        </itemmetadata>
        <presentation>
          <material>
            <mattext texttype="text/html">&lt;div&gt;Which of the following statements will extract flights leaving after 9PM in December of 2013 from&amp;nbsp;the nycflights13 flights data?&lt;/div&gt;</mattext>
          </material>
          <response_lid ident="response1" rcardinality="Single">
            <render_choice>
              <response_label ident="78378">
                <material>
                  <mattext texttype="text/html">filter(flights, month == 12, dep_time &amp;gt; 2100)</mattext>
                </material>
              </response_label>
              <response_label ident="29781">
                <material>
                  <mattext texttype="text/html">filter(flights, month = 12, dep_time &amp;gt; 2100)</mattext>
                </material>
              </response_label>
              <response_label ident="30317">
                <material>
                  <mattext texttype="text/html">filter(flights, month == 12, dep_time &amp;lt; 2100)</mattext>
                </material>
              </response_label>
              <response_label ident="63369">
                <material>
                  <mattext texttype="text/html">filter(flights, month = 12, dep_time &amp;lt; 2100)</mattext>
                </material>
              </response_label>
            </render_choice>
          </response_lid>
        </presentation>
        <resprocessing>
          <outcomes>
            <decvar maxvalue="100" minvalue="0" varname="SCORE" vartype="Decimal"/>
          </outcomes>
          <respcondition continue="No">
            <conditionvar>
              <varequal respident="response1">78378</varequal>
            </conditionvar>
            <setvar action="Set" varname="SCORE">100</setvar>
          </respcondition>
        </resprocessing>
      </item>
      <item ident="gd1de624ea3ddbd191d8036fbb127d4fa" title="Question">
        <itemmetadata>
          <qtimetadata>
            <qtimetadatafield>
              <fieldlabel>question_type</fieldlabel>
              <fieldentry>multiple_choice_question</fieldentry>
            </qtimetadatafield>
            <qtimetadatafield>
              <fieldlabel>points_possible</fieldlabel>
              <fieldentry>1.0</fieldentry>
            </qtimetadatafield>
            <qtimetadatafield>
              <fieldlabel>original_answer_ids</fieldlabel>
              <fieldentry>54046,17665,25388,97543</fieldentry>
            </qtimetadatafield>
            <qtimetadatafield>
              <fieldlabel>assessment_question_identifierref</fieldlabel>
              <fieldentry>gf47b767d37e06559ff801f2d253307ba</fieldentry>
            </qtimetadatafield>
          </qtimetadata>
        </itemmetadata>
        <presentation>
          <material>
            <mattext texttype="text/html">&lt;div&gt;Use the ________&amp;nbsp;function to work around floating point precision issues in R.&lt;/div&gt;</mattext>
          </material>
          <response_lid ident="response1" rcardinality="Single">
            <render_choice>
              <response_label ident="54046">
                <material>
                  <mattext texttype="text/plain">near()</mattext>
                </material>
              </response_label>
              <response_label ident="17665">
                <material>
                  <mattext texttype="text/plain">approx()</mattext>
                </material>
              </response_label>
              <response_label ident="25388">
                <material>
                  <mattext texttype="text/plain">round()</mattext>
                </material>
              </response_label>
              <response_label ident="97543">
                <material>
                  <mattext texttype="text/plain">truncate()</mattext>
                </material>
              </response_label>
            </render_choice>
          </response_lid>
        </presentation>
        <resprocessing>
          <outcomes>
            <decvar maxvalue="100" minvalue="0" varname="SCORE" vartype="Decimal"/>
          </outcomes>
          <respcondition continue="No">
            <conditionvar>
              <varequal respident="response1">54046</varequal>
            </conditionvar>
            <setvar action="Set" varname="SCORE">100</setvar>
          </respcondition>
        </resprocessing>
      </item>
      <item ident="g5a17a7c7bbacbe18276cc5b76ea2a1b5" title="Question">
        <itemmetadata>
          <qtimetadata>
            <qtimetadatafield>
              <fieldlabel>question_type</fieldlabel>
              <fieldentry>multiple_choice_question</fieldentry>
            </qtimetadatafield>
            <qtimetadatafield>
              <fieldlabel>points_possible</fieldlabel>
              <fieldentry>1.0</fieldentry>
            </qtimetadatafield>
            <qtimetadatafield>
              <fieldlabel>original_answer_ids</fieldlabel>
              <fieldentry>6685,6570,1533,1866</fieldentry>
            </qtimetadatafield>
            <qtimetadatafield>
              <fieldlabel>assessment_question_identifierref</fieldlabel>
              <fieldentry>g0dd9c92085590501665f0fc550e6b9be</fieldentry>
            </qtimetadatafield>
          </qtimetadata>
        </itemmetadata>
        <presentation>
          <material>
            <mattext texttype="text/html">&lt;div&gt;The ________ aesthetic groups the display of multiple objects for a categorical variable&lt;/div&gt;</mattext>
          </material>
          <response_lid ident="response1" rcardinality="Single">
            <render_choice>
              <response_label ident="6685">
                <material>
                  <mattext texttype="text/plain">group</mattext>
                </material>
              </response_label>
              <response_label ident="6570">
                <material>
                  <mattext texttype="text/plain">groups</mattext>
                </material>
              </response_label>
              <response_label ident="1533">
                <material>
                  <mattext texttype="text/plain">group_by</mattext>
                </material>
              </response_label>
              <response_label ident="1866">
                <material>
                  <mattext texttype="text/plain">filter</mattext>
                </material>
              </response_label>
            </render_choice>
          </response_lid>
        </presentation>
        <resprocessing>
          <outcomes>
            <decvar maxvalue="100" minvalue="0" varname="SCORE" vartype="Decimal"/>
          </outcomes>
          <respcondition continue="No">
            <conditionvar>
              <varequal respident="response1">6685</varequal>
            </conditionvar>
            <setvar action="Set" varname="SCORE">100</setvar>
          </respcondition>
        </resprocessing>
      </item>
      <item ident="g24bbb183e01f345a5d34010501f9337d" title="Question">
        <itemmetadata>
          <qtimetadata>
            <qtimetadatafield>
              <fieldlabel>question_type</fieldlabel>
              <fieldentry>multiple_choice_question</fieldentry>
            </qtimetadatafield>
            <qtimetadatafield>
              <fieldlabel>points_possible</fieldlabel>
              <fieldentry>1.0</fieldentry>
            </qtimetadatafield>
            <qtimetadatafield>
              <fieldlabel>original_answer_ids</fieldlabel>
              <fieldentry>80129,60206,98887,19086</fieldentry>
            </qtimetadatafield>
            <qtimetadatafield>
              <fieldlabel>assessment_question_identifierref</fieldlabel>
              <fieldentry>gf47b767d37e06559ff801f2d253307ba</fieldentry>
            </qtimetadatafield>
          </qtimetadata>
        </itemmetadata>
        <presentation>
          <material>
            <mattext texttype="text/html">&lt;div&gt;Which of the following statements will extract flights leaving in June, July, or August from the nycflights13 flights data?&lt;/div&gt;</mattext>
          </material>
          <response_lid ident="response1" rcardinality="Single">
            <render_choice>
              <response_label ident="80129">
                <material>
                  <mattext texttype="text/plain">filter(flights, month == 6 | month == 7 | month == 8)</mattext>
                </material>
              </response_label>
              <response_label ident="60206">
                <material>
                  <mattext texttype="text/plain">filter(flights, month = 6 | month = 7 | month = 8)</mattext>
                </material>
              </response_label>
              <response_label ident="98887">
                <material>
                  <mattext texttype="text/plain">filter(flights, month == 6 | 7 |  8)</mattext>
                </material>
              </response_label>
              <response_label ident="19086">
                <material>
                  <mattext texttype="text/plain">filter(flights, month in c(6,7,8))</mattext>
                </material>
              </response_label>
            </render_choice>
          </response_lid>
        </presentation>
        <resprocessing>
          <outcomes>
            <decvar maxvalue="100" minvalue="0" varname="SCORE" vartype="Decimal"/>
          </outcomes>
          <respcondition continue="No">
            <conditionvar>
              <varequal respident="response1">80129</varequal>
            </conditionvar>
            <setvar action="Set" varname="SCORE">100</setvar>
          </respcondition>
        </resprocessing>
      </item>
      <item ident="gde06f6002cb9884b636eeb54103b0597" title="Question">
        <itemmetadata>
          <qtimetadata>
            <qtimetadatafield>
              <fieldlabel>question_type</fieldlabel>
              <fieldentry>multiple_choice_question</fieldentry>
            </qtimetadatafield>
            <qtimetadatafield>
              <fieldlabel>points_possible</fieldlabel>
              <fieldentry>1.0</fieldentry>
            </qtimetadatafield>
            <qtimetadatafield>
              <fieldlabel>original_answer_ids</fieldlabel>
              <fieldentry>61428,5770,55147,12373</fieldentry>
            </qtimetadatafield>
            <qtimetadatafield>
              <fieldlabel>assessment_question_identifierref</fieldlabel>
              <fieldentry>gf47b767d37e06559ff801f2d253307ba</fieldentry>
            </qtimetadatafield>
          </qtimetadata>
        </itemmetadata>
        <presentation>
          <material>
            <mattext texttype="text/html">&lt;div&gt;All aggregation functions have a(n)&amp;nbsp;________ argument which removes missing values prior to computation.&lt;/div&gt;</mattext>
          </material>
          <response_lid ident="response1" rcardinality="Single">
            <render_choice>
              <response_label ident="61428">
                <material>
                  <mattext texttype="text/plain">na.rm</mattext>
                </material>
              </response_label>
              <response_label ident="5770">
                <material>
                  <mattext texttype="text/plain">delete</mattext>
                </material>
              </response_label>
              <response_label ident="55147">
                <material>
                  <mattext texttype="text/plain">clean</mattext>
                </material>
              </response_label>
              <response_label ident="12373">
                <material>
                  <mattext texttype="text/plain">rm.na</mattext>
                </material>
              </response_label>
            </render_choice>
          </response_lid>
        </presentation>
        <resprocessing>
          <outcomes>
            <decvar maxvalue="100" minvalue="0" varname="SCORE" vartype="Decimal"/>
          </outcomes>
          <respcondition continue="No">
            <conditionvar>
              <varequal respident="response1">61428</varequal>
            </conditionvar>
            <setvar action="Set" varname="SCORE">100</setvar>
          </respcondition>
        </resprocessing>
      </item>
      <item ident="g8bf12f586c0bedfa60c618fdefe456b8" title="Question">
        <itemmetadata>
          <qtimetadata>
            <qtimetadatafield>
              <fieldlabel>question_type</fieldlabel>
              <fieldentry>multiple_choice_question</fieldentry>
            </qtimetadatafield>
            <qtimetadatafield>
              <fieldlabel>points_possible</fieldlabel>
              <fieldentry>1.0</fieldentry>
            </qtimetadatafield>
            <qtimetadatafield>
              <fieldlabel>original_answer_ids</fieldlabel>
              <fieldentry>9794,2300,9986,5587</fieldentry>
            </qtimetadatafield>
            <qtimetadatafield>
              <fieldlabel>assessment_question_identifierref</fieldlabel>
              <fieldentry>g0b7ab2147d75e6d61754ff87588d02b9</fieldentry>
            </qtimetadatafield>
          </qtimetadata>
        </itemmetadata>
        <presentation>
          <material>
            <mattext texttype="text/html">&lt;div&gt;The dplyr ________ function changes the unit of analysis from the complete dataset to individual groups.&lt;/div&gt;</mattext>
          </material>
          <response_lid ident="response1" rcardinality="Single">
            <render_choice>
              <response_label ident="9794">
                <material>
                  <mattext texttype="text/plain">group_by()</mattext>
                </material>
              </response_label>
              <response_label ident="2300">
                <material>
                  <mattext texttype="text/plain">summarize()</mattext>
                </material>
              </response_label>
              <response_label ident="9986">
                <material>
                  <mattext texttype="text/plain">select()</mattext>
                </material>
              </response_label>
              <response_label ident="5587">
                <material>
                  <mattext texttype="text/plain">select_group()</mattext>
                </material>
              </response_label>
            </render_choice>
          </response_lid>
        </presentation>
        <resprocessing>
          <outcomes>
            <decvar maxvalue="100" minvalue="0" varname="SCORE" vartype="Decimal"/>
          </outcomes>
          <respcondition continue="No">
            <conditionvar>
              <varequal respident="response1">9794</varequal>
            </conditionvar>
            <setvar action="Set" varname="SCORE">100</setvar>
          </respcondition>
        </resprocessing>
      </item>
      <item ident="g1f90cf7388018f466fef044f6eb690aa" title="Question">
        <itemmetadata>
          <qtimetadata>
            <qtimetadatafield>
              <fieldlabel>question_type</fieldlabel>
              <fieldentry>multiple_choice_question</fieldentry>
            </qtimetadatafield>
            <qtimetadatafield>
              <fieldlabel>points_possible</fieldlabel>
              <fieldentry>1.0</fieldentry>
            </qtimetadatafield>
            <qtimetadatafield>
              <fieldlabel>original_answer_ids</fieldlabel>
              <fieldentry>37972,93225,80303,26217</fieldentry>
            </qtimetadatafield>
            <qtimetadatafield>
              <fieldlabel>assessment_question_identifierref</fieldlabel>
              <fieldentry>gf47b767d37e06559ff801f2d253307ba</fieldentry>
            </qtimetadatafield>
          </qtimetadata>
        </itemmetadata>
        <presentation>
          <material>
            <mattext texttype="text/html">&lt;div&gt;________ are used frequently in R because they improve the readability of code.&lt;/div&gt;</mattext>
          </material>
          <response_lid ident="response1" rcardinality="Single">
            <render_choice>
              <response_label ident="37972">
                <material>
                  <mattext texttype="text/plain">Pipes</mattext>
                </material>
              </response_label>
              <response_label ident="93225">
                <material>
                  <mattext texttype="text/plain">Temporary objects</mattext>
                </material>
              </response_label>
              <response_label ident="80303">
                <material>
                  <mattext texttype="text/plain">S3 functions</mattext>
                </material>
              </response_label>
              <response_label ident="26217">
                <material>
                  <mattext texttype="text/plain">Categorical variables</mattext>
                </material>
              </response_label>
            </render_choice>
          </response_lid>
        </presentation>
        <resprocessing>
          <outcomes>
            <decvar maxvalue="100" minvalue="0" varname="SCORE" vartype="Decimal"/>
          </outcomes>
          <respcondition continue="No">
            <conditionvar>
              <varequal respident="response1">37972</varequal>
            </conditionvar>
            <setvar action="Set" varname="SCORE">100</setvar>
          </respcondition>
        </resprocessing>
      </item>
      <item ident="g11b619145975f9a8b7f8b052042d4019" title="Question">
        <itemmetadata>
          <qtimetadata>
            <qtimetadatafield>
              <fieldlabel>question_type</fieldlabel>
              <fieldentry>true_false_question</fieldentry>
            </qtimetadatafield>
            <qtimetadatafield>
              <fieldlabel>points_possible</fieldlabel>
              <fieldentry>1.0</fieldentry>
            </qtimetadatafield>
            <qtimetadatafield>
              <fieldlabel>original_answer_ids</fieldlabel>
              <fieldentry>6226,1819</fieldentry>
            </qtimetadatafield>
            <qtimetadatafield>
              <fieldlabel>assessment_question_identifierref</fieldlabel>
              <fieldentry>gf47b767d37e06559ff801f2d253307ba</fieldentry>
            </qtimetadatafield>
          </qtimetadata>
        </itemmetadata>
        <presentation>
          <material>
            <mattext texttype="text/html">&lt;div&gt;
&lt;p&gt;True or False:&lt;/p&gt;
&lt;p&gt;&lt;strong&gt;1/98 * 98 == 1&lt;/strong&gt;&lt;/p&gt;
&lt;/div&gt;</mattext>
          </material>
          <response_lid ident="response1" rcardinality="Single">
            <render_choice>
              <response_label ident="6226">
                <material>
                  <mattext texttype="text/plain">True</mattext>
                </material>
              </response_label>
              <response_label ident="1819">
                <material>
                  <mattext texttype="text/plain">False</mattext>
                </material>
              </response_label>
            </render_choice>
          </response_lid>
        </presentation>
        <resprocessing>
          <outcomes>
            <decvar maxvalue="100" minvalue="0" varname="SCORE" vartype="Decimal"/>
          </outcomes>
          <respcondition continue="No">
            <conditionvar>
              <varequal respident="response1">1819</varequal>
            </conditionvar>
            <setvar action="Set" varname="SCORE">100</setvar>
          </respcondition>
        </resprocessing>
      </item>
      <item ident="g5e4dd6246acbe302f5af16b8a32eec7b" title="Question">
        <itemmetadata>
          <qtimetadata>
            <qtimetadatafield>
              <fieldlabel>question_type</fieldlabel>
              <fieldentry>multiple_choice_question</fieldentry>
            </qtimetadatafield>
            <qtimetadatafield>
              <fieldlabel>points_possible</fieldlabel>
              <fieldentry>1.0</fieldentry>
            </qtimetadatafield>
            <qtimetadatafield>
              <fieldlabel>original_answer_ids</fieldlabel>
              <fieldentry>9256,6030,1141,9979</fieldentry>
            </qtimetadatafield>
            <qtimetadatafield>
              <fieldlabel>assessment_question_identifierref</fieldlabel>
              <fieldentry>gd5074724593e6e99c1eb0dc5780d534a</fieldentry>
            </qtimetadatafield>
          </qtimetadata>
        </itemmetadata>
        <presentation>
          <material>
            <mattext texttype="text/html">&lt;div&gt;
&lt;p&gt;Given a vector x, which one of the choices shown below is the pipe-based equivalent of the following operation?&lt;/p&gt;
&lt;pre style="padding-left: 40px;"&gt;&lt;strong&gt;&lt;span style="font-size: 12pt;"&gt;round(exp(diff(log(x))), 1)&lt;/span&gt;&lt;/strong&gt;&lt;/pre&gt;
&lt;/div&gt;</mattext>
          </material>
          <response_lid ident="response1" rcardinality="Single">
            <render_choice>
              <response_label ident="9256">
                <material>
                  <mattext texttype="text/html">&lt;pre&gt;&lt;strong&gt;&lt;span style="font-size: 12pt;"&gt;x %&amp;gt;%&lt;/span&gt;&lt;/strong&gt;&lt;br&gt;&lt;strong&gt;&lt;span style="font-size: 12pt;"&gt;    log() %&amp;gt;%&lt;/span&gt;&lt;/strong&gt;&lt;br&gt;&lt;strong&gt;&lt;span style="font-size: 12pt;"&gt;    diff() %&amp;gt;%&lt;/span&gt;&lt;/strong&gt;&lt;br&gt;&lt;strong&gt;&lt;span style="font-size: 12pt;"&gt;    exp() %&amp;gt;%&lt;/span&gt;&lt;/strong&gt;&lt;br&gt;&lt;strong&gt;&lt;span style="font-size: 12pt;"&gt;    round(1)&lt;/span&gt;&lt;/strong&gt;&lt;/pre&gt;</mattext>
                </material>
              </response_label>
              <response_label ident="6030">
                <material>
                  <mattext texttype="text/html">&lt;pre&gt;&lt;strong&gt;&lt;span style="font-size: 12pt;"&gt;x %&amp;gt;% &lt;/span&gt;&lt;/strong&gt;&lt;br&gt;&lt;strong&gt;&lt;span style="font-size: 12pt;"&gt;    round(1) %&amp;gt;%&lt;br&gt;    exp() %&amp;gt;%&lt;br&gt;    diff() %&amp;gt;%&lt;br&gt;    log()&lt;/span&gt;&lt;/strong&gt;&lt;/pre&gt;</mattext>
                </material>
              </response_label>
              <response_label ident="1141">
                <material>
                  <mattext texttype="text/html">&lt;pre&gt;&lt;strong&gt;&lt;span style="font-size: 12pt;"&gt;x %&amp;gt;% &lt;/span&gt;&lt;/strong&gt;&lt;br&gt;&lt;strong&gt;&lt;span style="font-size: 12pt;"&gt;    round() %&amp;gt;%&lt;br&gt;    exp() %&amp;gt;%&lt;br&gt;    diff() %&amp;gt;%&lt;br&gt;    log(1)&lt;/span&gt;&lt;/strong&gt;&lt;/pre&gt;</mattext>
                </material>
              </response_label>
              <response_label ident="9979">
                <material>
                  <mattext texttype="text/html">&lt;pre&gt;&lt;strong&gt;&lt;span style="font-size: 12pt;"&gt;x %&amp;gt;%&lt;/span&gt;&lt;/strong&gt;&lt;br&gt;&lt;strong&gt;&lt;span style="font-size: 12pt;"&gt;   log(1) %&amp;gt;%&lt;/span&gt;&lt;/strong&gt;&lt;br&gt;&lt;strong&gt;&lt;span style="font-size: 12pt;"&gt;   diff() %&amp;gt;%&lt;/span&gt;&lt;/strong&gt;&lt;br&gt;&lt;strong&gt;&lt;span style="font-size: 12pt;"&gt;   exp() %&amp;gt;%&lt;/span&gt;&lt;/strong&gt;&lt;br&gt;&lt;strong&gt;&lt;span style="font-size: 12pt;"&gt;   round()&lt;/span&gt;&lt;/strong&gt;&lt;/pre&gt;</mattext>
                </material>
              </response_label>
            </render_choice>
          </response_lid>
        </presentation>
        <resprocessing>
          <outcomes>
            <decvar maxvalue="100" minvalue="0" varname="SCORE" vartype="Decimal"/>
          </outcomes>
          <respcondition continue="No">
            <conditionvar>
              <varequal respident="response1">9256</varequal>
            </conditionvar>
            <setvar action="Set" varname="SCORE">100</setvar>
          </respcondition>
        </resprocessing>
      </item>
      <item ident="g713cdaeb5ebabf3f8da8a40112a963c2" title="Question">
        <itemmetadata>
          <qtimetadata>
            <qtimetadatafield>
              <fieldlabel>question_type</fieldlabel>
              <fieldentry>multiple_choice_question</fieldentry>
            </qtimetadatafield>
            <qtimetadatafield>
              <fieldlabel>points_possible</fieldlabel>
              <fieldentry>1.0</fieldentry>
            </qtimetadatafield>
            <qtimetadatafield>
              <fieldlabel>original_answer_ids</fieldlabel>
              <fieldentry>910,3568,6488,5902</fieldentry>
            </qtimetadatafield>
            <qtimetadatafield>
              <fieldlabel>assessment_question_identifierref</fieldlabel>
              <fieldentry>ga32b7a50b717b6a1e063971828e31a27</fieldentry>
            </qtimetadatafield>
          </qtimetadata>
        </itemmetadata>
        <presentation>
          <material>
            <mattext texttype="text/html">&lt;div&gt;All aggregation functions have a(n) ________ argument which removes missing values prior to computation&lt;/div&gt;</mattext>
          </material>
          <response_lid ident="response1" rcardinality="Single">
            <render_choice>
              <response_label ident="910">
                <material>
                  <mattext texttype="text/plain">na.rm</mattext>
                </material>
              </response_label>
              <response_label ident="3568">
                <material>
                  <mattext texttype="text/plain">rm.na</mattext>
                </material>
              </response_label>
              <response_label ident="6488">
                <material>
                  <mattext texttype="text/plain">remove</mattext>
                </material>
              </response_label>
              <response_label ident="5902">
                <material>
                  <mattext texttype="text/plain">missing</mattext>
                </material>
              </response_label>
            </render_choice>
          </response_lid>
        </presentation>
        <resprocessing>
          <outcomes>
            <decvar maxvalue="100" minvalue="0" varname="SCORE" vartype="Decimal"/>
          </outcomes>
          <respcondition continue="No">
            <conditionvar>
              <varequal respident="response1">910</varequal>
            </conditionvar>
            <setvar action="Set" varname="SCORE">100</setvar>
          </respcondition>
        </resprocessing>
      </item>
    </section>
  </assessment>
</questestinterop>
