<?xml version="1.0" encoding="UTF-8"?>
<questestinterop xmlns="http://www.imsglobal.org/xsd/ims_qtiasiv1p2" xmlns:xsi="http://www.w3.org/2001/XMLSchema-instance" xsi:schemaLocation="http://www.imsglobal.org/xsd/ims_qtiasiv1p2 http://www.imsglobal.org/xsd/ims_qtiasiv1p2p1.xsd">
  <assessment ident="gbd03c1289da2bb6748423aa43c2e1313" title="Review Quiz 1">
    <qtimetadata>
      <qtimetadatafield>
        <fieldlabel>cc_maxattempts</fieldlabel>
        <fieldentry>unlimited</fieldentry>
      </qtimetadatafield>
    </qtimetadata>
    <section ident="root_section">
      <item ident="gf5c722e83914db3d8fecb82872975102" title="Question">
        <itemmetadata>
          <qtimetadata>
            <qtimetadatafield>
              <fieldlabel>question_type</fieldlabel>
              <fieldentry>multiple_choice_question</fieldentry>
            </qtimetadatafield>
            <qtimetadatafield>
              <fieldlabel>points_possible</fieldlabel>
              <fieldentry>1.0</fieldentry>
            </qtimetadatafield>
            <qtimetadatafield>
              <fieldlabel>original_answer_ids</fieldlabel>
              <fieldentry>48094,29927,79000,59367</fieldentry>
            </qtimetadatafield>
            <qtimetadatafield>
              <fieldlabel>assessment_question_identifierref</fieldlabel>
              <fieldentry>gf47b767d37e06559ff801f2d253307ba</fieldentry>
            </qtimetadatafield>
          </qtimetadata>
        </itemmetadata>
        <presentation>
          <material>
            <mattext texttype="text/html">&lt;div&gt;CRAN stands for&lt;/div&gt;</mattext>
          </material>
          <response_lid ident="response1" rcardinality="Single">
            <render_choice>
              <response_label ident="48094">
                <material>
                  <mattext texttype="text/plain">Comprehensive R Archive Network</mattext>
                </material>
              </response_label>
              <response_label ident="29927">
                <material>
                  <mattext texttype="text/plain">Complete R Archive Network</mattext>
                </material>
              </response_label>
              <response_label ident="79000">
                <material>
                  <mattext texttype="text/plain">Comprehensive R Active Network</mattext>
                </material>
              </response_label>
              <response_label ident="59367">
                <material>
                  <mattext texttype="text/plain">Comprehensive R Archive Nomenclature</mattext>
                </material>
              </response_label>
            </render_choice>
          </response_lid>
        </presentation>
        <resprocessing>
          <outcomes>
            <decvar maxvalue="100" minvalue="0" varname="SCORE" vartype="Decimal"/>
          </outcomes>
          <respcondition continue="No">
            <conditionvar>
              <varequal respident="response1">48094</varequal>
            </conditionvar>
            <setvar action="Set" varname="SCORE">100</setvar>
          </respcondition>
        </resprocessing>
      </item>
      <item ident="g40be7ea03a441b0373868d307bd75ed7" title="Question">
        <itemmetadata>
          <qtimetadata>
            <qtimetadatafield>
              <fieldlabel>question_type</fieldlabel>
              <fieldentry>multiple_choice_question</fieldentry>
            </qtimetadatafield>
            <qtimetadatafield>
              <fieldlabel>points_possible</fieldlabel>
              <fieldentry>1.0</fieldentry>
            </qtimetadatafield>
            <qtimetadatafield>
              <fieldlabel>original_answer_ids</fieldlabel>
              <fieldentry>58610,35482,63024,33954</fieldentry>
            </qtimetadatafield>
            <qtimetadatafield>
              <fieldlabel>assessment_question_identifierref</fieldlabel>
              <fieldentry>gf47b767d37e06559ff801f2d253307ba</fieldentry>
            </qtimetadatafield>
          </qtimetadata>
        </itemmetadata>
        <presentation>
          <material>
            <mattext texttype="text/html">&lt;div&gt;Which one of the following &lt;em&gt;&lt;strong&gt;is not&lt;/strong&gt;&lt;/em&gt; a characteristic of statistical programming?&lt;/div&gt;</mattext>
          </material>
          <response_lid ident="response1" rcardinality="Single">
            <render_choice>
              <response_label ident="58610">
                <material>
                  <mattext texttype="text/plain">Unreproduceable/unverifiable results.</mattext>
                </material>
              </response_label>
              <response_label ident="35482">
                <material>
                  <mattext texttype="text/plain">Variety of operations in a single program.</mattext>
                </material>
              </response_label>
              <response_label ident="63024">
                <material>
                  <mattext texttype="text/plain">Complex analysis over large datasets.</mattext>
                </material>
              </response_label>
              <response_label ident="33954">
                <material>
                  <mattext texttype="text/plain">Simplification and automation of complex statistical formulas.</mattext>
                </material>
              </response_label>
            </render_choice>
          </response_lid>
        </presentation>
        <resprocessing>
          <outcomes>
            <decvar maxvalue="100" minvalue="0" varname="SCORE" vartype="Decimal"/>
          </outcomes>
          <respcondition continue="No">
            <conditionvar>
              <varequal respident="response1">58610</varequal>
            </conditionvar>
            <setvar action="Set" varname="SCORE">100</setvar>
          </respcondition>
        </resprocessing>
      </item>
      <item ident="g58cfd5e7e1850d4d1d7a2f373364fd1f" title="Question">
        <itemmetadata>
          <qtimetadata>
            <qtimetadatafield>
              <fieldlabel>question_type</fieldlabel>
              <fieldentry>multiple_choice_question</fieldentry>
            </qtimetadatafield>
            <qtimetadatafield>
              <fieldlabel>points_possible</fieldlabel>
              <fieldentry>1.0</fieldentry>
            </qtimetadatafield>
            <qtimetadatafield>
              <fieldlabel>original_answer_ids</fieldlabel>
              <fieldentry>53690,65592</fieldentry>
            </qtimetadatafield>
            <qtimetadatafield>
              <fieldlabel>assessment_question_identifierref</fieldlabel>
              <fieldentry>gf47b767d37e06559ff801f2d253307ba</fieldentry>
            </qtimetadatafield>
          </qtimetadata>
        </itemmetadata>
        <presentation>
          <material>
            <mattext texttype="text/html">&lt;div&gt;R [is /&amp;nbsp;is not] case-sensitive.&lt;/div&gt;</mattext>
          </material>
          <response_lid ident="response1" rcardinality="Single">
            <render_choice>
              <response_label ident="53690">
                <material>
                  <mattext texttype="text/plain">is</mattext>
                </material>
              </response_label>
              <response_label ident="65592">
                <material>
                  <mattext texttype="text/plain">is not</mattext>
                </material>
              </response_label>
            </render_choice>
          </response_lid>
        </presentation>
        <resprocessing>
          <outcomes>
            <decvar maxvalue="100" minvalue="0" varname="SCORE" vartype="Decimal"/>
          </outcomes>
          <respcondition continue="No">
            <conditionvar>
              <varequal respident="response1">53690</varequal>
            </conditionvar>
            <setvar action="Set" varname="SCORE">100</setvar>
          </respcondition>
        </resprocessing>
      </item>
      <item ident="ge6ab86c425074ad80f8bd42c272d4a4c" title="Question">
        <itemmetadata>
          <qtimetadata>
            <qtimetadatafield>
              <fieldlabel>question_type</fieldlabel>
              <fieldentry>multiple_choice_question</fieldentry>
            </qtimetadatafield>
            <qtimetadatafield>
              <fieldlabel>points_possible</fieldlabel>
              <fieldentry>1.0</fieldentry>
            </qtimetadatafield>
            <qtimetadatafield>
              <fieldlabel>original_answer_ids</fieldlabel>
              <fieldentry>84242,40973,77472,54207</fieldentry>
            </qtimetadatafield>
            <qtimetadatafield>
              <fieldlabel>assessment_question_identifierref</fieldlabel>
              <fieldentry>gf47b767d37e06559ff801f2d253307ba</fieldentry>
            </qtimetadatafield>
          </qtimetadata>
        </itemmetadata>
        <presentation>
          <material>
            <mattext texttype="text/html">&lt;div&gt;______ statistics are definitive and do not make generalizations or inferences&amp;nbsp;about larger populations.&lt;/div&gt;</mattext>
          </material>
          <response_lid ident="response1" rcardinality="Single">
            <render_choice>
              <response_label ident="84242">
                <material>
                  <mattext texttype="text/plain">Descriptive</mattext>
                </material>
              </response_label>
              <response_label ident="40973">
                <material>
                  <mattext texttype="text/plain">Inferential</mattext>
                </material>
              </response_label>
              <response_label ident="77472">
                <material>
                  <mattext texttype="text/plain">Numeric</mattext>
                </material>
              </response_label>
              <response_label ident="54207">
                <material>
                  <mattext texttype="text/plain">Allegorical</mattext>
                </material>
              </response_label>
            </render_choice>
          </response_lid>
        </presentation>
        <resprocessing>
          <outcomes>
            <decvar maxvalue="100" minvalue="0" varname="SCORE" vartype="Decimal"/>
          </outcomes>
          <respcondition continue="No">
            <conditionvar>
              <varequal respident="response1">84242</varequal>
            </conditionvar>
            <setvar action="Set" varname="SCORE">100</setvar>
          </respcondition>
        </resprocessing>
      </item>
      <item ident="g8e8ea27a8081ae2b95cae6511536c1f6" title="Question">
        <itemmetadata>
          <qtimetadata>
            <qtimetadatafield>
              <fieldlabel>question_type</fieldlabel>
              <fieldentry>multiple_choice_question</fieldentry>
            </qtimetadatafield>
            <qtimetadatafield>
              <fieldlabel>points_possible</fieldlabel>
              <fieldentry>1.0</fieldentry>
            </qtimetadatafield>
            <qtimetadatafield>
              <fieldlabel>original_answer_ids</fieldlabel>
              <fieldentry>22772,20352,51654,57598</fieldentry>
            </qtimetadatafield>
            <qtimetadatafield>
              <fieldlabel>assessment_question_identifierref</fieldlabel>
              <fieldentry>gf47b767d37e06559ff801f2d253307ba</fieldentry>
            </qtimetadatafield>
          </qtimetadata>
        </itemmetadata>
        <presentation>
          <material>
            <mattext texttype="text/html">&lt;div&gt;The ______ symbol is used to comment R code.&lt;/div&gt;</mattext>
          </material>
          <response_lid ident="response1" rcardinality="Single">
            <render_choice>
              <response_label ident="22772">
                <material>
                  <mattext texttype="text/plain">#</mattext>
                </material>
              </response_label>
              <response_label ident="20352">
                <material>
                  <mattext texttype="text/plain">/</mattext>
                </material>
              </response_label>
              <response_label ident="51654">
                <material>
                  <mattext texttype="text/plain">*</mattext>
                </material>
              </response_label>
              <response_label ident="57598">
                <material>
                  <mattext texttype="text/plain">;</mattext>
                </material>
              </response_label>
            </render_choice>
          </response_lid>
        </presentation>
        <resprocessing>
          <outcomes>
            <decvar maxvalue="100" minvalue="0" varname="SCORE" vartype="Decimal"/>
          </outcomes>
          <respcondition continue="No">
            <conditionvar>
              <varequal respident="response1">22772</varequal>
            </conditionvar>
            <setvar action="Set" varname="SCORE">100</setvar>
          </respcondition>
        </resprocessing>
      </item>
      <item ident="g9a4885974f2811a664cc351859bd7efa" title="Question">
        <itemmetadata>
          <qtimetadata>
            <qtimetadatafield>
              <fieldlabel>question_type</fieldlabel>
              <fieldentry>multiple_choice_question</fieldentry>
            </qtimetadatafield>
            <qtimetadatafield>
              <fieldlabel>points_possible</fieldlabel>
              <fieldentry>1.0</fieldentry>
            </qtimetadatafield>
            <qtimetadatafield>
              <fieldlabel>original_answer_ids</fieldlabel>
              <fieldentry>84331,5360,2351,75574</fieldentry>
            </qtimetadatafield>
            <qtimetadatafield>
              <fieldlabel>assessment_question_identifierref</fieldlabel>
              <fieldentry>gf47b767d37e06559ff801f2d253307ba</fieldentry>
            </qtimetadatafield>
          </qtimetadata>
        </itemmetadata>
        <presentation>
          <material>
            <mattext texttype="text/html">&lt;div&gt;______ statistics are not precise and make generalizations and inferences&amp;nbsp;about larger populations.&lt;/div&gt;</mattext>
          </material>
          <response_lid ident="response1" rcardinality="Single">
            <render_choice>
              <response_label ident="84331">
                <material>
                  <mattext texttype="text/plain">Descriptive</mattext>
                </material>
              </response_label>
              <response_label ident="5360">
                <material>
                  <mattext texttype="text/plain">Inferential</mattext>
                </material>
              </response_label>
              <response_label ident="2351">
                <material>
                  <mattext texttype="text/plain">Predictive</mattext>
                </material>
              </response_label>
              <response_label ident="75574">
                <material>
                  <mattext texttype="text/plain">Allegorical</mattext>
                </material>
              </response_label>
            </render_choice>
          </response_lid>
        </presentation>
        <resprocessing>
          <outcomes>
            <decvar maxvalue="100" minvalue="0" varname="SCORE" vartype="Decimal"/>
          </outcomes>
          <respcondition continue="No">
            <conditionvar>
              <varequal respident="response1">5360</varequal>
            </conditionvar>
            <setvar action="Set" varname="SCORE">100</setvar>
          </respcondition>
        </resprocessing>
      </item>
      <item ident="gbdbf4edcf15800e6d930f71675d3305e" title="Question">
        <itemmetadata>
          <qtimetadata>
            <qtimetadatafield>
              <fieldlabel>question_type</fieldlabel>
              <fieldentry>multiple_choice_question</fieldentry>
            </qtimetadatafield>
            <qtimetadatafield>
              <fieldlabel>points_possible</fieldlabel>
              <fieldentry>1.0</fieldentry>
            </qtimetadatafield>
            <qtimetadatafield>
              <fieldlabel>original_answer_ids</fieldlabel>
              <fieldentry>70797,4844,34135,70698</fieldentry>
            </qtimetadatafield>
            <qtimetadatafield>
              <fieldlabel>assessment_question_identifierref</fieldlabel>
              <fieldentry>gf47b767d37e06559ff801f2d253307ba</fieldentry>
            </qtimetadatafield>
          </qtimetadata>
        </itemmetadata>
        <presentation>
          <material>
            <mattext texttype="text/html">&lt;div&gt;The ________ command displays the current R working directory.&lt;/div&gt;</mattext>
          </material>
          <response_lid ident="response1" rcardinality="Single">
            <render_choice>
              <response_label ident="70797">
                <material>
                  <mattext texttype="text/plain">getwd()</mattext>
                </material>
              </response_label>
              <response_label ident="4844">
                <material>
                  <mattext texttype="text/plain">workdir()</mattext>
                </material>
              </response_label>
              <response_label ident="34135">
                <material>
                  <mattext texttype="text/plain">show workdir</mattext>
                </material>
              </response_label>
              <response_label ident="70698">
                <material>
                  <mattext texttype="text/plain">dir</mattext>
                </material>
              </response_label>
            </render_choice>
          </response_lid>
        </presentation>
        <resprocessing>
          <outcomes>
            <decvar maxvalue="100" minvalue="0" varname="SCORE" vartype="Decimal"/>
          </outcomes>
          <respcondition continue="No">
            <conditionvar>
              <varequal respident="response1">70797</varequal>
            </conditionvar>
            <setvar action="Set" varname="SCORE">100</setvar>
          </respcondition>
        </resprocessing>
      </item>
      <item ident="geb495557d32da63172acf47c13bbec80" title="Question">
        <itemmetadata>
          <qtimetadata>
            <qtimetadatafield>
              <fieldlabel>question_type</fieldlabel>
              <fieldentry>multiple_choice_question</fieldentry>
            </qtimetadatafield>
            <qtimetadatafield>
              <fieldlabel>points_possible</fieldlabel>
              <fieldentry>1.0</fieldentry>
            </qtimetadatafield>
            <qtimetadatafield>
              <fieldlabel>original_answer_ids</fieldlabel>
              <fieldentry>97719,33717,36591,23899</fieldentry>
            </qtimetadatafield>
            <qtimetadatafield>
              <fieldlabel>assessment_question_identifierref</fieldlabel>
              <fieldentry>gf47b767d37e06559ff801f2d253307ba</fieldentry>
            </qtimetadatafield>
          </qtimetadata>
        </itemmetadata>
        <presentation>
          <material>
            <mattext texttype="text/html">&lt;div&gt;Which one of the following commands sets the current R working directory to the folder named "/Rsource"?&lt;/div&gt;</mattext>
          </material>
          <response_lid ident="response1" rcardinality="Single">
            <render_choice>
              <response_label ident="97719">
                <material>
                  <mattext texttype="text/plain">setwd("/Rsource")</mattext>
                </material>
              </response_label>
              <response_label ident="33717">
                <material>
                  <mattext texttype="text/plain">set("/Rsource")</mattext>
                </material>
              </response_label>
              <response_label ident="36591">
                <material>
                  <mattext texttype="text/plain">workdir("/Rsource")</mattext>
                </material>
              </response_label>
              <response_label ident="23899">
                <material>
                  <mattext texttype="text/plain">getwd("/Rsource")</mattext>
                </material>
              </response_label>
            </render_choice>
          </response_lid>
        </presentation>
        <resprocessing>
          <outcomes>
            <decvar maxvalue="100" minvalue="0" varname="SCORE" vartype="Decimal"/>
          </outcomes>
          <respcondition continue="No">
            <conditionvar>
              <varequal respident="response1">97719</varequal>
            </conditionvar>
            <setvar action="Set" varname="SCORE">100</setvar>
          </respcondition>
        </resprocessing>
      </item>
      <item ident="g02d72d660f0244b19a9995762a5d6966" title="Question">
        <itemmetadata>
          <qtimetadata>
            <qtimetadatafield>
              <fieldlabel>question_type</fieldlabel>
              <fieldentry>multiple_choice_question</fieldentry>
            </qtimetadatafield>
            <qtimetadatafield>
              <fieldlabel>points_possible</fieldlabel>
              <fieldentry>1.0</fieldentry>
            </qtimetadatafield>
            <qtimetadatafield>
              <fieldlabel>original_answer_ids</fieldlabel>
              <fieldentry>14668,50913,88909,35766</fieldentry>
            </qtimetadatafield>
            <qtimetadatafield>
              <fieldlabel>assessment_question_identifierref</fieldlabel>
              <fieldentry>gf47b767d37e06559ff801f2d253307ba</fieldentry>
            </qtimetadatafield>
          </qtimetadata>
        </itemmetadata>
        <presentation>
          <material>
            <mattext texttype="text/html">&lt;div&gt;Which one of the following command choices&amp;nbsp;is a valid way to invoke help for a topic in R?&lt;/div&gt;</mattext>
          </material>
          <response_lid ident="response1" rcardinality="Single">
            <render_choice>
              <response_label ident="14668">
                <material>
                  <mattext texttype="text/plain">?topic</mattext>
                </material>
              </response_label>
              <response_label ident="50913">
                <material>
                  <mattext texttype="text/plain">help topic</mattext>
                </material>
              </response_label>
              <response_label ident="88909">
                <material>
                  <mattext texttype="text/plain">start.help()</mattext>
                </material>
              </response_label>
              <response_label ident="35766">
                <material>
                  <mattext texttype="text/plain">showhelp(topic)</mattext>
                </material>
              </response_label>
            </render_choice>
          </response_lid>
        </presentation>
        <resprocessing>
          <outcomes>
            <decvar maxvalue="100" minvalue="0" varname="SCORE" vartype="Decimal"/>
          </outcomes>
          <respcondition continue="No">
            <conditionvar>
              <varequal respident="response1">14668</varequal>
            </conditionvar>
            <setvar action="Set" varname="SCORE">100</setvar>
          </respcondition>
        </resprocessing>
      </item>
      <item ident="g5744ad819c35d37bf97500795ddd2ff3" title="Question">
        <itemmetadata>
          <qtimetadata>
            <qtimetadatafield>
              <fieldlabel>question_type</fieldlabel>
              <fieldentry>multiple_choice_question</fieldentry>
            </qtimetadatafield>
            <qtimetadatafield>
              <fieldlabel>points_possible</fieldlabel>
              <fieldentry>1.0</fieldentry>
            </qtimetadatafield>
            <qtimetadatafield>
              <fieldlabel>original_answer_ids</fieldlabel>
              <fieldentry>52244,56160,19726,46999</fieldentry>
            </qtimetadatafield>
            <qtimetadatafield>
              <fieldlabel>assessment_question_identifierref</fieldlabel>
              <fieldentry>gf47b767d37e06559ff801f2d253307ba</fieldentry>
            </qtimetadatafield>
          </qtimetadata>
        </itemmetadata>
        <presentation>
          <material>
            <mattext texttype="text/html">&lt;div&gt;Which one of the following command choices&amp;nbsp;displays installed R packages?&lt;/div&gt;</mattext>
          </material>
          <response_lid ident="response1" rcardinality="Single">
            <render_choice>
              <response_label ident="52244">
                <material>
                  <mattext texttype="text/plain">installed.packages()</mattext>
                </material>
              </response_label>
              <response_label ident="56160">
                <material>
                  <mattext texttype="text/plain">show.installed()</mattext>
                </material>
              </response_label>
              <response_label ident="19726">
                <material>
                  <mattext texttype="text/plain">packages()</mattext>
                </material>
              </response_label>
              <response_label ident="46999">
                <material>
                  <mattext texttype="text/plain">show.packages()</mattext>
                </material>
              </response_label>
            </render_choice>
          </response_lid>
        </presentation>
        <resprocessing>
          <outcomes>
            <decvar maxvalue="100" minvalue="0" varname="SCORE" vartype="Decimal"/>
          </outcomes>
          <respcondition continue="No">
            <conditionvar>
              <varequal respident="response1">52244</varequal>
            </conditionvar>
            <setvar action="Set" varname="SCORE">100</setvar>
          </respcondition>
        </resprocessing>
      </item>
      <item ident="g812114a20e11b9ba290a9e0054bf0255" title="Question">
        <itemmetadata>
          <qtimetadata>
            <qtimetadatafield>
              <fieldlabel>question_type</fieldlabel>
              <fieldentry>multiple_choice_question</fieldentry>
            </qtimetadatafield>
            <qtimetadatafield>
              <fieldlabel>points_possible</fieldlabel>
              <fieldentry>1.0</fieldentry>
            </qtimetadatafield>
            <qtimetadatafield>
              <fieldlabel>original_answer_ids</fieldlabel>
              <fieldentry>61452,73269,83699,49882</fieldentry>
            </qtimetadatafield>
            <qtimetadatafield>
              <fieldlabel>assessment_question_identifierref</fieldlabel>
              <fieldentry>gf47b767d37e06559ff801f2d253307ba</fieldentry>
            </qtimetadatafield>
          </qtimetadata>
        </itemmetadata>
        <presentation>
          <material>
            <mattext texttype="text/html">&lt;div&gt;Which one of the following command choices installs an R package?&lt;/div&gt;</mattext>
          </material>
          <response_lid ident="response1" rcardinality="Single">
            <render_choice>
              <response_label ident="61452">
                <material>
                  <mattext texttype="text/html">install.package("name")</mattext>
                </material>
              </response_label>
              <response_label ident="73269">
                <material>
                  <mattext texttype="text/plain">install.packages()</mattext>
                </material>
              </response_label>
              <response_label ident="83699">
                <material>
                  <mattext texttype="text/plain">load.package()</mattext>
                </material>
              </response_label>
              <response_label ident="49882">
                <material>
                  <mattext texttype="text/plain">library()</mattext>
                </material>
              </response_label>
            </render_choice>
          </response_lid>
        </presentation>
        <resprocessing>
          <outcomes>
            <decvar maxvalue="100" minvalue="0" varname="SCORE" vartype="Decimal"/>
          </outcomes>
          <respcondition continue="No">
            <conditionvar>
              <varequal respident="response1">61452</varequal>
            </conditionvar>
            <setvar action="Set" varname="SCORE">100</setvar>
          </respcondition>
        </resprocessing>
      </item>
      <item ident="gf419b63046c4950b094813e97fba66fe" title="Question">
        <itemmetadata>
          <qtimetadata>
            <qtimetadatafield>
              <fieldlabel>question_type</fieldlabel>
              <fieldentry>multiple_choice_question</fieldentry>
            </qtimetadatafield>
            <qtimetadatafield>
              <fieldlabel>points_possible</fieldlabel>
              <fieldentry>1.0</fieldentry>
            </qtimetadatafield>
            <qtimetadatafield>
              <fieldlabel>original_answer_ids</fieldlabel>
              <fieldentry>25582,77982,25975,70672</fieldentry>
            </qtimetadatafield>
            <qtimetadatafield>
              <fieldlabel>assessment_question_identifierref</fieldlabel>
              <fieldentry>gf47b767d37e06559ff801f2d253307ba</fieldentry>
            </qtimetadatafield>
          </qtimetadata>
        </itemmetadata>
        <presentation>
          <material>
            <mattext texttype="text/html">&lt;div&gt;Which one of the following command choices loads an R package for use?&lt;/div&gt;</mattext>
          </material>
          <response_lid ident="response1" rcardinality="Single">
            <render_choice>
              <response_label ident="25582">
                <material>
                  <mattext texttype="text/plain">library(name)</mattext>
                </material>
              </response_label>
              <response_label ident="77982">
                <material>
                  <mattext texttype="text/plain">install.library(name)</mattext>
                </material>
              </response_label>
              <response_label ident="25975">
                <material>
                  <mattext texttype="text/plain">load.library(name)</mattext>
                </material>
              </response_label>
              <response_label ident="70672">
                <material>
                  <mattext texttype="text/plain">load(name)</mattext>
                </material>
              </response_label>
            </render_choice>
          </response_lid>
        </presentation>
        <resprocessing>
          <outcomes>
            <decvar maxvalue="100" minvalue="0" varname="SCORE" vartype="Decimal"/>
          </outcomes>
          <respcondition continue="No">
            <conditionvar>
              <varequal respident="response1">25582</varequal>
            </conditionvar>
            <setvar action="Set" varname="SCORE">100</setvar>
          </respcondition>
        </resprocessing>
      </item>
      <item ident="gcbffcafe501525aab7b0dd6b543aa139" title="Question">
        <itemmetadata>
          <qtimetadata>
            <qtimetadatafield>
              <fieldlabel>question_type</fieldlabel>
              <fieldentry>multiple_choice_question</fieldentry>
            </qtimetadatafield>
            <qtimetadatafield>
              <fieldlabel>points_possible</fieldlabel>
              <fieldentry>1.0</fieldentry>
            </qtimetadatafield>
            <qtimetadatafield>
              <fieldlabel>original_answer_ids</fieldlabel>
              <fieldentry>88844,2971,29742,53478</fieldentry>
            </qtimetadatafield>
            <qtimetadatafield>
              <fieldlabel>assessment_question_identifierref</fieldlabel>
              <fieldentry>gf47b767d37e06559ff801f2d253307ba</fieldentry>
            </qtimetadatafield>
          </qtimetadata>
        </itemmetadata>
        <presentation>
          <material>
            <mattext texttype="text/html">&lt;div&gt;______ is the preferred assignment operator in R.&lt;/div&gt;</mattext>
          </material>
          <response_lid ident="response1" rcardinality="Single">
            <render_choice>
              <response_label ident="88844">
                <material>
                  <mattext texttype="text/html">&amp;lt;-</mattext>
                </material>
              </response_label>
              <response_label ident="2971">
                <material>
                  <mattext texttype="text/html">-&amp;gt;</mattext>
                </material>
              </response_label>
              <response_label ident="29742">
                <material>
                  <mattext texttype="text/plain">=</mattext>
                </material>
              </response_label>
              <response_label ident="53478">
                <material>
                  <mattext texttype="text/plain">==</mattext>
                </material>
              </response_label>
            </render_choice>
          </response_lid>
        </presentation>
        <resprocessing>
          <outcomes>
            <decvar maxvalue="100" minvalue="0" varname="SCORE" vartype="Decimal"/>
          </outcomes>
          <respcondition continue="No">
            <conditionvar>
              <varequal respident="response1">88844</varequal>
            </conditionvar>
            <setvar action="Set" varname="SCORE">100</setvar>
          </respcondition>
        </resprocessing>
      </item>
      <item ident="g422e4eb0befde23cd754b24b5e0bf24d" title="Question">
        <itemmetadata>
          <qtimetadata>
            <qtimetadatafield>
              <fieldlabel>question_type</fieldlabel>
              <fieldentry>multiple_choice_question</fieldentry>
            </qtimetadatafield>
            <qtimetadatafield>
              <fieldlabel>points_possible</fieldlabel>
              <fieldentry>1.0</fieldentry>
            </qtimetadatafield>
            <qtimetadatafield>
              <fieldlabel>original_answer_ids</fieldlabel>
              <fieldentry>77983,65919,91322,58881</fieldentry>
            </qtimetadatafield>
            <qtimetadatafield>
              <fieldlabel>assessment_question_identifierref</fieldlabel>
              <fieldentry>gf47b767d37e06559ff801f2d253307ba</fieldentry>
            </qtimetadatafield>
          </qtimetadata>
        </itemmetadata>
        <presentation>
          <material>
            <mattext texttype="text/html">&lt;div&gt;A ______ is a simple row of numbers or text in R.&lt;/div&gt;</mattext>
          </material>
          <response_lid ident="response1" rcardinality="Single">
            <render_choice>
              <response_label ident="77983">
                <material>
                  <mattext texttype="text/plain">vector</mattext>
                </material>
              </response_label>
              <response_label ident="65919">
                <material>
                  <mattext texttype="text/plain">array</mattext>
                </material>
              </response_label>
              <response_label ident="91322">
                <material>
                  <mattext texttype="text/plain">table</mattext>
                </material>
              </response_label>
              <response_label ident="58881">
                <material>
                  <mattext texttype="text/plain">dataset</mattext>
                </material>
              </response_label>
            </render_choice>
          </response_lid>
        </presentation>
        <resprocessing>
          <outcomes>
            <decvar maxvalue="100" minvalue="0" varname="SCORE" vartype="Decimal"/>
          </outcomes>
          <respcondition continue="No">
            <conditionvar>
              <varequal respident="response1">77983</varequal>
            </conditionvar>
            <setvar action="Set" varname="SCORE">100</setvar>
          </respcondition>
        </resprocessing>
      </item>
      <item ident="g258e471402c3a61e0162ce3c6e224b24" title="Question">
        <itemmetadata>
          <qtimetadata>
            <qtimetadatafield>
              <fieldlabel>question_type</fieldlabel>
              <fieldentry>multiple_answers_question</fieldentry>
            </qtimetadatafield>
            <qtimetadatafield>
              <fieldlabel>points_possible</fieldlabel>
              <fieldentry>1.0</fieldentry>
            </qtimetadatafield>
            <qtimetadatafield>
              <fieldlabel>original_answer_ids</fieldlabel>
              <fieldentry>81484,71404,72449,85375</fieldentry>
            </qtimetadatafield>
            <qtimetadatafield>
              <fieldlabel>assessment_question_identifierref</fieldlabel>
              <fieldentry>gf47b767d37e06559ff801f2d253307ba</fieldentry>
            </qtimetadatafield>
          </qtimetadata>
        </itemmetadata>
        <presentation>
          <material>
            <mattext texttype="text/html">&lt;div&gt;Select the two R statements from the choices shown below which create a vector containing the integer values 1 through 5.&lt;/div&gt;</mattext>
          </material>
          <response_lid ident="response1" rcardinality="Multiple">
            <render_choice>
              <response_label ident="81484">
                <material>
                  <mattext texttype="text/html">v &amp;lt;-&amp;nbsp;c(1, 2,&amp;nbsp;3,&amp;nbsp;4,&amp;nbsp;5)</mattext>
                </material>
              </response_label>
              <response_label ident="71404">
                <material>
                  <mattext texttype="text/html">v &amp;lt;-&amp;nbsp;1:5</mattext>
                </material>
              </response_label>
              <response_label ident="72449">
                <material>
                  <mattext texttype="text/html">v &amp;lt;-&amp;nbsp;1,5</mattext>
                </material>
              </response_label>
              <response_label ident="85375">
                <material>
                  <mattext texttype="text/html">v &amp;lt;- {&amp;nbsp;1,&amp;nbsp;2,&amp;nbsp;3,&amp;nbsp;4,&amp;nbsp;5&amp;nbsp;}</mattext>
                </material>
              </response_label>
            </render_choice>
          </response_lid>
        </presentation>
        <resprocessing>
          <outcomes>
            <decvar maxvalue="100" minvalue="0" varname="SCORE" vartype="Decimal"/>
          </outcomes>
          <respcondition continue="No">
            <conditionvar>
              <and>
                <varequal respident="response1">81484</varequal>
                <varequal respident="response1">71404</varequal>
                <not>
                  <varequal respident="response1">72449</varequal>
                </not>
                <not>
                  <varequal respident="response1">85375</varequal>
                </not>
              </and>
            </conditionvar>
            <setvar action="Set" varname="SCORE">100</setvar>
          </respcondition>
        </resprocessing>
      </item>
      <item ident="g648dd3e6923fb79c26d82f6a916266e3" title="Question">
        <itemmetadata>
          <qtimetadata>
            <qtimetadatafield>
              <fieldlabel>question_type</fieldlabel>
              <fieldentry>multiple_choice_question</fieldentry>
            </qtimetadatafield>
            <qtimetadatafield>
              <fieldlabel>points_possible</fieldlabel>
              <fieldentry>1.0</fieldentry>
            </qtimetadatafield>
            <qtimetadatafield>
              <fieldlabel>original_answer_ids</fieldlabel>
              <fieldentry>56831,8056,25187,72051</fieldentry>
            </qtimetadatafield>
            <qtimetadatafield>
              <fieldlabel>assessment_question_identifierref</fieldlabel>
              <fieldentry>gf47b767d37e06559ff801f2d253307ba</fieldentry>
            </qtimetadatafield>
          </qtimetadata>
        </itemmetadata>
        <presentation>
          <material>
            <mattext texttype="text/html">&lt;div&gt;The ________ represents the stages of data and includes collection, processing, and analysis.&lt;/div&gt;</mattext>
          </material>
          <response_lid ident="response1" rcardinality="Single">
            <render_choice>
              <response_label ident="56831">
                <material>
                  <mattext texttype="text/plain">data lifecycle</mattext>
                </material>
              </response_label>
              <response_label ident="8056">
                <material>
                  <mattext texttype="text/plain">data cycle</mattext>
                </material>
              </response_label>
              <response_label ident="25187">
                <material>
                  <mattext texttype="text/plain">data lifetime</mattext>
                </material>
              </response_label>
              <response_label ident="72051">
                <material>
                  <mattext texttype="text/plain">data progression</mattext>
                </material>
              </response_label>
            </render_choice>
          </response_lid>
        </presentation>
        <resprocessing>
          <outcomes>
            <decvar maxvalue="100" minvalue="0" varname="SCORE" vartype="Decimal"/>
          </outcomes>
          <respcondition continue="No">
            <conditionvar>
              <varequal respident="response1">56831</varequal>
            </conditionvar>
            <setvar action="Set" varname="SCORE">100</setvar>
          </respcondition>
        </resprocessing>
      </item>
      <item ident="g844fcaf21c2a5720ac8a51a7668dcb38" title="Question">
        <itemmetadata>
          <qtimetadata>
            <qtimetadatafield>
              <fieldlabel>question_type</fieldlabel>
              <fieldentry>multiple_choice_question</fieldentry>
            </qtimetadatafield>
            <qtimetadatafield>
              <fieldlabel>points_possible</fieldlabel>
              <fieldentry>1.0</fieldentry>
            </qtimetadatafield>
            <qtimetadatafield>
              <fieldlabel>original_answer_ids</fieldlabel>
              <fieldentry>65682,57246,5811,5904</fieldentry>
            </qtimetadatafield>
            <qtimetadatafield>
              <fieldlabel>assessment_question_identifierref</fieldlabel>
              <fieldentry>gf47b767d37e06559ff801f2d253307ba</fieldentry>
            </qtimetadatafield>
          </qtimetadata>
        </itemmetadata>
        <presentation>
          <material>
            <mattext texttype="text/html">&lt;div&gt;The R ggplot2 package can be used for both data ________ and data ________.&lt;/div&gt;</mattext>
          </material>
          <response_lid ident="response1" rcardinality="Single">
            <render_choice>
              <response_label ident="65682">
                <material>
                  <mattext texttype="text/plain">analysis, reporting</mattext>
                </material>
              </response_label>
              <response_label ident="57246">
                <material>
                  <mattext texttype="text/plain">processing, analysis</mattext>
                </material>
              </response_label>
              <response_label ident="5811">
                <material>
                  <mattext texttype="text/plain">collection, processing</mattext>
                </material>
              </response_label>
              <response_label ident="5904">
                <material>
                  <mattext texttype="text/plain">storage, analysis</mattext>
                </material>
              </response_label>
            </render_choice>
          </response_lid>
        </presentation>
        <resprocessing>
          <outcomes>
            <decvar maxvalue="100" minvalue="0" varname="SCORE" vartype="Decimal"/>
          </outcomes>
          <respcondition continue="No">
            <conditionvar>
              <varequal respident="response1">65682</varequal>
            </conditionvar>
            <setvar action="Set" varname="SCORE">100</setvar>
          </respcondition>
        </resprocessing>
      </item>
      <item ident="g346b38a35a69c61d8a1c197411414bef" title="Question">
        <itemmetadata>
          <qtimetadata>
            <qtimetadatafield>
              <fieldlabel>question_type</fieldlabel>
              <fieldentry>multiple_choice_question</fieldentry>
            </qtimetadatafield>
            <qtimetadatafield>
              <fieldlabel>points_possible</fieldlabel>
              <fieldentry>1.0</fieldentry>
            </qtimetadatafield>
            <qtimetadatafield>
              <fieldlabel>original_answer_ids</fieldlabel>
              <fieldentry>3433,71601,91555,35929</fieldentry>
            </qtimetadatafield>
            <qtimetadatafield>
              <fieldlabel>assessment_question_identifierref</fieldlabel>
              <fieldentry>gf47b767d37e06559ff801f2d253307ba</fieldentry>
            </qtimetadatafield>
          </qtimetadata>
        </itemmetadata>
        <presentation>
          <material>
            <mattext texttype="text/html">&lt;div&gt;The ______&amp;nbsp;function displays the internal structure of an R object.&lt;/div&gt;</mattext>
          </material>
          <response_lid ident="response1" rcardinality="Single">
            <render_choice>
              <response_label ident="3433">
                <material>
                  <mattext texttype="text/plain">str()</mattext>
                </material>
              </response_label>
              <response_label ident="71601">
                <material>
                  <mattext texttype="text/plain">struct()</mattext>
                </material>
              </response_label>
              <response_label ident="91555">
                <material>
                  <mattext texttype="text/plain">structure()</mattext>
                </material>
              </response_label>
              <response_label ident="35929">
                <material>
                  <mattext texttype="text/plain">s()</mattext>
                </material>
              </response_label>
            </render_choice>
          </response_lid>
        </presentation>
        <resprocessing>
          <outcomes>
            <decvar maxvalue="100" minvalue="0" varname="SCORE" vartype="Decimal"/>
          </outcomes>
          <respcondition continue="No">
            <conditionvar>
              <varequal respident="response1">3433</varequal>
            </conditionvar>
            <setvar action="Set" varname="SCORE">100</setvar>
          </respcondition>
        </resprocessing>
      </item>
      <item ident="g654250527f929b44e9b7c4246a63d526" title="Question">
        <itemmetadata>
          <qtimetadata>
            <qtimetadatafield>
              <fieldlabel>question_type</fieldlabel>
              <fieldentry>multiple_choice_question</fieldentry>
            </qtimetadatafield>
            <qtimetadatafield>
              <fieldlabel>points_possible</fieldlabel>
              <fieldentry>1.0</fieldentry>
            </qtimetadatafield>
            <qtimetadatafield>
              <fieldlabel>original_answer_ids</fieldlabel>
              <fieldentry>12321,92611,67102,68857</fieldentry>
            </qtimetadatafield>
            <qtimetadatafield>
              <fieldlabel>assessment_question_identifierref</fieldlabel>
              <fieldentry>gf47b767d37e06559ff801f2d253307ba</fieldentry>
            </qtimetadatafield>
          </qtimetadata>
        </itemmetadata>
        <presentation>
          <material>
            <mattext texttype="text/html">&lt;div&gt;Use of R and R packages should be cited in research results. Which one of the following R commands would provide the necessary text to cite the use of the "tidyverse" package?&lt;/div&gt;</mattext>
          </material>
          <response_lid ident="response1" rcardinality="Single">
            <render_choice>
              <response_label ident="12321">
                <material>
                  <mattext texttype="text/plain">citation("tidyverse")</mattext>
                </material>
              </response_label>
              <response_label ident="92611">
                <material>
                  <mattext texttype="text/plain">cite("tidyverse")</mattext>
                </material>
              </response_label>
              <response_label ident="67102">
                <material>
                  <mattext texttype="text/plain">quote("tidyverse")</mattext>
                </material>
              </response_label>
              <response_label ident="68857">
                <material>
                  <mattext texttype="text/plain">reference("tidyverse")</mattext>
                </material>
              </response_label>
            </render_choice>
          </response_lid>
        </presentation>
        <resprocessing>
          <outcomes>
            <decvar maxvalue="100" minvalue="0" varname="SCORE" vartype="Decimal"/>
          </outcomes>
          <respcondition continue="No">
            <conditionvar>
              <varequal respident="response1">12321</varequal>
            </conditionvar>
            <setvar action="Set" varname="SCORE">100</setvar>
          </respcondition>
        </resprocessing>
      </item>
      <item ident="gf2916a6b430844f3f8bfe98ee60900fd" title="Question">
        <itemmetadata>
          <qtimetadata>
            <qtimetadatafield>
              <fieldlabel>question_type</fieldlabel>
              <fieldentry>multiple_choice_question</fieldentry>
            </qtimetadatafield>
            <qtimetadatafield>
              <fieldlabel>points_possible</fieldlabel>
              <fieldentry>1.0</fieldentry>
            </qtimetadatafield>
            <qtimetadatafield>
              <fieldlabel>original_answer_ids</fieldlabel>
              <fieldentry>557,8817,4020,6052</fieldentry>
            </qtimetadatafield>
            <qtimetadatafield>
              <fieldlabel>assessment_question_identifierref</fieldlabel>
              <fieldentry>gf47b767d37e06559ff801f2d253307ba</fieldentry>
            </qtimetadatafield>
          </qtimetadata>
        </itemmetadata>
        <presentation>
          <material>
            <mattext texttype="text/html">&lt;div&gt;One of the most popular development environments for R, and the IDE that is used in this course, is ________.&lt;/div&gt;</mattext>
          </material>
          <response_lid ident="response1" rcardinality="Single">
            <render_choice>
              <response_label ident="557">
                <material>
                  <mattext texttype="text/plain">R Studio</mattext>
                </material>
              </response_label>
              <response_label ident="8817">
                <material>
                  <mattext texttype="text/plain">R Interpreter</mattext>
                </material>
              </response_label>
              <response_label ident="4020">
                <material>
                  <mattext texttype="text/plain">Visual Studio for R</mattext>
                </material>
              </response_label>
              <response_label ident="6052">
                <material>
                  <mattext texttype="text/plain">IDLE</mattext>
                </material>
              </response_label>
            </render_choice>
          </response_lid>
        </presentation>
        <resprocessing>
          <outcomes>
            <decvar maxvalue="100" minvalue="0" varname="SCORE" vartype="Decimal"/>
          </outcomes>
          <respcondition continue="No">
            <conditionvar>
              <varequal respident="response1">557</varequal>
            </conditionvar>
            <setvar action="Set" varname="SCORE">100</setvar>
          </respcondition>
        </resprocessing>
      </item>
    </section>
  </assessment>
</questestinterop>
