<?xml version="1.0" encoding="UTF-8"?>
<questestinterop xmlns="http://www.imsglobal.org/xsd/ims_qtiasiv1p2" xmlns:xsi="http://www.w3.org/2001/XMLSchema-instance" xsi:schemaLocation="http://www.imsglobal.org/xsd/ims_qtiasiv1p2 http://www.imsglobal.org/xsd/ims_qtiasiv1p2p1.xsd">
  <assessment ident="g9f888cebe307598a6f20e72d6636d7a8" title="Review Quiz 9">
    <qtimetadata>
      <qtimetadatafield>
        <fieldlabel>cc_maxattempts</fieldlabel>
        <fieldentry>unlimited</fieldentry>
      </qtimetadatafield>
    </qtimetadata>
    <section ident="root_section">
      <item ident="g532cb64c5559b74c3ac1dd5e8c7d3b59" title="Question">
        <itemmetadata>
          <qtimetadata>
            <qtimetadatafield>
              <fieldlabel>question_type</fieldlabel>
              <fieldentry>multiple_choice_question</fieldentry>
            </qtimetadatafield>
            <qtimetadatafield>
              <fieldlabel>points_possible</fieldlabel>
              <fieldentry>2.0</fieldentry>
            </qtimetadatafield>
            <qtimetadatafield>
              <fieldlabel>original_answer_ids</fieldlabel>
              <fieldentry>7190,7998,9967,6438</fieldentry>
            </qtimetadatafield>
            <qtimetadatafield>
              <fieldlabel>assessment_question_identifierref</fieldlabel>
              <fieldentry>gf47b767d37e06559ff801f2d253307ba</fieldentry>
            </qtimetadatafield>
          </qtimetadata>
        </itemmetadata>
        <presentation>
          <material>
            <mattext texttype="text/html">&lt;div&gt;Which of the following choices identifies the NA index value(s) in the &lt;span style="text-decoration: underline;"&gt;Smoke&lt;/span&gt; column from the MASS "survey" dataset?&lt;/div&gt;</mattext>
          </material>
          <response_lid ident="response1" rcardinality="Single">
            <render_choice>
              <response_label ident="7190">
                <material>
                  <mattext texttype="text/plain">70</mattext>
                </material>
              </response_label>
              <response_label ident="7998">
                <material>
                  <mattext texttype="text/plain">39, 73</mattext>
                </material>
              </response_label>
              <response_label ident="9967">
                <material>
                  <mattext texttype="text/plain">17, 29, 94</mattext>
                </material>
              </response_label>
              <response_label ident="6438">
                <material>
                  <mattext texttype="text/plain">there are no NA values in that column</mattext>
                </material>
              </response_label>
            </render_choice>
          </response_lid>
        </presentation>
        <resprocessing>
          <outcomes>
            <decvar maxvalue="100" minvalue="0" varname="SCORE" vartype="Decimal"/>
          </outcomes>
          <respcondition continue="No">
            <conditionvar>
              <varequal respident="response1">7190</varequal>
            </conditionvar>
            <setvar action="Set" varname="SCORE">100</setvar>
          </respcondition>
        </resprocessing>
      </item>
      <item ident="g43a48fa3944be5b281e421d83a83003d" title="Question">
        <itemmetadata>
          <qtimetadata>
            <qtimetadatafield>
              <fieldlabel>question_type</fieldlabel>
              <fieldentry>multiple_choice_question</fieldentry>
            </qtimetadatafield>
            <qtimetadatafield>
              <fieldlabel>points_possible</fieldlabel>
              <fieldentry>2.0</fieldentry>
            </qtimetadatafield>
            <qtimetadatafield>
              <fieldlabel>original_answer_ids</fieldlabel>
              <fieldentry>176,4903,8335,3056</fieldentry>
            </qtimetadatafield>
            <qtimetadatafield>
              <fieldlabel>assessment_question_identifierref</fieldlabel>
              <fieldentry>gf47b767d37e06559ff801f2d253307ba</fieldentry>
            </qtimetadatafield>
          </qtimetadata>
        </itemmetadata>
        <presentation>
          <material>
            <mattext texttype="text/html">&lt;div&gt;Which one of the following choices correctly denotes formula notation being used to model a predictor variable x against a response variable y?&lt;/div&gt;</mattext>
          </material>
          <response_lid ident="response1" rcardinality="Single">
            <render_choice>
              <response_label ident="176">
                <material>
                  <mattext texttype="text/plain">y ~ x</mattext>
                </material>
              </response_label>
              <response_label ident="4903">
                <material>
                  <mattext texttype="text/plain">x ~ y</mattext>
                </material>
              </response_label>
              <response_label ident="8335">
                <material>
                  <mattext texttype="text/plain">x %in% y</mattext>
                </material>
              </response_label>
              <response_label ident="3056">
                <material>
                  <mattext texttype="text/plain">y %in% x</mattext>
                </material>
              </response_label>
            </render_choice>
          </response_lid>
        </presentation>
        <resprocessing>
          <outcomes>
            <decvar maxvalue="100" minvalue="0" varname="SCORE" vartype="Decimal"/>
          </outcomes>
          <respcondition continue="No">
            <conditionvar>
              <varequal respident="response1">176</varequal>
            </conditionvar>
            <setvar action="Set" varname="SCORE">100</setvar>
          </respcondition>
        </resprocessing>
      </item>
      <item ident="g84c70076e436b37a3298a01ebf437800" title="Question">
        <itemmetadata>
          <qtimetadata>
            <qtimetadatafield>
              <fieldlabel>question_type</fieldlabel>
              <fieldentry>multiple_choice_question</fieldentry>
            </qtimetadatafield>
            <qtimetadatafield>
              <fieldlabel>points_possible</fieldlabel>
              <fieldentry>2.0</fieldentry>
            </qtimetadatafield>
            <qtimetadatafield>
              <fieldlabel>original_answer_ids</fieldlabel>
              <fieldentry>7509,1951,9306,8607</fieldentry>
            </qtimetadatafield>
            <qtimetadatafield>
              <fieldlabel>assessment_question_identifierref</fieldlabel>
              <fieldentry>g0ee53e7f24b4c923012b4c9188c8867b</fieldentry>
            </qtimetadatafield>
          </qtimetadata>
        </itemmetadata>
        <presentation>
          <material>
            <mattext texttype="text/html">&lt;div&gt;In a scatter plot, _______ can indicate a linear relationship.&lt;/div&gt;</mattext>
          </material>
          <response_lid ident="response1" rcardinality="Single">
            <render_choice>
              <response_label ident="7509">
                <material>
                  <mattext texttype="text/plain">clustering</mattext>
                </material>
              </response_label>
              <response_label ident="1951">
                <material>
                  <mattext texttype="text/plain">dispersal</mattext>
                </material>
              </response_label>
              <response_label ident="9306">
                <material>
                  <mattext texttype="text/plain">outliers</mattext>
                </material>
              </response_label>
              <response_label ident="8607">
                <material>
                  <mattext texttype="text/plain">positive y values</mattext>
                </material>
              </response_label>
            </render_choice>
          </response_lid>
        </presentation>
        <resprocessing>
          <outcomes>
            <decvar maxvalue="100" minvalue="0" varname="SCORE" vartype="Decimal"/>
          </outcomes>
          <respcondition continue="No">
            <conditionvar>
              <varequal respident="response1">7509</varequal>
            </conditionvar>
            <setvar action="Set" varname="SCORE">100</setvar>
          </respcondition>
        </resprocessing>
      </item>
      <item ident="g254e91c32d3a2c8fb21f3d95807e78d4" title="Question">
        <itemmetadata>
          <qtimetadata>
            <qtimetadatafield>
              <fieldlabel>question_type</fieldlabel>
              <fieldentry>multiple_choice_question</fieldentry>
            </qtimetadatafield>
            <qtimetadatafield>
              <fieldlabel>points_possible</fieldlabel>
              <fieldentry>2.0</fieldentry>
            </qtimetadatafield>
            <qtimetadatafield>
              <fieldlabel>original_answer_ids</fieldlabel>
              <fieldentry>480,2580,7168,1927</fieldentry>
            </qtimetadatafield>
            <qtimetadatafield>
              <fieldlabel>assessment_question_identifierref</fieldlabel>
              <fieldentry>g214419002fd6a26275cf9865a12b2f0e</fieldentry>
            </qtimetadatafield>
          </qtimetadata>
        </itemmetadata>
        <presentation>
          <material>
            <mattext texttype="text/html">&lt;div&gt;When calculating a correlation coefficient using the cor( ) function, the ________ parameter specifies how missing values are processed.&lt;/div&gt;</mattext>
          </material>
          <response_lid ident="response1" rcardinality="Single">
            <render_choice>
              <response_label ident="480">
                <material>
                  <mattext texttype="text/plain">use</mattext>
                </material>
              </response_label>
              <response_label ident="2580">
                <material>
                  <mattext texttype="text/plain">na</mattext>
                </material>
              </response_label>
              <response_label ident="7168">
                <material>
                  <mattext texttype="text/plain">missing</mattext>
                </material>
              </response_label>
              <response_label ident="1927">
                <material>
                  <mattext texttype="text/plain">filter</mattext>
                </material>
              </response_label>
            </render_choice>
          </response_lid>
        </presentation>
        <resprocessing>
          <outcomes>
            <decvar maxvalue="100" minvalue="0" varname="SCORE" vartype="Decimal"/>
          </outcomes>
          <respcondition continue="No">
            <conditionvar>
              <varequal respident="response1">480</varequal>
            </conditionvar>
            <setvar action="Set" varname="SCORE">100</setvar>
          </respcondition>
        </resprocessing>
      </item>
      <item ident="gf82b2c42387db5fc62bf78ac859918b5" title="Question">
        <itemmetadata>
          <qtimetadata>
            <qtimetadatafield>
              <fieldlabel>question_type</fieldlabel>
              <fieldentry>multiple_choice_question</fieldentry>
            </qtimetadatafield>
            <qtimetadatafield>
              <fieldlabel>points_possible</fieldlabel>
              <fieldentry>2.0</fieldentry>
            </qtimetadatafield>
            <qtimetadatafield>
              <fieldlabel>original_answer_ids</fieldlabel>
              <fieldentry>56,5598,1310,7792</fieldentry>
            </qtimetadatafield>
            <qtimetadatafield>
              <fieldlabel>assessment_question_identifierref</fieldlabel>
              <fieldentry>g3f80675404986552674c290e89684056</fieldentry>
            </qtimetadatafield>
          </qtimetadata>
        </itemmetadata>
        <presentation>
          <material>
            <mattext texttype="text/html">&lt;div&gt;The ________ function performs simple linear regression in R.&lt;/div&gt;</mattext>
          </material>
          <response_lid ident="response1" rcardinality="Single">
            <render_choice>
              <response_label ident="56">
                <material>
                  <mattext texttype="text/plain">lm( )</mattext>
                </material>
              </response_label>
              <response_label ident="5598">
                <material>
                  <mattext texttype="text/plain">lr( )</mattext>
                </material>
              </response_label>
              <response_label ident="1310">
                <material>
                  <mattext texttype="text/plain">regress( )</mattext>
                </material>
              </response_label>
              <response_label ident="7792">
                <material>
                  <mattext texttype="text/plain">summary( )</mattext>
                </material>
              </response_label>
            </render_choice>
          </response_lid>
        </presentation>
        <resprocessing>
          <outcomes>
            <decvar maxvalue="100" minvalue="0" varname="SCORE" vartype="Decimal"/>
          </outcomes>
          <respcondition continue="No">
            <conditionvar>
              <varequal respident="response1">56</varequal>
            </conditionvar>
            <setvar action="Set" varname="SCORE">100</setvar>
          </respcondition>
        </resprocessing>
      </item>
      <item ident="gdb355aec15c5eb313807cdb71452da5d" title="Question">
        <itemmetadata>
          <qtimetadata>
            <qtimetadatafield>
              <fieldlabel>question_type</fieldlabel>
              <fieldentry>multiple_choice_question</fieldentry>
            </qtimetadatafield>
            <qtimetadatafield>
              <fieldlabel>points_possible</fieldlabel>
              <fieldentry>2.0</fieldentry>
            </qtimetadatafield>
            <qtimetadatafield>
              <fieldlabel>original_answer_ids</fieldlabel>
              <fieldentry>6103,9803,2957,3692</fieldentry>
            </qtimetadatafield>
            <qtimetadatafield>
              <fieldlabel>assessment_question_identifierref</fieldlabel>
              <fieldentry>ge305a50fe9edde102718ba831e060933</fieldentry>
            </qtimetadatafield>
          </qtimetadata>
        </itemmetadata>
        <presentation>
          <material>
            <mattext texttype="text/html">&lt;div&gt;The ________ function returns the coefficients of a regression model.&lt;/div&gt;</mattext>
          </material>
          <response_lid ident="response1" rcardinality="Single">
            <render_choice>
              <response_label ident="6103">
                <material>
                  <mattext texttype="text/plain">coef( )</mattext>
                </material>
              </response_label>
              <response_label ident="9803">
                <material>
                  <mattext texttype="text/plain">lmcoef( )</mattext>
                </material>
              </response_label>
              <response_label ident="2957">
                <material>
                  <mattext texttype="text/plain">lm.coef( )</mattext>
                </material>
              </response_label>
              <response_label ident="3692">
                <material>
                  <mattext texttype="text/plain">rm.coef( )</mattext>
                </material>
              </response_label>
            </render_choice>
          </response_lid>
        </presentation>
        <resprocessing>
          <outcomes>
            <decvar maxvalue="100" minvalue="0" varname="SCORE" vartype="Decimal"/>
          </outcomes>
          <respcondition continue="No">
            <conditionvar>
              <varequal respident="response1">6103</varequal>
            </conditionvar>
            <setvar action="Set" varname="SCORE">100</setvar>
          </respcondition>
        </resprocessing>
      </item>
      <item ident="g94b68641e6a3dd21eccfacfb2dea7e26" title="Question">
        <itemmetadata>
          <qtimetadata>
            <qtimetadatafield>
              <fieldlabel>question_type</fieldlabel>
              <fieldentry>multiple_choice_question</fieldentry>
            </qtimetadatafield>
            <qtimetadatafield>
              <fieldlabel>points_possible</fieldlabel>
              <fieldentry>2.0</fieldentry>
            </qtimetadatafield>
            <qtimetadatafield>
              <fieldlabel>original_answer_ids</fieldlabel>
              <fieldentry>337,291,8217,2355</fieldentry>
            </qtimetadatafield>
            <qtimetadatafield>
              <fieldlabel>assessment_question_identifierref</fieldlabel>
              <fieldentry>gcf5cc1ac9a522f111cd4fc7eae7ed64c</fieldentry>
            </qtimetadatafield>
          </qtimetadata>
        </itemmetadata>
        <presentation>
          <material>
            <mattext texttype="text/html">&lt;div&gt;
&lt;p&gt;The ________ function can be used to determine:&lt;/p&gt;
&lt;ul&gt;
&lt;li&gt;the significance associated with the regression coefficients&lt;/li&gt;
&lt;li&gt;the interpretation of the coefficient of determination&lt;/li&gt;
&lt;/ul&gt;
&lt;/div&gt;</mattext>
          </material>
          <response_lid ident="response1" rcardinality="Single">
            <render_choice>
              <response_label ident="337">
                <material>
                  <mattext texttype="text/plain">summary( )</mattext>
                </material>
              </response_label>
              <response_label ident="291">
                <material>
                  <mattext texttype="text/plain">lm.regress( )</mattext>
                </material>
              </response_label>
              <response_label ident="8217">
                <material>
                  <mattext texttype="text/plain">cor( )</mattext>
                </material>
              </response_label>
              <response_label ident="2355">
                <material>
                  <mattext texttype="text/plain">summarize( )</mattext>
                </material>
              </response_label>
            </render_choice>
          </response_lid>
        </presentation>
        <resprocessing>
          <outcomes>
            <decvar maxvalue="100" minvalue="0" varname="SCORE" vartype="Decimal"/>
          </outcomes>
          <respcondition continue="No">
            <conditionvar>
              <varequal respident="response1">337</varequal>
            </conditionvar>
            <setvar action="Set" varname="SCORE">100</setvar>
          </respcondition>
        </resprocessing>
      </item>
      <item ident="g90c91dd74208cd5dfef7a676925fc94a" title="Question">
        <itemmetadata>
          <qtimetadata>
            <qtimetadatafield>
              <fieldlabel>question_type</fieldlabel>
              <fieldentry>multiple_choice_question</fieldentry>
            </qtimetadatafield>
            <qtimetadatafield>
              <fieldlabel>points_possible</fieldlabel>
              <fieldentry>2.0</fieldentry>
            </qtimetadatafield>
            <qtimetadatafield>
              <fieldlabel>original_answer_ids</fieldlabel>
              <fieldentry>4832,3327,5010,1266</fieldentry>
            </qtimetadatafield>
            <qtimetadatafield>
              <fieldlabel>assessment_question_identifierref</fieldlabel>
              <fieldentry>g35148be8ff03edd381a4ed9da6aff5e6</fieldentry>
            </qtimetadatafield>
          </qtimetadata>
        </itemmetadata>
        <presentation>
          <material>
            <mattext texttype="text/html">&lt;div&gt;Which one of the following choices correctly calculates a 90% confidence interval for the model m?&lt;/div&gt;</mattext>
          </material>
          <response_lid ident="response1" rcardinality="Single">
            <render_choice>
              <response_label ident="4832">
                <material>
                  <mattext texttype="text/plain">confint(m,level=0.9)</mattext>
                </material>
              </response_label>
              <response_label ident="3327">
                <material>
                  <mattext texttype="text/plain">conf(m,cl=0.9)</mattext>
                </material>
              </response_label>
              <response_label ident="5010">
                <material>
                  <mattext texttype="text/plain">interval(ci=0.9, model=m)</mattext>
                </material>
              </response_label>
              <response_label ident="1266">
                <material>
                  <mattext texttype="text/plain">confint(level=0.9, m)</mattext>
                </material>
              </response_label>
            </render_choice>
          </response_lid>
        </presentation>
        <resprocessing>
          <outcomes>
            <decvar maxvalue="100" minvalue="0" varname="SCORE" vartype="Decimal"/>
          </outcomes>
          <respcondition continue="No">
            <conditionvar>
              <varequal respident="response1">4832</varequal>
            </conditionvar>
            <setvar action="Set" varname="SCORE">100</setvar>
          </respcondition>
        </resprocessing>
      </item>
      <item ident="g954d60e5025f7b9990019966ce4de461" title="Question">
        <itemmetadata>
          <qtimetadata>
            <qtimetadatafield>
              <fieldlabel>question_type</fieldlabel>
              <fieldentry>multiple_choice_question</fieldentry>
            </qtimetadatafield>
            <qtimetadatafield>
              <fieldlabel>points_possible</fieldlabel>
              <fieldentry>2.0</fieldentry>
            </qtimetadatafield>
            <qtimetadatafield>
              <fieldlabel>original_answer_ids</fieldlabel>
              <fieldentry>198,8089,7994,5738</fieldentry>
            </qtimetadatafield>
            <qtimetadatafield>
              <fieldlabel>assessment_question_identifierref</fieldlabel>
              <fieldentry>gf47b767d37e06559ff801f2d253307ba</fieldentry>
            </qtimetadatafield>
          </qtimetadata>
        </itemmetadata>
        <presentation>
          <material>
            <mattext texttype="text/html">&lt;div&gt;
&lt;p&gt;The parameters shown below that displayed by the summary function are referred to as the ________.&lt;/p&gt;
&lt;p&gt;&amp;nbsp; &amp;nbsp; &amp;nbsp; &amp;nbsp; &lt;strong&gt;Multiple R-squared:&amp;nbsp; 0.557,&amp;nbsp; Adjusted R-squared:&amp;nbsp; 0.538&lt;/strong&gt;&lt;/p&gt;
&lt;/div&gt;</mattext>
          </material>
          <response_lid ident="response1" rcardinality="Single">
            <render_choice>
              <response_label ident="198">
                <material>
                  <mattext texttype="text/plain">coefficient of determination</mattext>
                </material>
              </response_label>
              <response_label ident="8089">
                <material>
                  <mattext texttype="text/plain">r-squared determinants</mattext>
                </material>
              </response_label>
              <response_label ident="7994">
                <material>
                  <mattext texttype="text/plain">confidence interval</mattext>
                </material>
              </response_label>
              <response_label ident="5738">
                <material>
                  <mattext texttype="text/plain">level of confidence</mattext>
                </material>
              </response_label>
            </render_choice>
          </response_lid>
        </presentation>
        <resprocessing>
          <outcomes>
            <decvar maxvalue="100" minvalue="0" varname="SCORE" vartype="Decimal"/>
          </outcomes>
          <respcondition continue="No">
            <conditionvar>
              <varequal respident="response1">198</varequal>
            </conditionvar>
            <setvar action="Set" varname="SCORE">100</setvar>
          </respcondition>
        </resprocessing>
      </item>
      <item ident="gdc7b21624fd9a12bb0bbd44a854dc856" title="Question">
        <itemmetadata>
          <qtimetadata>
            <qtimetadatafield>
              <fieldlabel>question_type</fieldlabel>
              <fieldentry>multiple_choice_question</fieldentry>
            </qtimetadatafield>
            <qtimetadatafield>
              <fieldlabel>points_possible</fieldlabel>
              <fieldentry>2.0</fieldentry>
            </qtimetadatafield>
            <qtimetadatafield>
              <fieldlabel>original_answer_ids</fieldlabel>
              <fieldentry>8412,6648,7603,6775</fieldentry>
            </qtimetadatafield>
            <qtimetadatafield>
              <fieldlabel>assessment_question_identifierref</fieldlabel>
              <fieldentry>g7ecb7347cc42dcb3ce5ffec222a465a2</fieldentry>
            </qtimetadatafield>
          </qtimetadata>
        </itemmetadata>
        <presentation>
          <material>
            <mattext texttype="text/html">&lt;div&gt;The first argument to predict( ) must be the ________.&lt;/div&gt;</mattext>
          </material>
          <response_lid ident="response1" rcardinality="Single">
            <render_choice>
              <response_label ident="8412">
                <material>
                  <mattext texttype="text/plain">fitted model</mattext>
                </material>
              </response_label>
              <response_label ident="6648">
                <material>
                  <mattext texttype="text/plain">coefficient of determination</mattext>
                </material>
              </response_label>
              <response_label ident="7603">
                <material>
                  <mattext texttype="text/plain">level of confidence</mattext>
                </material>
              </response_label>
              <response_label ident="6775">
                <material>
                  <mattext texttype="text/plain">correlation coefficient</mattext>
                </material>
              </response_label>
            </render_choice>
          </response_lid>
        </presentation>
        <resprocessing>
          <outcomes>
            <decvar maxvalue="100" minvalue="0" varname="SCORE" vartype="Decimal"/>
          </outcomes>
          <respcondition continue="No">
            <conditionvar>
              <varequal respident="response1">8412</varequal>
            </conditionvar>
            <setvar action="Set" varname="SCORE">100</setvar>
          </respcondition>
        </resprocessing>
      </item>
    </section>
  </assessment>
</questestinterop>
